genus,H1,H2,H3,H4,H5,H6,H7,H8,H9,H10,H11,H12,H13,H14,H15,H16,P1,P2,P3,P4,P5,P6,P7,P8,P9,P10,P11,P12,P13,P14,P15,P16,P17,P18
1921_2,11,0,0,0,0,1,0,0,0,0,0,0,0,14,0,0,0,0,0,0,0,0,0,0,0,0,0,0,0,0,0,0,0,0
1921_3,10,0,0,0,0,0,0,0,0,0,2,0,0,0,0,0,0,0,0,0,0,0,0,0,0,0,0,0,0,0,0,0,12,0
2013Ark19i,0,0,0,0,0,0,0,7,0,0,0,0,0,1,0,0,0,0,0,0,0,0,0,0,0,0,0,0,0,0,0,0,0,0
28_4,24,0,0,7,0,67,84,7,0,0,7,0,0,6,0,0,0,0,0,0,31,0,114,0,0,0,0,0,0,0,86,0,0,98
28_YEA_48,0,0,0,0,0,0,0,3,0,0,0,0,0,0,0,0,0,0,0,0,0,0,0,0,0,0,0,0,0,0,0,0,0,0
A2,0,0,0,0,0,3,0,0,0,0,0,0,2,0,0,0,0,0,0,0,0,0,0,0,0,0,0,0,0,0,0,0,0,0
ADurb.Bin063_1,0,5,0,0,0,4,0,0,0,0,3,0,2,5,0,0,0,0,0,0,0,0,0,0,0,0,0,0,0,0,0,0,0,20
ADurb.Bin118,0,0,0,0,0,0,0,3,0,0,0,0,0,0,0,0,0,0,0,0,0,0,0,0,0,0,0,0,0,0,0,0,0,0
AKYG587,0,0,0,0,0,0,30,4,0,0,0,0,2,0,0,0,0,0,0,0,63,0,0,0,0,2,0,0,0,0,0,0,0,0
ASF356,0,0,0,0,0,0,0,0,0,0,0,0,0,0,0,0,0,0,0,0,0,4,0,0,0,0,0,0,0,0,0,0,0,0
Abditibacterium,0,0,0,0,0,0,0,0,0,0,0,0,2,0,0,0,0,0,0,0,0,0,0,0,0,0,0,0,0,0,0,0,0,0
Abiotrophia,28,0,0,0,0,0,0,0,0,0,0,99,2,0,8,29,0,0,0,0,0,22,0,79,0,0,0,0,19,0,0,0,74,0
Ac37b,0,0,0,0,0,4,0,0,0,0,3,0,2,0,0,0,0,0,0,0,0,0,0,0,0,0,0,0,0,0,0,0,0,0
Acetatifactor,0,0,0,3,0,0,4,0,0,0,13,0,0,0,0,0,0,0,0,0,0,0,0,0,0,0,0,0,0,0,0,0,0,0
Acetitomaculum,0,0,0,0,0,24,0,0,0,0,0,0,0,0,0,0,0,0,0,0,0,0,0,0,0,0,0,0,9,0,0,0,0,0
Acetobacter,7,0,0,0,0,0,0,0,0,0,0,0,5,8,0,0,0,0,0,0,0,0,0,0,0,0,0,0,0,0,0,0,0,0
Acetobacteraceae_bacterium_WX59,0,0,0,0,0,0,0,0,0,0,3,0,0,0,0,0,0,0,0,0,0,0,0,0,0,0,0,0,0,0,0,0,0,0
Acetobacterium,0,0,0,0,0,0,0,1,0,0,0,0,0,0,0,0,0,0,0,0,0,0,0,0,0,0,0,0,0,0,0,0,0,0
Acholeplasma,0,0,0,0,0,0,0,0,0,0,355,0,4,4,0,0,104,0,6,92,131,18,0,0,0,0,373,0,0,4,0,0,0,0
Achromobacter,0,3,0,10,0,8,8,19,0,0,15,0,15,16,0,0,0,0,0,4,0,0,0,0,22,0,0,0,0,0,2,0,0,137
Acidaminococcus,0,0,0,0,0,0,14,0,0,0,0,0,0,0,0,0,0,0,0,0,0,0,0,0,0,0,0,0,0,0,25,0,0,0
Acidibacter,50,0,1,6,0,8,97,12,0,107,28,0,75,4,0,0,0,3,0,0,21,0,2,0,0,0,0,6,0,0,0,0,0,0
Acidicapsa,0,0,0,0,0,0,0,2,0,0,0,0,0,0,0,0,0,0,0,0,0,0,0,0,0,0,0,0,0,0,0,0,0,0
Acidiphilium,0,0,0,0,0,0,44,0,0,0,0,0,0,0,0,0,0,18,0,0,0,0,0,0,209,0,0,0,0,0,0,0,0,0
Acidipila_Silvibacterium,0,10,0,0,0,2,0,26,21,28,0,0,0,0,0,0,0,0,5,0,0,11,0,0,0,0,0,0,0,0,0,0,0,0
Acidisphaera,23,0,0,0,0,0,0,0,0,0,0,0,0,0,0,0,0,17,0,0,0,0,0,0,0,9,0,0,0,0,0,0,0,30
Aciditerrimonas,0,0,0,0,0,0,0,0,0,0,0,0,0,4,0,0,0,0,0,0,0,0,0,0,0,0,0,0,0,0,0,0,0,0
Acidocella,5,0,0,0,0,0,0,0,0,0,0,0,0,0,0,0,0,0,0,0,0,0,0,0,0,0,0,0,0,0,0,0,0,0
Acidothermus,50,17,0,0,19,0,28,8,0,0,0,0,0,10,0,0,0,0,0,0,0,16,0,0,0,9,0,0,0,0,0,0,0,0
Acidovorax,52,0,20,0,0,0,74,21,0,0,3,0,20,4,0,0,0,0,3,0,0,0,0,0,0,0,0,0,0,0,0,0,0,50
Acinetobacter,52,4,0,16,2,1193,51,1743,3,0,940,0,1125,1001,35,13,11,0,4,1,23,9,0,0,276,19,3,0,0,0,32,0,9,133
Actinoallomurus,0,4,0,0,0,0,0,0,0,0,0,0,0,0,0,0,0,0,0,0,0,0,0,0,0,0,0,0,0,0,0,0,0,0
Actinobacillus,0,5723,259,0,498,2089,0,127,0,23,4,54,34,30,0,3423,2176,36,3920,1583,329,12687,0,5355,0,661,0,474,594,0,0,124,13340,0
Actinocorallia,0,0,0,0,0,0,7,0,0,0,0,0,0,0,0,0,0,0,0,0,0,0,0,0,0,0,0,0,0,0,1,0,0,0
Actinomadura,0,0,0,0,0,1,0,0,0,0,2,0,5,3,0,0,0,0,0,0,0,0,0,0,0,0,0,0,0,0,0,0,0,0
Actinomyces,6211,706,1567,985,977,500,56,164,612,721,380,956,1775,303,1522,999,10975,1387,1168,1822,1009,367,321,1827,0,1860,933,252,2562,739,811,686,1954,0
Actinophytocola,0,0,0,0,0,0,0,0,0,0,0,0,0,0,0,0,0,0,0,0,0,0,0,0,0,0,6,0,0,0,0,0,0,0
Actinoplanes,0,5,0,0,0,3,0,0,0,0,0,0,0,0,0,0,0,0,0,0,0,0,0,0,0,0,0,0,0,0,0,0,0,5
Actinospica,6,0,0,0,0,0,0,0,0,0,0,0,0,0,0,0,0,0,0,0,0,0,0,0,0,0,0,0,0,0,15,0,0,0
Actinotalea,0,0,0,0,0,0,0,0,0,0,0,0,0,2,0,0,0,0,0,0,0,0,0,0,0,0,0,0,0,0,0,0,0,0
Adhaeribacter,2,0,0,0,0,1,57,0,0,0,0,0,0,2,0,0,0,0,0,0,0,0,190,0,0,0,0,0,0,0,0,0,0,41
Adlercreutzia,6,0,0,0,0,0,11,0,0,0,0,0,0,0,0,0,0,0,0,0,0,0,0,0,0,0,0,0,0,0,0,0,0,0
Aequorivita,0,0,0,0,0,0,0,0,0,0,2,0,0,0,0,0,0,0,0,0,0,0,0,0,0,0,0,0,0,0,0,0,0,0
Aeriscardovia,0,0,0,0,0,0,0,0,0,0,0,0,0,0,0,0,0,0,0,0,0,0,0,0,0,0,0,0,0,0,0,0,0,49
Aerococcus,0,0,0,0,0,7,3,4,0,9,5,0,2,1,0,0,0,0,0,0,0,0,0,0,273,0,0,0,0,0,0,0,0,55
Aeromicrobium,89,43,37,0,0,5,61,1,44,0,8,0,3,0,0,0,0,0,0,3,106,0,0,0,0,0,0,0,0,0,0,0,0,83
Aeromonas,0,0,0,0,0,6,24,195,0,0,0,3,6,0,0,0,0,0,0,0,0,0,0,0,0,0,0,0,0,0,0,0,0,137
Aestuariibacter,17,0,0,0,0,0,0,0,0,0,0,0,0,0,0,0,0,0,0,0,0,0,0,0,0,0,0,0,0,0,0,0,0,0
Aestuariimicrobium,0,0,0,0,0,0,0,0,0,0,0,0,0,0,0,0,7,0,0,0,0,0,0,0,0,0,0,0,0,0,0,0,0,0
Afifella,0,0,0,0,0,0,0,1,0,0,0,0,0,0,0,0,0,0,0,0,0,0,0,0,0,0,0,0,0,0,0,0,0,0
Afipia,0,0,0,0,0,0,0,0,0,0,0,0,34,0,0,0,0,0,0,0,0,0,0,0,0,0,0,0,0,0,0,0,0,0
Agathobacter,0,0,0,0,0,21,33,7,0,27,10,0,18,0,0,0,0,0,0,0,0,0,0,0,0,0,0,0,0,0,0,0,0,0
Aggregatibacter,174,380,324,6558,677,0,10,460,973,198,454,1169,320,178,1035,1470,1059,2023,648,725,443,1096,385,2673,0,350,654,301,1163,393,471,912,554,0
Aggregicoccus,0,0,0,0,0,0,15,0,0,0,0,0,1,0,0,0,0,0,0,0,2,0,0,0,2,0,0,0,0,0,0,0,0,0
Agreia,0,0,0,0,0,0,18,0,0,0,0,0,0,0,0,0,0,0,0,0,0,0,0,0,0,0,0,0,0,0,0,0,0,0
Agrococcus,0,0,0,0,0,0,1,0,0,0,2,0,0,0,0,0,0,0,0,0,0,0,0,0,0,0,0,0,0,0,0,0,0,0
Agromyces,7,0,0,0,0,31,52,38,0,0,19,0,12,29,0,0,0,0,0,0,0,0,162,2,0,0,0,0,0,0,0,89,0,0
Ahniella,0,0,0,0,0,21,16,0,0,0,9,0,2,3,0,0,0,0,0,0,0,0,0,0,0,0,0,0,0,0,0,0,0,0
Akkermansia,53,0,0,0,0,64,283,30,0,2,91,0,41,19,0,0,0,0,0,3,3,10,1,0,127,0,0,0,0,0,51,0,0,97
Alcaligenes,0,0,0,0,0,0,0,2,0,0,0,0,0,0,0,0,0,0,0,0,0,0,0,0,0,0,0,0,0,0,0,0,0,0
Algibacter,17,0,0,0,0,0,0,0,0,0,0,0,0,0,0,0,0,0,0,0,0,0,0,0,0,0,0,0,0,0,0,0,0,0
Algoriphagus,0,0,0,0,0,0,51,0,0,0,0,0,0,2,0,0,0,0,0,0,2,0,0,0,3,0,0,0,0,0,0,0,0,0
Alicycliphilus,0,0,0,0,0,0,0,0,0,0,2,0,0,0,0,0,0,0,0,0,0,0,0,0,0,0,0,0,0,0,0,0,0,0
Alicyclobacillus,0,0,0,0,0,0,0,3,0,0,0,0,0,0,0,0,0,0,0,0,0,0,0,0,0,0,0,0,0,0,0,0,0,0
Aliidongia,0,0,0,0,0,0,0,0,0,0,7,0,0,0,0,0,0,0,0,0,0,0,0,0,0,0,0,0,0,0,0,0,0,0
Aliifodinibius,9,0,0,0,0,0,0,0,0,0,0,0,0,0,0,0,0,0,0,0,0,0,0,0,0,0,0,0,0,0,0,0,0,0
Aliihoeflea,0,0,0,0,0,0,0,0,0,0,0,0,0,0,0,0,0,0,0,0,0,3,0,0,0,0,0,0,0,0,0,0,0,0
Alistipes,42,0,0,0,0,150,301,20,0,0,18,0,40,21,0,0,0,0,0,0,1,0,494,0,4,0,0,1,0,0,97,0,0,329
Aliterella,0,0,0,0,0,0,0,0,0,0,0,0,0,0,0,0,0,0,0,0,0,0,0,0,0,0,0,0,0,0,7,0,0,0
Alloactinosynnema,0,0,0,0,0,0,0,0,0,0,0,0,3,0,0,0,0,0,0,0,0,0,0,0,0,0,0,0,0,0,0,0,0,0
Allobaculum,0,0,0,0,0,5,12,13,0,0,22,0,6,7,0,0,0,0,0,0,0,0,0,0,0,0,0,4,0,0,81,0,0,160
Allokutzneria,0,0,0,0,0,0,0,0,0,0,0,0,0,0,0,0,0,0,0,0,17,0,0,0,0,0,0,0,0,0,0,0,0,0
Alloprevotella,90,168,920,65,1,84,427,299,245,124,167,351,118,327,278,5399,73,353,98,668,340,259,87,144,207,558,119,1,179,327,283,167,96,80
Allorhizobium_Neorhizobium_Pararhizobium_Rhizobium,0,0,0,10,0,5,58,11,0,0,4,0,16,10,0,0,0,0,0,0,36,0,0,0,0,0,0,0,0,0,22,0,0,0
Alphaproteobacteria_bacterium,0,0,0,0,0,0,0,0,0,0,2,0,0,0,0,0,0,0,0,0,0,0,0,0,0,0,0,0,0,0,0,0,0,0
Alphaproteobacteria_bacterium_canine_oral_taxon_081,0,0,0,0,0,0,0,0,0,0,0,0,0,0,0,0,0,0,36,0,0,0,0,0,0,0,38,0,0,0,0,0,0,0
Alsobacter,0,0,0,0,0,0,0,0,0,0,5,0,0,0,0,0,0,0,0,0,0,0,0,0,0,0,0,0,0,0,0,0,0,0
Altererythrobacter,23,0,3,0,0,0,158,0,0,10,0,0,0,0,0,0,0,0,0,18,10,0,106,0,4,0,0,0,0,0,0,0,0,90
Alteromonas,0,0,1,0,0,0,0,6,0,0,3,0,2,4,0,0,0,0,0,0,0,0,0,0,0,0,0,0,0,0,0,0,0,0
Amaricoccus,0,0,0,0,0,0,27,0,0,0,0,0,0,0,0,0,0,0,0,20,0,0,0,0,0,0,0,0,0,0,0,0,0,0
Aminivibrio,0,0,0,0,0,8,0,0,0,0,1,0,0,7,0,0,0,0,0,0,0,0,0,0,0,0,0,0,0,0,0,0,0,0
Aminobacter,0,0,0,0,0,9,13,0,16,0,5,0,0,2,0,0,0,0,0,0,0,0,0,0,0,0,0,0,0,0,0,0,0,0
Ammoniibacillus,0,0,0,0,0,0,0,0,0,0,0,0,4,0,0,0,0,0,0,0,0,0,0,0,0,0,0,0,0,0,0,0,0,4
Amnipila,7,7,4,0,0,0,0,0,2,0,0,0,7,0,0,5,0,0,0,0,0,0,0,0,0,10,9,0,0,0,0,0,0,0
Amphiplicatus,0,0,0,0,0,4,0,0,0,0,0,0,0,0,0,0,0,0,0,0,0,0,0,0,0,0,0,0,0,0,0,0,0,0
Amphritea,0,0,0,0,0,5,0,0,0,0,0,0,0,0,0,0,0,0,0,0,0,0,0,0,0,0,0,0,0,0,0,0,0,0
Amycolatopsis,18,0,0,0,0,0,0,0,0,0,20,0,0,0,0,0,0,0,0,0,0,0,0,0,0,0,0,0,0,0,0,0,0,0
Amylolactobacillus,3,0,0,0,0,0,0,0,0,0,0,0,0,0,0,0,0,0,0,0,0,0,0,0,0,0,0,0,0,0,0,0,0,0
Anaerococcus,0,0,0,0,0,5,5,5,0,0,2,0,2,0,0,0,1,0,0,0,13,0,0,0,19,0,0,0,0,0,0,0,0,0
Anaerocolumna,0,0,0,0,0,0,0,0,0,0,0,0,0,0,0,26,0,0,0,0,0,0,0,0,0,0,0,0,0,0,0,0,0,0
Anaerofilum,0,0,0,0,0,0,0,0,0,0,0,0,0,0,0,0,0,0,0,0,0,0,0,0,0,0,0,0,0,0,0,0,0,0
Anaeroglobus,8,0,1,2,0,0,0,0,3,0,0,0,0,0,0,0,0,22,12,0,0,7,0,12,0,10,9,0,23,19,40,0,0,0
Anaerolinea,0,0,0,0,0,0,0,0,0,0,0,0,0,0,0,0,0,0,0,0,0,0,0,0,0,7,0,7,0,0,0,0,0,0
Anaeromyxobacter,5,0,0,0,0,4,0,2,0,0,3,0,2,0,0,0,0,0,0,0,0,0,0,0,0,0,0,0,0,0,0,0,0,0
Anaeroplasma,0,0,0,0,0,0,7,0,0,0,0,0,0,1,0,0,0,0,0,0,0,0,0,0,0,1,0,0,0,0,0,0,0,0
Anaerostipes,0,0,0,0,0,2,71,4,13,0,2,0,0,1,0,0,0,12,0,0,0,0,0,0,0,0,0,0,0,0,32,0,0,3
Anaerotruncus,0,7,0,0,0,0,18,0,0,0,0,0,0,2,0,0,0,0,0,0,49,0,0,0,0,0,0,0,0,0,0,0,0,29
Anaerovibrio,0,3,0,0,0,0,0,0,0,0,0,0,0,0,0,0,0,0,0,0,0,0,0,0,0,0,0,0,0,0,0,0,0,0
Anaerovorax,0,0,0,0,0,2,0,0,0,0,0,0,0,0,0,0,8,0,0,0,0,0,0,0,0,0,0,0,0,0,3,0,0,0
Ancylobacter,0,0,0,0,0,0,0,0,0,0,0,0,0,0,0,0,0,0,0,0,0,0,10,0,0,0,0,0,0,0,0,0,0,0
Aneurinibacillus,0,0,0,0,0,0,0,0,2,0,0,0,0,0,0,0,0,0,0,0,0,0,0,0,0,0,0,0,0,0,0,0,0,0
Anoxybacillus,0,0,0,0,0,0,0,0,0,0,0,0,0,0,0,3,0,0,0,0,0,0,0,0,0,0,28,0,0,0,0,97,0,0
Anseongella,0,0,0,0,0,0,0,0,0,0,0,0,0,0,0,0,0,0,0,0,22,0,0,0,0,0,0,0,0,0,0,0,0,0
Antarctobacter,6,0,0,0,0,0,0,0,0,0,0,0,0,0,0,0,0,0,0,0,0,0,0,0,0,0,0,0,0,0,0,0,0,0
Aphanizomenon_NIES81,0,0,0,0,0,137,28,98,0,0,92,0,128,43,0,0,0,0,0,0,0,0,0,0,0,0,0,0,0,0,0,0,0,0
Apibacter,0,0,0,0,0,0,64,0,0,0,0,0,0,0,0,0,0,0,0,0,0,0,0,0,0,0,0,0,0,0,0,0,0,0
AqS1,0,0,0,0,0,0,0,0,0,0,2,0,0,0,0,0,0,0,0,0,0,0,0,0,0,0,0,0,0,0,0,0,0,0
Aquabacterium,5,0,0,0,0,0,20,2,0,0,2,0,7,3,0,0,0,0,0,0,38,0,0,0,0,0,0,0,0,0,0,0,0,0
Aquamicrobium,0,0,0,0,0,115,0,95,0,0,97,0,157,139,0,0,0,0,0,0,0,0,0,0,0,0,0,0,0,0,0,0,0,0
Aquibacter,0,6,0,0,0,0,0,0,0,0,2,0,0,0,0,0,0,0,0,0,0,0,0,0,0,0,0,0,0,0,0,0,0,0
Aquicella,0,0,0,0,0,0,27,0,0,0,5,0,0,1,0,0,0,0,0,0,0,0,0,0,0,0,0,0,0,0,0,0,0,0
Aquisphaera,0,0,0,0,0,0,0,0,0,0,0,0,0,0,0,0,0,0,0,0,0,0,0,0,114,0,0,0,0,0,0,0,0,0
Arachidicoccus,0,0,0,0,0,0,0,3,0,0,0,0,0,0,0,0,0,0,0,0,0,0,0,0,0,0,0,0,0,0,0,0,0,0
Arboricoccus,0,0,0,0,0,0,0,0,0,0,0,0,0,0,0,0,0,0,0,0,9,0,0,0,0,0,0,0,0,0,0,0,0,0
Arcanobacterium,0,0,0,0,0,0,0,1,0,0,0,0,0,0,0,0,0,0,0,0,0,0,0,0,0,0,0,0,0,0,0,0,0,0
Archangium,0,0,0,0,0,0,17,0,0,0,3,0,0,0,0,0,0,5,0,0,102,0,0,0,0,0,0,0,0,0,0,0,0,0
Arcobacter,0,0,0,0,0,4,0,0,0,0,0,0,6,0,0,0,0,0,0,0,0,0,0,0,0,0,0,0,0,0,0,0,0,0
Arenimonas,3,0,0,1,0,0,12,2,0,0,5,0,1,0,0,0,0,0,0,0,36,0,0,0,0,0,0,0,0,0,0,0,0,0
Aridibacter,0,0,0,0,0,0,23,9,0,0,13,0,0,8,0,0,0,0,0,0,0,0,0,0,0,0,0,0,0,0,0,0,0,10
Armatimonas,0,0,0,0,0,12,0,13,0,0,7,0,4,7,0,0,0,0,0,0,0,0,0,0,0,0,0,0,0,0,0,0,0,0
Arsenophonus,0,0,0,0,0,2,0,0,0,0,0,0,0,0,0,0,0,0,0,0,0,0,0,0,0,0,0,0,0,0,0,0,0,0
Arthrobacter,17,2,0,0,0,7,40,0,0,0,3,0,0,0,0,0,8,0,0,2,12,0,0,0,0,0,0,0,0,0,0,0,0,100
Asteroleplasma,0,0,0,0,0,0,0,0,0,0,0,0,0,0,0,0,0,0,0,0,0,0,0,0,0,0,0,0,0,0,0,0,0,52
Asticcacaulis,16,8,0,0,0,0,0,0,0,0,0,0,0,0,0,0,0,0,4,0,0,0,0,0,0,0,0,0,0,0,0,0,11,0
Atlantibacter,0,0,0,0,0,0,0,0,0,0,28,0,0,0,0,0,0,0,0,5,0,0,0,0,0,0,0,0,0,0,0,0,0,0
Atopobium,13,0,5,0,0,5,0,1,19,20,6,0,21,4,68,6,0,0,2,3,22,0,0,0,0,24,27,0,5,28,0,0,0,0
Atopostipes,0,0,0,0,0,0,8,0,0,0,0,0,0,0,0,0,0,0,0,0,0,0,0,0,0,0,0,0,0,0,0,0,0,0
Aurantimonas,0,0,0,0,0,0,0,0,0,0,0,0,0,0,0,0,0,0,0,0,0,0,0,0,0,0,0,0,0,0,0,110,0,0
Aurantisolimonas,0,0,0,0,0,0,0,0,0,0,2,0,0,0,0,0,0,0,0,0,8,0,0,0,0,0,0,0,0,0,0,0,0,0
Azoarcus,0,0,0,0,0,0,0,0,0,0,2,0,2,0,0,0,0,0,0,0,0,0,0,0,0,0,0,0,0,0,0,0,0,0
Azohydromonas,0,0,0,0,0,0,11,0,0,0,0,0,0,0,0,0,0,0,0,0,0,0,0,0,3,0,0,0,0,0,0,0,0,52
Azospira,0,0,0,5,0,0,0,0,0,0,0,0,0,0,0,0,0,0,0,0,0,0,0,0,0,0,0,0,0,0,0,0,0,0
Azospirillum_sp._47_25,0,0,0,0,0,0,21,0,0,0,0,0,0,0,0,0,0,0,0,0,0,0,0,0,0,0,0,0,0,0,0,0,0,0
Azotobacter,0,0,0,0,10,0,0,0,0,26,0,0,0,0,0,0,0,0,0,0,0,0,0,2,0,0,0,0,0,0,0,0,0,0
BD1_7_clade,0,0,0,0,0,8,0,1,0,0,1,0,3,6,0,0,0,0,0,0,0,0,0,0,0,0,0,0,0,0,0,0,0,0
BIyi10,0,0,0,0,0,0,11,0,0,0,0,0,0,0,0,0,0,0,0,0,0,0,2,0,0,0,0,0,0,0,0,0,0,0
BacC_u_018,19,0,0,0,0,7,19,0,0,0,0,0,0,0,0,0,0,0,0,0,0,0,0,0,0,0,0,0,0,0,0,0,0,0
Bacillus,27,15,3,2,0,243,500,210,1,4,202,2,261,137,0,0,6,0,3,3,442,0,3844,3,4793,0,7,5,0,4,321,1525,0,2327
Bacteroidales_bacterium_Bact_22,0,0,0,0,0,10,0,0,0,0,0,0,0,0,0,0,0,0,0,0,0,0,0,0,0,0,0,0,0,0,0,0,0,0
Bacteroides,89,19,4,0,10,130,1046,133,1,0,113,4,96,66,0,0,96,13,1,14,538,13,232,0,877,0,0,1,0,1,501,337,8,640
Bacteroidetes_bacterium_OLB10,0,0,0,0,0,9,0,0,0,0,0,15,0,0,0,0,0,0,0,0,0,0,0,0,0,1,0,0,0,0,0,0,0,0
Bacteroidetes_bacterium_OLB9,0,0,0,0,0,0,0,0,0,0,0,0,0,23,0,0,0,0,0,0,0,6,0,0,0,0,0,0,0,0,0,0,0,0
Bacteroidia_bacterium_feline_oral_taxon_141,0,0,0,0,0,0,0,0,0,0,0,0,0,0,0,0,0,0,26,0,0,0,0,0,0,0,0,0,0,2,10,0,0,0
Barnesiella,0,0,0,0,0,8,0,0,0,0,3,0,0,1,0,0,0,0,0,0,0,0,0,0,0,0,0,0,0,0,0,0,0,7
Bartonella,0,0,0,0,0,108,0,93,0,0,117,0,105,86,0,0,0,0,0,0,0,0,0,0,0,0,0,0,0,0,0,0,0,10
Bauldia,0,0,0,0,0,0,0,0,0,0,0,0,0,0,0,0,0,0,0,0,25,0,0,0,0,0,0,0,0,0,0,5,17,0
Bdellovibrio,11,0,0,2,0,4,29,0,1,0,6,0,2,3,0,0,6,0,0,0,23,0,12,0,0,0,0,1,0,2,0,0,0,52
Beijerinckia,5,0,0,0,0,0,0,0,0,0,0,0,0,0,0,0,0,0,0,0,0,0,0,0,0,0,0,0,0,0,0,0,0,0
Belnapia,0,0,0,0,0,0,0,6,0,0,0,0,0,2,0,0,0,0,0,0,0,0,0,0,0,0,0,0,0,0,0,0,0,0
Bergeyella,57,358,274,277,186,158,7,26,147,118,2776,57,41,567,134,398,94,53,1536,208,244,120,0,342,0,66,74,81,292,51,338,143,120,0
Bifidobacterium,14,0,0,2,14,47,143,28,40,0,37,0,48,24,0,0,0,0,0,0,48,0,658,0,3,0,0,0,28,4,115,0,15,33
Bilophila,0,0,0,0,0,0,65,0,0,0,0,0,0,1,0,0,0,0,0,0,33,0,0,0,2,21,0,0,0,0,0,0,0,0
Blastocatella,0,0,0,0,0,28,19,0,0,0,0,0,12,4,0,0,0,0,0,0,0,0,0,0,0,0,0,0,0,0,38,0,0,0
Blastochloris,0,0,0,0,7,0,0,0,0,0,0,0,0,2,0,0,0,0,0,0,0,0,0,0,0,0,0,0,0,0,0,0,0,0
Blastococcus,0,0,0,0,0,0,164,0,0,0,4,0,0,0,0,0,0,0,0,0,0,0,0,0,1,0,0,0,0,0,8,67,0,78
Blastomonas,0,0,0,0,0,2,30,0,0,0,0,0,0,0,0,0,0,0,0,0,0,0,0,0,0,0,0,0,0,0,0,0,0,0
Blastopirellula,0,0,0,0,0,3,6,0,0,0,0,0,0,2,0,0,0,0,0,0,0,0,0,0,0,0,0,0,0,0,0,0,0,0
Blautia,0,0,0,0,0,23,182,40,0,0,28,0,0,21,0,0,0,0,0,0,40,0,244,0,277,0,0,0,0,10,53,83,0,155
Bogoriella,0,2,0,0,0,0,0,0,0,0,0,0,0,0,0,0,0,0,0,0,0,0,0,0,0,0,0,0,0,0,0,0,0,0
Bombilactobacillus,0,5,0,0,0,27,0,40,0,0,55,0,64,28,0,0,0,0,0,0,0,0,0,0,0,0,0,0,0,0,0,0,10,0
Bordetella,0,0,0,0,0,59,0,42,0,0,61,0,76,65,0,0,0,0,0,0,0,0,0,0,0,0,0,0,0,0,0,0,0,0
Bosea,0,0,0,0,0,0,36,21,0,0,37,0,26,24,0,0,0,0,0,0,0,0,0,0,0,0,0,0,0,0,0,0,0,0
Brachybacterium,0,0,0,0,0,0,10,0,0,0,0,0,0,0,0,0,0,0,0,0,0,0,0,0,0,0,0,0,0,0,4,0,0,0
Brachymonas,0,0,0,0,0,2,0,0,2,0,0,4,0,0,10,7,7,0,0,0,8,0,0,0,0,0,0,0,0,0,0,0,14,0
Bradyrhizobium,28,0,0,0,0,72,123,68,0,39,52,0,54,74,0,0,0,0,0,0,0,0,3,0,2,2,0,0,0,1,0,0,0,55
Brevibacillus,3,0,0,0,0,0,0,0,0,0,0,0,0,0,0,0,0,0,0,0,0,0,0,0,0,0,0,0,0,0,0,0,0,53
Brevinema,0,0,0,0,0,0,0,3,0,0,3,0,2,0,0,0,0,0,0,0,0,0,0,0,0,0,0,0,0,0,0,0,0,0
Brevundimonas,13,0,0,0,0,142,37,144,0,1,157,3,190,140,0,12,1,2,2,0,109,0,484,0,212,0,0,0,7,0,0,0,0,187
Brooklawnia,0,0,0,0,0,0,0,0,0,0,0,0,0,0,0,0,0,0,0,0,0,0,0,8,0,0,0,0,0,0,0,0,0,0
Brumimicrobium,0,0,0,0,0,0,0,0,0,0,3,0,8,0,0,0,0,0,0,0,0,0,0,0,0,0,0,0,0,0,0,0,0,0
Bryobacter,33,20,1,0,0,22,175,80,0,0,36,6,30,44,0,0,32,13,7,0,20,5,1,0,0,0,1,0,6,10,17,0,56,148
Buchnera,0,0,0,0,0,81,0,74,0,0,90,0,62,72,0,0,0,0,0,0,0,0,0,0,0,0,0,0,0,0,0,0,0,0
Bulleidia,0,0,3,1,0,0,0,0,0,0,3,0,0,2,0,0,0,0,1,0,0,1,0,0,0,0,4,0,0,0,0,14,0,0
Burkholderia_Caballeronia_Paraburkholderia,63,30,18,0,0,11,50,16,0,0,26,0,24,19,0,0,14,0,0,0,9,0,2,0,10,0,0,2,0,0,0,0,0,35
Buttiauxella,0,0,0,0,0,7,0,2,0,0,0,0,0,0,0,0,0,0,0,0,0,0,0,0,0,0,0,0,0,0,0,0,0,0
Butyricicoccus,12,0,0,0,0,0,0,1,0,0,1,0,0,0,0,0,0,0,0,0,0,0,0,0,0,0,0,0,0,0,0,0,0,0
Butyricimonas,0,0,0,0,0,4,66,0,0,0,2,0,2,0,0,0,0,0,0,0,0,0,0,0,0,0,0,0,0,0,0,0,0,93
Butyrivibrio,0,28,0,0,0,27,0,0,0,0,0,0,9,0,0,0,0,8,0,0,0,0,0,0,0,0,0,2,2,0,42,0,0,0
C1_B045,0,0,0,0,0,0,0,0,0,0,0,0,0,0,0,0,0,0,0,0,0,0,0,0,0,0,0,1,0,0,0,0,0,0
CAG_873,0,3,0,0,0,4,4,5,0,0,0,0,10,0,0,0,0,0,0,0,0,0,0,0,0,0,0,0,0,0,0,0,0,41
CHKCI001,0,0,0,0,0,0,0,0,0,0,0,0,0,2,0,0,0,0,0,0,0,0,0,0,0,0,0,0,0,0,0,0,0,0
CI75cm.2.12,0,0,0,0,0,1,0,0,0,0,0,0,0,0,0,0,0,0,0,0,0,0,0,0,0,0,0,0,0,0,0,0,0,0
CK06_06_Mud_MAS4B_21,0,0,0,0,0,0,65,0,0,0,0,0,0,0,0,0,0,0,0,0,0,0,0,0,310,0,0,0,0,0,0,0,0,0
CL500_29_marine_group,0,0,7,0,0,0,108,16,0,2,0,0,28,7,0,0,22,0,0,0,13,0,0,0,1,12,0,0,0,0,0,0,0,0
CL500_3,0,0,0,0,0,50,0,26,0,0,24,0,49,8,0,0,0,0,0,0,0,0,0,0,0,0,0,0,0,0,0,0,0,0
Caenimonas,0,0,0,0,0,0,32,0,0,0,4,0,0,0,0,0,0,0,0,0,0,0,11,0,0,0,0,0,0,0,0,0,0,0
Caldalkalibacillus,0,0,0,0,0,0,0,0,0,0,0,0,0,0,0,0,0,0,0,0,0,0,0,0,0,0,0,0,0,0,0,0,0,39
Caldisericum,0,0,0,0,0,1,0,0,0,0,0,0,0,0,0,0,0,0,0,0,0,0,0,0,0,0,0,0,0,0,0,0,0,0
Caldithrix,0,0,0,0,0,0,0,0,0,0,0,0,0,3,0,0,0,0,0,0,0,0,0,0,0,0,0,0,0,0,0,0,0,0
Calorithrix,0,0,0,0,0,0,0,2,0,0,1,0,3,2,0,0,0,0,0,0,0,0,0,0,0,0,0,0,0,0,0,0,0,0
Calothrix_KVSF5,10,0,0,0,0,0,0,0,0,0,0,0,0,0,0,0,0,0,0,0,0,0,0,0,0,0,0,0,0,0,0,0,0,0
Campylobacter,409,340,526,1132,102,24,8,90,255,243,150,145,211,273,929,195,564,1274,467,876,767,1052,2,615,0,368,1118,75,310,577,887,301,251,64
Candidatus_Accumulibacter,0,0,0,0,0,0,0,0,0,0,2,0,0,0,0,0,0,0,0,0,0,0,0,0,0,0,0,0,0,0,0,0,0,0
Candidatus_Actinomarina,0,0,0,0,0,2,0,2,0,0,2,0,6,0,0,0,0,0,0,0,0,0,0,0,2,0,0,0,0,0,0,0,0,0
Candidatus_Alysiosphaera,0,0,0,0,0,3,133,2,0,0,2,0,4,2,0,0,0,0,0,0,1,0,2,0,1,0,0,0,0,0,0,0,0,32
Candidatus_Amoebophilus,0,0,0,0,0,2,0,0,0,0,0,0,0,0,0,0,0,0,0,0,0,0,0,0,0,0,0,0,0,0,0,0,1,0
Candidatus_Aquiluna,7,0,5,0,0,0,177,0,0,0,0,0,0,0,0,0,0,0,0,0,0,0,0,0,0,0,0,0,0,0,0,0,0,0
Candidatus_Arthromitus,0,0,0,0,0,3,0,9,0,0,6,0,3,5,0,0,0,0,0,0,81,0,0,0,0,0,0,0,0,0,0,0,0,0
Candidatus_Babela,0,0,0,0,0,3,0,2,0,0,0,0,3,0,0,0,0,0,0,0,0,0,0,1,0,0,0,0,0,0,0,0,0,0
Candidatus_Bealeia,0,0,0,0,0,0,0,0,0,0,0,0,0,0,0,0,0,0,0,0,0,20,0,0,0,0,0,0,0,0,0,0,0,0
Candidatus_Berkiella,0,0,0,0,0,0,0,0,0,0,0,0,3,3,0,0,0,0,0,5,0,0,0,0,0,0,0,0,0,0,0,0,10,0
Candidatus_Caldatribacterium,0,0,0,0,0,0,0,0,0,0,2,0,0,0,0,0,0,0,0,0,0,0,0,0,0,0,0,0,0,0,0,0,0,0
Candidatus_Chloroploca,0,0,0,0,0,6,0,2,0,0,0,0,0,0,0,0,0,0,0,0,0,0,0,0,0,0,0,0,0,0,0,0,0,0
Candidatus_Cloacimonas,0,0,0,0,0,144,0,101,0,0,106,0,85,113,0,0,0,0,0,0,0,0,0,0,0,0,0,0,0,0,0,0,0,0
Candidatus_Competibacter,0,0,0,0,3,3,0,0,0,0,2,0,2,0,0,0,0,13,0,0,0,0,0,0,0,0,0,3,0,22,0,0,37,0
Candidatus_Fonsibacter_ubiquis,0,0,0,0,0,0,0,0,0,0,1,0,1,0,0,0,0,0,0,0,0,0,0,0,0,0,0,0,0,0,0,0,0,0
Candidatus_Hamiltonella,0,0,0,0,0,2,0,0,0,0,1,0,6,0,0,0,0,0,0,0,0,0,0,0,0,0,0,0,0,0,0,0,0,0
Candidatus_Koribacter,73,2,0,0,14,11,20,5,0,246,7,0,7,10,0,0,0,0,6,10,31,0,0,0,185,2,19,0,0,0,0,0,2,45
Candidatus_Megaira,0,0,0,0,0,0,0,0,0,0,0,0,2,0,0,0,0,0,0,0,0,0,0,0,0,0,0,0,0,0,0,0,0,0
Candidatus_Mesochlamydia,0,0,0,0,0,4,9,0,0,0,0,0,0,0,0,0,0,0,0,0,0,0,0,0,0,0,0,0,0,0,0,0,0,0
Candidatus_Methylopumilus,7,0,0,0,0,0,0,3,0,0,0,0,0,0,0,0,0,0,0,0,0,0,0,0,0,0,0,0,0,0,0,0,0,0
Candidatus_Microthrix,0,0,0,0,0,0,0,2,0,0,3,0,9,0,0,0,12,11,0,0,0,0,0,0,0,2,9,3,0,0,0,0,15,0
Candidatus_Nitrocosmicus,1,2,0,0,0,57,13,54,0,0,18,0,62,102,0,0,0,0,0,0,0,0,0,0,0,0,1,0,0,0,0,0,0,54
Candidatus_Nitrosopelagicus,0,0,0,0,0,0,5,0,0,0,2,0,0,0,0,0,0,0,0,0,0,0,0,0,0,0,0,0,0,0,0,0,0,0
Candidatus_Nitrosopumilus,0,0,0,0,0,8,72,9,0,0,0,0,9,8,0,0,0,0,0,0,3,0,0,0,0,0,0,0,0,0,0,0,0,0
Candidatus_Nitrososphaera,0,0,0,0,0,5,0,0,0,0,0,0,3,0,0,0,0,0,0,0,0,0,0,0,0,0,0,0,0,0,0,0,0,0
Candidatus_Nitrosotalea,0,0,0,0,0,0,2,0,0,0,0,0,0,0,0,0,0,0,0,0,0,0,0,0,0,0,0,0,0,0,0,0,0,0
Candidatus_Nitrosotenuis,0,0,0,0,0,0,0,4,0,0,0,0,1,0,0,0,0,0,0,0,0,0,0,0,0,0,0,0,0,0,0,0,0,0
Candidatus_Nitrotoga,0,0,0,0,0,0,0,0,0,0,2,0,0,0,0,0,0,0,0,0,0,0,0,0,0,0,0,0,0,0,0,0,0,0
Candidatus_Nostocoida,0,0,0,0,0,2,0,0,0,0,0,0,2,8,0,0,0,0,0,0,0,0,11,0,0,0,0,0,0,0,0,0,0,0
Candidatus_Nucleicultrix,0,0,0,0,0,0,0,0,2,0,0,0,0,0,0,0,0,0,0,0,0,0,0,0,0,0,4,0,0,0,0,0,0,0
Candidatus_Obscuribacter,0,0,0,0,0,0,42,3,0,2,3,0,2,4,0,0,0,0,0,0,0,10,0,0,0,0,0,1,0,0,0,0,0,0
Candidatus_Omnitrophus,6,0,0,0,0,2,0,2,0,0,1,0,2,1,0,0,0,0,0,0,0,0,0,0,0,0,0,0,0,0,0,0,0,0
Candidatus_Ovatusbacter,0,0,0,0,0,0,0,0,0,0,0,0,0,0,0,0,0,0,0,0,0,0,0,0,0,0,0,0,0,0,8,0,0,0
Candidatus_Piscichlamydia,0,0,0,0,0,0,0,2,0,0,0,0,0,3,0,0,0,0,0,0,0,0,0,0,0,0,0,0,0,0,0,0,0,0
Candidatus_Saccharimonas,61,16,4,0,3,33,39,11,21,8,70,29,23,10,60,63,94,12,29,32,0,8,20,12,0,12,27,0,9,31,9,0,20,0
Candidatus_Schmidhempelia,0,0,0,0,0,0,0,3,0,0,0,0,0,0,0,0,0,0,0,0,0,0,0,0,0,0,0,0,0,0,0,0,0,0
Candidatus_Soleaferrea,0,0,0,0,0,0,35,0,0,0,1,0,1,0,0,0,0,0,0,0,0,0,0,0,0,0,0,0,0,0,0,0,0,0
Candidatus_Solibacter,68,16,0,0,0,21,206,15,0,100,10,18,26,17,0,0,0,0,0,18,43,0,448,0,4,0,0,0,0,0,16,0,0,0
Candidatus_Sulcia,0,0,0,0,0,0,0,0,0,0,0,4,0,0,0,0,0,0,0,0,0,0,0,0,0,0,0,0,0,0,0,0,0,0
Candidatus_Tammella,0,0,0,0,0,0,0,0,0,0,0,0,0,0,0,0,3,0,2,2,0,0,0,0,0,0,0,0,0,0,0,0,0,0
Candidatus_Thiobios,0,0,0,0,0,2,0,0,0,0,0,0,0,0,0,0,0,0,0,0,0,0,0,0,89,0,0,0,0,0,0,0,0,0
Candidatus_Udaeobacter,0,14,0,0,0,20,64,27,0,0,14,0,10,13,0,0,0,0,0,0,0,0,2,0,0,0,0,9,0,5,0,0,21,0
Capnocytophaga,585,660,2171,1238,469,48,15,310,310,624,73,401,194,54,1973,874,795,386,208,2359,2337,161,123,2044,0,711,112,443,426,666,333,866,720,0
Caproiciproducens,0,0,0,0,0,4,0,4,0,0,2,0,4,2,0,0,0,0,0,0,0,0,0,0,0,0,0,0,0,0,0,0,0,0
Cardiobacterium,238,124,227,122,167,29,17,138,169,39,21,50,43,158,576,82,731,54,44,791,343,31,0,268,0,695,40,144,30,26,52,0,268,0
Carnimonas,0,0,0,0,0,0,0,3,0,0,6,0,4,0,0,0,0,0,0,0,0,0,0,0,0,0,0,0,0,0,0,0,0,0
Carnobacterium,0,0,0,0,0,0,0,0,0,0,0,0,0,5,0,0,0,0,0,0,0,0,0,0,0,0,0,0,0,0,0,0,0,0
Castellaniella,0,0,0,0,0,0,0,17,0,0,0,0,24,4,0,0,0,0,0,0,0,0,0,0,0,0,0,0,0,0,0,0,0,0
Catenibacterium,0,0,0,0,0,0,0,0,0,0,0,0,0,0,0,0,0,0,0,0,0,0,0,0,0,0,0,0,0,0,0,3,0,0
Catenulispora,14,15,0,0,0,0,0,0,0,0,0,0,0,0,0,0,0,0,0,0,0,0,0,0,0,0,0,0,0,0,0,0,0,0
Catonella,6,15,6,16,0,5,0,10,10,14,40,33,14,7,18,15,42,52,19,138,39,188,0,32,0,29,214,0,15,16,83,3,9,0
Caulobacter,4,0,0,0,0,0,16,0,0,0,0,0,0,0,7,0,0,0,0,0,0,0,0,0,0,0,0,0,0,0,0,0,0,0
Celeribacter,0,0,0,0,0,35,0,5,0,0,0,0,0,0,0,0,0,0,0,0,41,0,0,0,0,0,0,0,0,0,0,0,0,0
Cellulomonas,19,7,0,0,0,4,24,10,0,0,0,0,0,9,0,0,0,0,0,0,25,0,0,0,0,0,0,0,0,0,0,0,0,0
Cellulosilyticum,0,0,0,0,0,0,0,0,0,0,0,0,0,0,0,0,0,0,0,0,0,0,0,0,0,0,0,0,0,0,0,0,0,44
Cellulosimicrobium,0,0,0,0,0,34,0,16,0,0,43,0,41,11,0,0,0,0,0,0,0,0,163,0,0,0,0,0,0,0,0,0,0,0
Cellvibrio,5,0,0,0,0,0,6,0,0,0,0,0,2,4,0,0,0,0,0,0,0,0,0,0,0,0,0,0,0,0,0,0,0,0
Cenarchaeum,0,0,0,0,0,0,39,0,0,0,0,0,0,0,0,0,0,0,0,0,0,0,0,0,0,0,0,0,0,0,0,0,0,0
Cerasicoccus,0,0,0,0,0,0,0,0,0,0,0,0,2,0,0,0,0,0,0,0,0,0,0,0,0,0,0,0,0,0,0,0,0,0
Cereibacter,0,0,0,0,0,0,0,0,0,0,0,0,0,0,0,0,0,0,0,10,0,0,0,0,0,0,0,0,0,0,0,0,0,0
Cetobacterium,0,0,0,0,0,66,22,50,0,0,43,0,45,60,0,0,10,1,0,0,0,0,0,0,38,0,0,0,0,0,0,0,0,251
Chelativorans,20,0,0,0,0,0,68,0,0,0,0,0,1,0,0,0,0,0,0,0,0,0,0,0,0,0,0,0,0,0,0,0,0,0
Chelatococcus,0,0,0,0,0,30,18,41,0,0,35,0,39,54,0,0,0,0,0,0,0,0,0,0,0,0,0,0,0,0,0,0,0,0
Chitinophaga,0,0,0,0,0,12,50,2,0,0,5,0,0,7,0,0,0,0,0,0,0,0,0,0,14,0,0,0,0,0,0,0,0,0
Chlorobium,0,0,0,0,0,0,0,1,0,0,0,0,0,0,0,0,0,0,0,0,0,0,0,0,0,0,0,0,0,0,0,0,0,0
Chondromyces,0,0,0,0,0,0,0,0,0,0,0,0,0,0,0,0,0,0,0,0,0,0,0,0,0,0,0,0,0,0,0,0,0,1
Christensenellaceae_R_7_group,6,0,0,0,0,54,332,12,40,0,12,0,13,19,0,0,0,0,0,0,51,0,9,0,372,0,0,0,0,0,21,0,0,75
Chroococcidiopsis_PCC_6712,0,0,0,0,0,0,0,0,0,0,0,0,3,0,0,0,0,0,0,0,0,0,0,0,0,0,0,0,0,0,0,0,0,0
Chroococcidiopsis_SAG_2023,0,0,0,0,0,0,1,0,0,0,0,0,0,0,0,0,0,0,0,0,0,0,0,0,0,0,0,0,0,0,0,0,0,0
Chryseobacterium,0,0,0,0,0,10,45,0,0,0,5,0,0,0,0,0,0,0,0,0,0,0,0,0,0,13,0,0,0,0,0,0,0,0
Chryseolinea,13,0,0,0,0,2,19,0,0,0,0,0,0,5,0,0,0,0,0,0,1,0,35,0,0,0,0,0,0,0,20,0,0,28
Chryseomicrobium,0,0,0,0,0,0,14,0,0,0,0,0,0,0,0,0,0,0,0,0,0,0,0,0,0,0,0,0,0,0,0,0,0,0
Chthoniobacter,0,0,0,0,0,6,26,7,0,0,8,0,5,0,0,0,0,0,0,0,3,0,0,0,0,0,0,0,0,0,6,0,0,42
Chthonomonas,0,0,0,0,0,2,26,0,0,0,0,0,0,0,0,0,0,0,0,0,0,0,0,0,0,0,0,0,0,0,0,0,0,0
Chujaibacter,0,0,0,0,0,0,0,0,0,0,0,0,1,0,0,3,0,0,0,0,0,3,0,0,0,0,0,0,0,0,0,0,0,0
Citrifermentans,0,0,0,0,0,3,14,0,0,0,0,0,0,0,0,0,0,0,0,0,0,0,0,0,0,0,0,0,0,0,0,0,0,0
Citrobacter,0,0,0,0,0,0,10,0,0,0,0,0,0,0,0,0,0,0,0,0,0,0,0,0,305,0,0,0,0,0,32,0,0,42
Clade_Ia,0,0,0,0,0,3,0,3,0,0,0,0,2,0,0,0,0,0,0,0,0,0,0,0,0,0,0,0,0,0,0,0,0,0
Cloacibacillus,0,0,0,0,0,0,0,0,0,0,0,0,0,0,0,0,0,0,0,0,0,0,0,0,0,0,0,0,0,0,27,0,0,0
Cloacibacterium,0,0,0,0,0,0,0,0,0,0,0,0,3,0,0,0,0,0,0,0,0,0,0,0,0,0,0,0,0,0,23,0,0,5
Clostridium_sensu_stricto_1,17,0,6,0,0,10,0,3,8,0,8,25,1,3,0,0,0,6,0,7,0,0,0,0,1,0,0,0,0,0,0,0,0,71
Clostridium_sensu_stricto_10,0,0,0,0,0,1,0,0,0,0,0,0,0,0,0,0,0,0,0,0,0,0,0,0,0,0,0,0,0,0,0,25,0,0
Clostridium_sensu_stricto_11,0,0,0,0,0,0,0,0,14,0,0,0,0,0,0,0,0,0,0,0,0,0,0,0,0,0,0,0,0,0,0,0,0,0
Clostridium_sensu_stricto_12,0,0,0,0,0,0,0,0,0,0,5,0,2,7,0,0,0,0,0,0,0,0,0,0,0,0,0,0,24,0,0,0,0,0
Clostridium_sensu_stricto_13,0,0,0,0,0,0,93,0,1,0,0,0,6,0,0,0,0,0,0,0,0,0,1,0,0,0,0,0,0,0,10,0,0,0
Clostridium_sensu_stricto_18,0,0,0,0,0,0,0,0,0,0,0,0,0,2,0,0,0,0,0,0,0,0,0,0,0,0,0,0,0,0,0,0,0,0
Clostridium_sensu_stricto_7,0,0,0,0,0,4,0,0,0,0,0,0,0,0,0,0,0,0,0,0,0,0,0,0,0,0,0,0,0,0,0,0,0,0
Clostridium_sensu_stricto_8,0,0,0,0,0,4,0,2,0,0,0,0,0,0,0,0,0,0,0,0,0,0,0,0,0,0,0,0,0,0,0,0,0,0
Cobetia,0,0,0,0,0,0,0,22,0,0,0,0,0,0,0,0,0,0,0,0,0,0,0,0,0,7,0,0,0,0,0,0,0,0
Cohnella,0,0,0,0,0,0,0,0,0,0,0,0,0,0,0,0,0,0,0,0,0,0,0,0,0,0,0,0,0,0,21,0,0,0
Colidextribacter,0,0,0,0,0,8,13,0,0,0,2,0,11,0,0,0,0,0,0,0,0,0,0,0,2,0,0,0,0,0,0,0,0,0
Collimonas,0,0,0,0,0,0,4,0,0,0,0,0,0,0,0,0,0,0,0,0,0,0,0,0,0,0,0,0,0,0,0,0,0,0
Collinsella,2,0,0,0,0,0,30,6,17,0,4,25,4,2,0,0,0,10,0,0,38,0,0,0,458,0,0,0,0,0,2,0,0,95
Colwellia,0,0,0,0,0,0,0,0,0,0,0,0,0,0,0,0,0,0,0,0,0,0,0,0,0,0,0,0,0,0,0,0,0,34
Comamonas,19,58,0,20,24,0,10,34,26,81,0,13,0,1,106,8,201,10,0,206,275,30,0,48,280,10,14,7,0,10,25,12,0,18
Commensalibacter,0,0,0,0,49,22,0,0,0,0,12,7,0,24,0,0,0,0,0,18,0,7,0,0,183,0,0,11,0,0,0,0,6,0
Companilactobacillus,0,0,0,0,0,0,0,0,0,0,5,0,0,1,0,0,0,6,0,0,0,0,0,0,0,0,0,0,0,0,0,0,0,0
Conexibacter,39,38,0,0,0,5,39,3,47,0,7,0,0,13,0,0,0,0,0,0,0,0,0,0,0,0,0,0,0,0,0,0,0,35
Conservatibacter,0,0,0,0,0,0,0,0,0,0,0,0,0,0,0,0,0,0,0,0,0,0,0,0,0,0,0,0,0,0,0,0,0,0
Coprobacter,0,0,0,0,0,0,0,0,0,0,2,0,0,0,0,0,0,0,0,0,0,0,0,0,0,0,0,0,0,0,0,0,0,0
Coprococcus,9,0,0,0,0,0,19,0,0,40,0,0,0,0,0,0,0,0,0,0,0,0,0,0,0,0,0,0,0,0,0,0,0,54
Corallococcus,0,0,0,0,0,0,0,0,0,0,0,0,0,0,0,0,0,0,0,0,8,0,0,0,0,0,0,0,0,0,0,0,0,0
Coriobacteriaceae_UCG_002,0,0,0,0,0,0,14,0,0,0,4,0,4,0,0,0,0,0,0,0,0,0,0,0,0,0,0,0,0,0,0,0,0,0
Corynebacterium,1963,578,1683,1671,416,1432,185,151,184,562,118,88,549,71,728,653,1050,1918,1070,2503,1381,286,449,5307,135,12,67,485,4868,3111,586,774,376,242
Coxiella,0,0,0,0,0,0,0,0,0,0,0,0,4,0,0,0,0,0,0,0,0,0,0,0,0,0,0,0,0,0,0,0,0,0
Craurococcus_Caldovatus,0,0,0,0,0,2,65,0,0,0,0,0,3,2,0,0,0,0,0,0,0,0,0,0,0,0,0,0,0,0,0,0,0,0
Crenobacter,0,0,0,0,0,0,14,0,0,0,0,0,0,1,0,0,0,0,0,0,0,0,0,0,0,0,0,0,0,0,0,0,0,0
Croceicoccus,0,0,0,0,0,0,10,0,0,0,0,0,0,0,0,0,0,0,0,0,0,0,0,0,0,0,0,0,0,0,0,0,0,0
Crocinitomix,0,0,0,0,0,0,0,0,0,0,0,0,3,0,0,0,0,0,0,0,0,0,0,0,0,0,0,0,0,0,0,0,0,32
Cronobacter,11,0,0,0,0,0,0,0,0,0,0,0,0,0,0,0,2,0,0,0,0,0,0,0,80,0,0,0,0,0,0,0,0,0
Cruoricaptor,0,0,0,0,0,0,0,0,0,0,2,0,0,0,0,0,0,0,0,0,0,0,0,0,0,0,0,0,0,0,0,0,0,0
Cryobacterium,0,0,0,0,0,37,0,1,0,0,43,0,0,2,0,0,0,0,0,0,0,0,0,0,0,0,0,0,0,0,0,0,0,0
Cryptobacterium,10,0,0,0,0,0,0,0,0,0,0,0,0,0,0,0,0,0,0,0,0,0,0,0,0,0,0,0,0,0,0,0,0,0
Cupriavidus,0,0,0,9,0,23,267,0,0,0,0,0,22,0,0,0,0,0,0,0,0,0,6,0,0,0,0,0,0,0,0,0,0,0
Curvibacter,2,0,0,0,0,6,22,4,0,0,12,0,0,3,0,0,0,0,0,0,0,0,0,0,0,0,0,0,0,0,0,0,0,0
Cutibacterium,15,0,0,0,3,0,31,3,4,12,0,0,0,9,0,0,0,0,0,0,38,0,108,0,145,0,5,0,0,0,0,11,0,16
Cyanobium_PCC_6307,0,0,3,0,0,5,0,0,0,0,0,0,6,0,0,0,0,0,0,0,0,0,0,0,162,0,0,0,0,0,0,0,0,0
Cylindrospermopsis_CRJ1,0,0,0,0,0,0,0,0,0,0,0,0,0,0,0,0,0,0,0,0,0,0,0,0,0,0,0,0,0,0,0,0,0,0
Cytophaga,0,0,0,0,0,2,0,0,0,0,0,0,0,0,0,0,0,0,0,0,0,0,0,0,0,0,0,0,0,0,0,0,0,0
DEV008,0,0,0,0,0,5,0,0,0,0,2,0,0,0,0,0,0,0,0,0,0,0,0,0,0,0,0,0,0,0,0,0,0,89
DEV114,0,0,0,0,0,1,0,0,0,0,0,0,0,0,0,0,0,0,0,0,0,0,0,0,0,0,0,0,0,0,0,0,0,0
DNF00809,0,0,0,0,0,0,0,0,0,0,0,0,3,0,4,0,0,0,0,0,0,0,0,0,0,0,0,0,0,0,0,0,0,0
DSSF69,0,0,0,0,3,0,0,0,0,0,0,0,3,0,0,0,0,0,0,0,0,0,0,0,0,0,0,0,0,0,0,0,0,0
Dactylosporangium,0,0,0,0,0,0,24,0,0,0,0,0,0,0,0,0,0,0,0,0,0,0,0,0,0,0,0,0,0,0,0,0,0,0
Dechloromonas,0,0,0,0,0,4,0,7,3,0,9,0,7,8,0,0,0,0,0,0,0,0,0,0,0,2,0,0,0,0,0,0,0,42
Deferrisoma,0,0,0,0,0,0,0,1,0,0,0,0,0,0,0,0,0,0,0,0,0,0,0,0,0,0,0,0,0,0,0,0,0,0
Defluviicoccus,0,0,0,0,0,0,0,0,0,85,5,0,0,0,0,0,0,0,0,0,0,0,0,0,0,0,0,0,0,0,17,0,0,0
Defluviitaleaceae_UCG_011,9,0,4,3,0,0,0,0,0,0,1,0,0,17,19,0,19,81,20,22,0,72,0,12,0,11,137,25,1,3,26,0,0,45
Defluviitoga,0,0,0,0,0,0,0,3,0,0,0,0,0,0,0,0,0,0,0,0,0,0,0,0,0,0,0,0,0,0,0,0,14,0
Deinococcus,17,0,0,0,0,1,0,1,0,17,0,0,0,3,0,0,0,0,0,0,0,0,0,0,0,0,0,0,0,0,0,0,0,59
Delftia,0,0,0,0,0,0,3,0,0,0,0,0,0,4,0,0,0,0,0,0,0,0,0,0,3,0,0,0,0,0,0,0,0,0
Denitratisoma,0,0,0,0,0,2,0,2,0,0,3,0,2,0,0,0,0,0,0,0,0,0,0,0,0,0,0,0,0,0,0,0,0,0
Desertibacter,0,0,0,0,0,0,0,0,0,0,2,0,0,0,0,0,0,0,0,0,0,0,0,0,0,0,0,0,0,0,0,0,0,0
Desulfatiglans,0,0,0,0,0,0,0,0,0,0,0,0,2,0,0,0,0,0,0,0,0,0,0,0,0,0,0,0,0,0,0,0,0,20
Desulfatirhabdium,0,0,0,0,0,0,0,0,0,0,0,0,2,0,0,0,0,0,0,0,0,0,0,0,0,0,0,0,0,0,0,0,0,0
Desulfitibacter,0,0,0,0,0,0,0,0,0,0,0,0,1,0,0,0,0,0,0,0,0,0,0,0,0,0,0,0,0,0,0,0,0,0
Desulfobacca,0,0,0,0,0,0,0,0,0,0,1,0,0,0,0,0,0,0,0,0,0,0,0,0,0,0,0,0,0,0,0,0,0,0
Desulfobacter,0,0,0,0,0,0,0,0,0,0,0,0,1,0,0,0,0,0,0,0,0,0,0,0,0,0,0,0,0,0,0,0,0,0
Desulfobulbus,0,0,0,0,0,0,0,0,0,0,0,11,0,2,0,0,11,21,2,11,0,0,0,0,0,0,18,0,0,0,0,0,0,0
Desulfomicrobium,0,0,0,0,0,0,0,0,0,0,0,0,0,2,0,0,41,0,0,0,0,0,0,0,0,0,0,0,7,0,0,11,0,0
Desulforhopalus,0,0,0,0,0,0,14,0,0,0,0,0,0,0,0,0,0,0,0,0,0,0,0,0,0,0,0,0,0,0,0,0,0,0
Desulfosporosinus,0,0,0,0,0,2,0,0,0,0,0,0,5,0,0,0,0,0,0,0,0,0,0,0,0,0,0,0,0,0,0,0,0,0
Desulfovermiculus,0,0,0,0,0,0,13,0,0,0,0,0,0,0,0,0,0,0,0,0,0,0,0,0,0,0,0,0,0,0,0,0,0,0
Desulfovibrio,16,0,0,0,0,16,16,0,0,0,0,0,8,8,0,0,20,0,0,143,39,0,0,3,0,34,3,0,0,6,8,191,0,0
Desulfovirga,0,0,0,0,0,0,0,0,0,0,0,0,3,0,0,0,0,0,0,0,0,0,0,0,0,0,0,0,0,0,0,0,0,0
Dethiobacter,0,0,0,0,0,0,0,0,0,0,0,0,0,0,0,0,0,0,0,0,0,0,0,0,0,0,0,0,0,0,0,0,0,2
Devosia,11,0,0,0,0,0,61,6,0,132,18,0,39,10,0,0,0,0,0,0,10,0,316,0,0,0,0,0,0,0,28,0,0,63
Dialister,8,90,31,25,0,7,0,7,20,3,4,12,22,34,33,31,1,572,80,86,25,73,0,7,168,11,34,5,39,136,107,64,2,0
Diaphorobacter,0,0,0,0,0,25,0,0,0,0,0,0,0,0,0,0,0,0,0,0,0,0,0,0,0,0,0,0,0,0,0,0,0,0
Dietzia,35,22,17,0,3,0,0,0,0,53,3,21,0,0,0,0,0,0,0,0,0,0,0,0,0,17,0,4,0,0,0,0,0,123
Dinghuibacter,0,0,0,0,0,0,16,0,0,0,0,0,0,0,0,0,0,0,0,0,0,0,0,0,0,0,0,0,0,0,0,0,0,0
Diplosphaera,0,0,0,0,0,0,2,0,0,0,0,0,2,0,0,0,0,0,0,0,0,0,0,0,0,0,0,0,0,0,0,0,0,16
Dokdonella,0,0,0,0,0,7,39,7,0,0,0,0,8,0,0,0,0,0,0,0,0,0,0,0,0,0,0,0,0,0,0,0,0,0
Dongia,28,0,0,0,0,19,43,6,0,0,11,0,0,8,0,0,0,0,0,0,0,0,0,0,0,0,0,0,0,0,0,106,0,0
Dorea,0,0,0,0,0,0,11,0,0,0,0,0,0,0,0,0,0,0,0,0,0,0,0,0,0,0,0,0,0,9,0,0,0,84
Draconibacterium,0,0,0,0,0,0,22,0,0,0,0,0,0,1,0,0,0,0,0,0,0,0,2,0,0,0,0,0,0,0,0,0,0,0
Dubosiella,34,0,0,9,0,43,35,26,0,0,27,0,36,23,0,0,0,0,0,0,22,0,169,0,96,0,0,0,0,0,100,0,0,329
Duganella,0,0,0,0,0,2,0,0,0,0,0,0,2,0,0,0,0,0,0,0,0,0,0,0,0,0,0,0,0,0,0,0,0,0
Dyadobacter,0,0,0,0,0,0,0,0,0,0,0,0,1,0,0,0,0,0,0,0,0,0,0,0,149,0,0,0,0,0,0,0,0,42
Dyella,0,0,0,0,0,0,0,3,0,0,0,0,0,2,0,0,0,0,0,0,0,0,0,0,0,0,0,0,0,0,0,0,0,0
Dysgonomonas,0,0,0,0,40,0,0,1,0,0,2,0,0,0,4,0,0,0,0,0,0,0,0,0,0,0,0,0,0,0,0,0,0,0
Edaphobaculum,0,0,0,0,0,2,0,1,0,0,5,0,0,0,0,0,0,0,0,0,0,0,0,0,0,0,0,0,0,0,0,0,0,0
Eggerthia,0,0,0,0,0,0,0,0,0,0,0,0,0,0,0,0,8,0,2,0,0,0,0,0,0,0,0,9,0,2,15,0,0,0
Egibacter,0,0,0,0,0,0,0,0,0,0,0,0,0,0,0,0,0,0,0,0,0,0,0,0,0,0,0,0,0,0,0,0,0,45
Eikenella,56,44,32,12,10,0,1,20,5,0,0,25,0,0,36,7,44,12,7,0,23,24,0,27,0,15,24,10,21,21,0,0,52,0
Elizabethkingia,0,0,0,0,0,0,0,4,0,0,3,0,4,0,0,0,0,0,0,0,0,0,0,0,0,0,0,0,0,0,0,0,0,0
Ellin516,0,0,0,2,0,0,0,0,0,0,0,0,0,0,0,0,0,0,0,0,0,0,0,0,0,0,0,0,0,0,0,0,0,0
Ellin517,0,0,0,0,0,0,0,0,0,0,2,0,2,0,0,0,0,0,0,0,0,0,0,0,0,0,0,0,0,0,0,0,0,0
Ellin6055,15,0,0,0,0,0,112,4,0,0,0,0,0,0,0,0,0,0,0,0,0,0,0,0,0,0,0,0,0,0,0,0,0,0
Ellin6067,10,0,0,0,0,17,149,6,0,0,7,41,6,9,0,0,30,0,3,17,4,13,3,0,0,0,0,0,11,18,0,10,0,50
Empedobacter,0,0,0,0,0,0,0,6,0,0,0,0,0,0,0,0,0,0,0,0,0,0,0,0,0,0,0,0,0,0,0,0,0,0
Emticicia,4,0,0,0,0,0,0,0,0,0,2,0,2,2,0,0,0,0,0,0,0,0,0,0,0,0,0,0,0,0,0,0,0,0
Endobacter,5,0,0,0,0,0,0,0,0,0,0,0,0,0,0,0,0,0,0,0,0,0,0,0,0,0,0,0,0,0,0,0,0,0
Endomicrobium,0,0,0,0,0,0,31,0,0,0,0,0,0,2,0,0,0,0,0,0,0,5,0,0,0,0,0,2,0,0,0,0,0,0
Endozoicomonas,0,0,0,1,0,2,0,1,0,0,11,0,0,0,0,0,0,0,0,0,0,0,0,0,0,0,0,3,0,0,0,0,0,43
Enhydrobacter,0,5,0,0,8,3,17,0,0,21,1,0,6,2,0,5,0,0,0,0,0,0,57,3,0,0,0,0,2,0,0,39,0,0
Enhygromyxa,0,0,0,0,0,0,0,1,0,0,0,0,0,0,0,0,0,0,0,0,0,0,0,0,0,0,0,0,0,0,0,0,0,0
Enorma,9,0,0,0,0,0,6,0,0,0,0,0,0,2,0,0,0,0,0,0,0,0,0,0,0,0,0,0,0,0,0,0,0,0
Ensifer,0,0,8,0,0,0,15,16,0,0,0,0,1,13,0,0,0,3,0,0,33,0,0,0,0,0,0,0,0,0,0,0,14,53
Enterobacillus,0,0,0,0,0,0,0,0,0,0,25,0,0,0,0,0,0,0,0,0,0,0,0,0,0,0,0,0,0,0,0,0,0,0
Enterobacter,0,7,2,4,0,140,34,39,0,24,62,0,57,77,0,0,0,0,0,0,0,0,0,0,0,0,0,0,0,0,0,1,0,34
Enterococcus,14,0,0,0,0,20,252,10,3,0,43,0,8,7,0,0,0,0,0,0,37,0,1848,0,1491,0,0,0,0,0,291,1216,0,611
Enterorhabdus,0,0,0,0,0,9,41,4,0,0,0,0,2,1,0,0,0,0,0,0,0,10,3,0,0,0,0,0,0,0,0,0,0,0
Epibacterium,0,0,0,0,0,0,0,0,0,0,0,0,0,0,0,0,0,0,0,0,0,0,207,0,0,0,0,0,0,0,0,0,0,0
Erwinia,0,0,0,0,0,14,0,0,0,0,4,0,0,0,0,0,0,0,0,0,0,0,0,0,0,0,0,0,0,0,0,0,0,0
Erysipelatoclostridium,0,7,0,0,0,22,26,3,0,0,2,0,0,0,0,0,0,0,0,0,76,0,0,0,0,0,0,0,0,0,20,0,0,0
Erysipelothrix,0,2,0,0,0,0,0,0,0,0,0,0,0,0,0,0,0,0,0,0,0,0,0,0,0,0,0,0,0,0,0,0,0,0
Erysipelotrichaceae_UCG_003,2,0,0,0,0,0,71,2,0,0,0,0,2,1,0,0,0,0,0,0,0,0,1,0,2,0,0,0,0,0,0,1,0,0
Erysipelotrichaceae_UCG_006,0,0,0,0,0,0,0,0,0,0,0,0,0,0,0,0,0,0,0,1,0,0,0,0,0,3,0,0,0,0,0,0,0,0
Erythrobacter,0,0,0,0,0,0,0,0,1,0,0,0,0,0,0,0,0,0,0,0,0,0,0,0,0,0,0,0,0,9,0,0,0,0
Escherichia_Shigella,40,0,5,0,0,211,764,227,23,9,266,0,169,122,0,22,0,0,4,13,324,2,3858,8,3717,4,15,1,3,0,465,2710,0,1210
Euzebya,0,0,0,0,0,0,0,0,0,0,0,0,0,0,0,0,0,0,0,0,5,0,0,0,0,0,0,0,0,0,0,0,0,0
Exiguobacterium,0,14,8,0,0,0,69,0,0,0,0,0,2,0,0,0,0,0,0,9,0,0,0,0,0,0,12,0,0,0,0,0,0,103
Ezakiella,0,0,0,0,0,0,0,0,0,0,1,0,0,0,0,0,0,0,0,0,0,0,0,0,0,0,0,0,0,0,0,0,0,0
F0058,35,62,147,31,0,0,0,33,6,13,7,40,10,7,32,3,160,368,13,333,270,9,28,146,0,91,26,1,68,29,24,79,8,0
F0332,1759,189,46,3,318,0,0,14,11,5,19,72,57,91,414,50,1070,115,153,68,50,2,0,1736,0,2263,274,101,322,4,32,165,765,0
FCPS473,6,0,0,0,0,1,0,0,0,0,0,0,0,0,0,0,0,0,0,0,0,0,0,0,0,0,0,0,0,0,0,0,0,0
FFCH7168,0,0,0,0,0,0,5,0,0,0,0,0,0,2,0,0,0,0,0,0,0,0,0,0,0,0,0,0,0,0,0,0,0,49
Faecalibacterium,33,0,2,8,0,48,87,60,0,8,19,0,28,18,0,0,0,0,0,0,0,0,0,0,357,0,0,0,0,0,0,0,0,80
Faecalibaculum,0,0,0,0,0,37,50,20,0,0,18,0,38,18,0,0,0,0,0,0,12,7,0,0,0,0,0,0,0,0,0,0,0,32
Faecalitalea,10,0,0,0,0,0,9,0,0,0,0,0,0,0,0,0,0,0,0,0,0,0,0,0,0,0,0,0,0,0,0,0,0,0
Falsirhodobacter,0,0,0,0,0,0,14,0,0,0,0,0,0,0,0,0,0,0,0,0,0,0,0,0,0,0,0,0,0,0,0,0,0,0
Falsochrobactrum,0,0,0,0,0,0,0,0,0,0,0,0,0,0,0,0,0,0,0,0,0,0,0,0,0,0,0,0,0,0,0,174,0,0
Family_XIII_AD3011_group,0,0,0,0,0,0,28,0,0,0,0,0,0,2,0,0,7,0,0,0,0,0,0,0,159,0,2,0,0,1,0,0,0,0
Family_XIII_UCG_001,1,0,0,4,0,0,0,0,0,3,0,3,0,1,0,0,3,5,0,5,0,0,0,2,0,7,5,0,0,5,0,0,0,0
Fastidiosipila,0,0,0,0,0,3,0,0,0,0,1,0,0,2,0,0,0,0,0,0,0,0,0,0,0,0,0,0,0,0,0,0,0,0
Faucicola,0,0,0,0,0,0,0,0,0,0,0,0,0,4,0,0,0,0,0,0,0,0,0,0,0,0,0,0,0,0,0,0,0,0
Fenollaria,0,0,0,0,0,0,0,0,0,0,0,0,3,0,0,0,0,0,0,0,0,0,0,0,0,0,0,0,0,0,0,0,0,39
Fermentimonas,0,0,0,0,0,2,0,0,0,0,6,0,5,9,0,0,0,0,0,0,0,0,0,0,0,0,0,0,0,0,0,0,0,0
Ferrovibrio,0,0,0,0,0,3,0,5,0,0,0,0,2,0,0,0,0,0,0,0,0,0,0,0,0,0,0,0,0,0,0,0,0,0
Ferruginibacter,0,4,0,0,17,0,16,3,3,148,8,52,0,10,0,0,0,0,0,8,0,0,0,0,0,0,0,8,0,9,0,0,10,0
Fibrobacter,0,0,0,0,0,0,0,2,0,0,0,0,0,0,0,0,0,0,0,0,0,0,0,0,0,0,0,0,0,0,0,0,0,0
Fictibacillus,0,0,0,0,0,0,0,0,0,0,0,0,0,0,0,0,0,0,0,0,0,0,0,0,0,0,0,0,0,0,0,0,0,31
Filifactor,0,49,13,23,0,0,0,0,32,0,10,11,0,16,3,7,72,197,73,126,81,236,0,13,0,59,208,52,1,99,133,0,4,0
Filimonas,0,0,0,0,0,0,0,0,0,0,2,0,0,0,0,0,0,0,0,0,0,0,0,0,0,0,0,0,0,0,0,0,0,0
Filomicrobium,0,0,0,0,0,5,14,0,0,0,0,0,0,0,0,0,0,0,0,0,0,0,0,0,0,0,0,0,0,0,0,0,0,0
Fimbriiglobus,0,0,0,0,0,4,0,1,0,0,6,0,4,0,0,0,0,0,0,0,0,0,0,0,0,0,0,0,0,0,0,0,0,0
Fimbriimonas,0,0,0,0,0,0,14,0,0,0,0,0,0,0,0,0,0,0,0,0,0,0,0,0,0,0,8,0,0,0,0,0,0,81
Finegoldia,0,0,0,0,0,6,0,5,0,0,4,0,8,2,0,1,0,0,0,0,0,0,0,0,0,0,0,0,0,0,0,0,0,0
Flaviaesturariibacter,0,0,0,0,0,0,23,0,0,0,0,0,0,0,0,0,0,0,0,0,0,0,0,0,0,0,0,0,0,0,0,0,0,0
Flavisolibacter,0,0,0,0,0,0,78,16,0,0,5,0,8,4,0,0,0,0,0,0,65,0,0,0,3,0,0,0,0,0,0,1,0,44
Flavitalea,0,0,0,0,0,0,13,0,0,0,1,0,0,4,0,0,0,0,0,0,0,0,0,0,0,0,0,0,0,0,0,0,0,0
Flavobacterium,36,0,3,0,0,46,113,30,0,0,7,0,6,11,0,0,0,6,0,0,1,0,11,0,3,0,0,0,0,0,0,0,0,48
Flavonifractor,10,0,0,0,0,0,0,0,0,0,0,0,0,0,0,3,0,0,0,0,40,0,0,0,0,0,0,0,0,0,0,0,0,0
Flexilinea,0,0,0,0,0,0,0,0,0,0,0,0,0,0,0,0,0,3,0,6,1,0,0,0,0,2,0,0,0,0,0,0,0,0
Fluviicola,5,0,2,3,0,2,0,0,0,0,5,0,0,2,0,0,0,0,0,0,3,0,0,0,111,0,0,0,0,0,0,0,0,0
Fluviimonas,0,0,0,0,0,0,0,0,0,0,0,0,0,0,0,0,0,0,0,0,0,0,0,0,0,0,0,0,0,0,0,0,0,65
Fonticella,0,0,0,0,0,0,0,0,0,0,0,0,6,0,0,0,0,0,0,0,0,0,0,0,0,0,0,0,0,0,0,8,0,0
Formosa,3,0,0,0,0,0,0,0,0,0,0,0,0,0,0,0,0,0,0,0,0,0,0,0,0,0,0,0,0,0,0,0,0,0
Fournierella,0,0,0,0,0,0,0,0,0,0,0,0,4,0,0,0,0,0,0,0,0,0,0,0,0,0,0,0,0,0,0,0,0,19
Frankia,0,0,0,0,0,0,31,0,0,0,12,0,0,0,0,0,0,0,0,6,0,0,0,0,0,0,0,0,0,0,30,0,0,0
Fretibacterium,29,74,9,31,2,0,0,0,11,0,50,13,0,142,65,1,741,1021,188,1216,530,182,0,30,0,95,784,6,20,86,82,170,24,0
Frigoribacterium,0,0,0,0,0,0,0,0,0,0,0,0,0,5,0,0,0,0,0,0,0,0,0,0,0,0,0,0,0,0,0,0,0,0
Frondihabitans,0,0,0,0,0,7,0,0,0,0,0,0,0,0,0,0,0,0,0,0,0,0,0,0,0,0,0,0,0,0,0,0,0,0
FukuN18_freshwater_group,0,0,0,0,0,59,0,41,0,0,44,0,14,21,0,0,0,0,0,0,0,0,0,0,0,0,0,0,0,0,0,0,0,0
Fusibacter,0,0,0,0,0,0,14,0,0,0,0,0,0,0,0,0,0,0,0,0,0,0,1,0,0,0,0,0,0,0,0,0,0,33
Fusicatenibacter,0,0,0,0,0,2,20,0,0,0,0,0,6,0,0,0,0,0,0,0,0,0,0,0,0,0,8,0,0,0,0,0,0,0
Fusobacterium,739,1478,3374,2051,192,472,51,1984,1533,950,268,621,244,963,594,796,968,3830,1940,2055,2349,2833,30,1857,178,1791,1767,410,1140,546,1147,731,2141,77
G12_WMSP1,56,0,0,0,0,0,0,0,0,0,0,0,0,0,0,0,0,0,0,0,0,0,0,0,0,0,0,0,0,0,0,0,0,0
GCA_900066575,0,0,0,0,0,0,0,0,0,0,0,0,0,2,0,0,0,0,0,0,0,0,0,0,0,0,0,0,0,0,0,0,0,0
GKS98_freshwater_group,0,0,0,0,0,2,0,0,0,0,0,0,4,3,0,0,0,0,0,0,0,0,0,0,0,0,0,0,0,0,0,0,0,0
GOUTA6,0,0,0,0,0,0,0,0,0,0,0,0,0,0,0,0,0,0,0,0,0,0,0,0,0,0,0,0,8,0,0,0,0,0
GWE2_31_10,0,0,0,0,0,0,0,0,0,0,1,0,0,0,0,0,0,0,0,0,0,0,0,0,0,0,0,0,0,0,0,0,0,0
Gaiella,0,6,0,1,0,34,112,5,0,0,22,0,3,13,0,0,0,0,0,0,18,0,0,0,0,0,0,0,0,0,28,0,0,140
Galbibacter,0,0,0,0,0,0,0,0,0,0,0,0,0,0,0,0,0,0,0,0,0,0,0,0,0,0,0,0,0,0,0,0,0,3
Gardnerella,0,1,1,0,4,37,18,31,0,0,46,0,35,17,0,0,0,0,0,0,12,0,0,0,0,0,0,0,0,0,0,0,0,0
Gemella,648,2593,1022,661,750,738,28,91,290,281,668,463,548,200,129,959,220,122,1474,226,92,1816,0,142,0,90,900,2717,1075,1955,1561,599,1235,0
Gemmata,0,2,0,0,0,2,0,0,0,0,0,0,6,0,0,0,0,0,0,0,0,0,0,0,0,0,0,0,0,0,18,0,0,0
Gemmatimonas,44,0,0,10,0,3,90,0,2,31,23,14,4,3,0,0,0,0,0,0,6,0,465,0,0,0,0,0,9,0,66,5,0,43
Gemmatirosa,0,0,0,0,0,3,0,0,0,0,0,0,0,6,0,0,0,0,0,0,0,0,0,0,0,0,0,0,0,0,0,0,0,0
Gemmobacter,0,0,0,17,0,0,37,2,0,0,11,0,3,4,0,0,0,0,0,0,22,0,0,0,0,0,0,0,5,2,0,0,0,0
Geobacillus,0,0,0,0,0,0,0,3,1,0,0,0,0,0,0,0,0,0,0,0,0,0,0,0,0,0,0,0,0,0,0,0,0,0
Geobacter,0,0,0,0,0,0,0,0,0,0,2,0,1,0,0,0,0,0,0,0,0,0,0,0,0,0,0,0,0,0,0,0,0,0
Geodermatophilus,8,0,0,0,0,3,3,0,0,0,8,0,2,0,0,0,0,0,0,0,0,0,0,0,0,0,0,0,0,0,0,0,0,0
Georgenia,0,0,0,0,0,0,0,0,0,0,0,0,0,0,0,0,0,0,0,0,0,0,0,0,0,0,0,0,0,0,0,0,0,27
Geothrix,0,0,0,0,0,0,0,0,0,0,0,0,0,1,0,0,0,0,0,0,0,0,0,0,0,0,0,0,0,0,0,0,0,0
Gilliamella,0,0,0,0,0,45,43,38,0,0,41,0,59,22,0,0,0,0,0,0,0,0,0,0,0,0,0,0,0,0,0,0,0,0
Glaciihabitans,0,0,6,0,0,0,5,0,0,0,0,0,0,0,0,0,0,0,0,0,0,0,0,0,0,0,0,0,0,0,0,0,0,0
Globicatella,0,0,0,0,0,0,0,0,0,0,0,12,0,0,0,0,0,0,0,0,0,0,0,0,0,0,0,0,0,0,0,0,0,0
Gloeobacter_PCC_7421,0,0,0,0,0,2,0,1,0,0,0,0,0,0,0,0,0,0,0,0,0,0,0,0,0,0,0,0,0,0,0,0,0,0
Gluconacetobacter,0,0,0,0,0,0,0,0,0,0,0,0,0,0,0,0,0,14,0,0,0,0,0,0,0,0,0,0,0,0,0,0,0,0
Gluconobacter,0,0,0,0,0,0,0,0,0,0,0,0,0,0,0,0,0,0,1,0,0,0,0,1,0,0,0,0,0,0,0,0,0,0
Glycomyces,0,0,0,0,0,0,3,0,0,0,0,0,1,2,0,0,0,0,0,0,0,0,0,0,0,0,0,0,0,0,0,0,0,61
Gordonia,0,0,0,0,0,19,0,0,0,0,0,0,0,0,0,0,0,0,0,0,0,0,0,0,0,0,0,0,0,0,0,0,0,0
Gram_negative_bacterium_cTPY_13,0,0,0,0,0,6,0,0,0,0,0,0,0,0,0,0,0,0,0,0,0,0,0,0,0,0,0,0,0,0,0,0,0,0
Gramella,14,0,0,0,0,0,0,0,0,0,0,0,0,0,0,0,0,0,0,0,0,0,0,0,0,0,0,0,0,0,0,0,0,0
Granulicatella,519,472,82,17,99,21,24,15,837,208,170,302,144,154,1337,441,90,252,173,661,948,670,0,381,0,146,523,24,482,1140,147,323,228,0
Granulicella,7,0,0,0,0,1,0,0,0,0,0,0,0,0,0,0,10,0,7,0,0,0,0,0,0,0,0,0,0,0,0,0,0,0
Gryllotalpicola,0,0,0,5,0,2,0,0,0,0,0,0,2,0,0,0,0,0,0,0,0,0,0,0,0,0,0,0,0,0,0,0,0,0
Gulbenkiania,0,0,0,0,0,0,0,0,0,0,0,0,0,0,0,0,0,0,0,0,0,0,0,0,0,0,0,0,0,0,0,0,2,0
H1,0,0,0,0,0,0,0,0,0,0,0,0,0,0,0,0,1,0,0,0,0,0,0,0,0,0,0,0,0,0,0,0,0,0
HSB_OF53_F07,114,4,0,2,0,29,0,0,0,0,4,0,3,5,0,0,0,0,0,0,0,0,0,0,0,0,0,0,0,0,0,0,0,0
Haemophilus,5655,10080,9888,9512,21026,4015,178,12028,14808,6516,9143,5058,5122,9374,3795,9802,1999,2240,10167,3682,2683,3104,157,2936,0,23228,7457,27590,6679,1655,2245,1926,3203,0
Hafnia_Obesumbacterium,0,0,0,0,0,8,0,6,0,0,0,0,1,0,0,0,0,0,0,0,0,0,4,0,0,0,0,0,0,0,0,0,0,0
Hahella,0,0,0,0,0,0,0,0,0,0,0,0,0,0,0,0,0,0,0,0,0,0,0,0,0,0,0,0,6,0,0,0,0,0
Halanaerobium,0,0,0,0,0,0,0,0,0,0,0,0,0,4,0,0,0,0,0,0,0,0,0,0,0,1,0,0,0,0,0,0,0,33
Halapricum,0,0,0,0,0,3,0,0,0,0,3,0,3,0,0,0,0,0,0,0,0,0,0,0,0,0,0,0,0,0,0,0,0,0
Haliangium,11,0,2,4,0,16,75,9,0,54,19,19,15,9,0,0,0,0,0,0,0,0,1,0,165,0,0,0,0,0,0,0,1,130
Halioglobus,6,0,0,0,0,17,0,0,0,0,0,0,0,0,0,0,0,0,0,0,0,0,0,0,0,0,0,0,0,0,0,0,0,0
Haliscomenobacter,0,0,0,0,0,0,0,0,0,0,0,0,3,0,0,0,0,0,0,0,0,0,0,0,0,0,0,0,0,0,0,0,0,0
Haloarcula,0,0,0,0,0,3,0,0,0,0,2,0,7,0,0,0,0,0,0,0,0,0,0,0,0,0,0,0,0,0,0,0,0,0
Halobacillus,0,0,0,0,5,0,0,0,0,0,0,0,0,0,0,0,0,0,0,0,0,0,0,0,0,0,0,0,0,0,0,0,0,0
Halobacterium,0,0,0,0,0,0,0,0,0,0,0,0,1,0,0,0,0,0,0,0,0,0,0,0,0,0,0,0,0,0,0,0,0,0
Halocella,0,0,0,0,0,0,0,0,1,0,0,0,0,2,0,0,0,0,0,0,0,0,0,0,0,0,0,0,0,0,0,0,0,262
Halodesulfurarchaeum,0,0,0,0,0,0,0,0,0,0,0,0,0,0,0,0,0,0,0,0,0,0,0,0,0,0,0,0,0,2,0,0,0,0
Halohasta,0,0,0,0,0,0,0,0,0,0,0,0,0,0,0,0,0,0,0,0,0,0,0,0,0,0,0,2,0,0,0,0,0,0
Halolamina,0,0,0,0,0,5,0,0,0,0,3,0,0,3,0,0,0,0,0,0,0,0,0,0,0,0,0,0,0,0,0,0,0,20
Halomicroarcula,0,0,0,0,0,0,0,0,0,0,0,0,3,10,0,0,0,0,0,0,0,0,0,0,0,0,0,0,0,0,0,0,0,0
Halomicrobium,0,0,0,0,0,5,0,5,0,0,7,0,11,0,0,0,0,0,0,0,0,0,0,0,0,0,0,0,0,0,0,0,0,0
Halomonas,32,4,9,0,0,11,0,4,0,1,4,0,9,0,0,0,0,5,0,0,0,0,27,0,0,0,0,0,0,0,0,14,3,0
Halonotius,0,0,0,0,0,17,0,19,0,0,17,0,14,22,0,0,0,0,0,0,0,0,0,0,0,0,0,0,0,0,0,0,0,0
Haloplasma,0,0,0,0,0,0,0,0,0,0,0,0,0,0,0,0,0,0,0,0,0,0,0,0,0,0,0,0,0,0,0,0,0,83
Halorientalis,0,0,0,0,0,0,0,0,0,0,0,0,2,0,0,0,0,0,0,0,0,0,0,0,0,0,0,0,0,0,0,0,0,0
Halorubrum,0,0,0,0,0,10,0,0,0,0,5,0,16,14,0,0,0,0,0,0,0,0,5,0,0,0,0,2,0,0,0,0,0,0
Haloterrigena,0,0,0,0,0,0,9,0,0,0,2,0,0,0,0,0,0,0,0,0,0,0,0,0,0,0,0,0,0,0,0,0,0,0
Halovenus,0,0,0,0,0,5,11,0,0,0,0,0,2,2,0,0,0,0,0,0,0,0,0,0,0,0,0,0,0,0,1,0,0,0
Hamadaea,0,0,0,0,0,0,0,0,0,0,0,0,0,0,0,0,0,0,0,0,0,0,18,0,0,0,0,0,0,0,0,0,0,0
Harryflintia,0,3,0,0,0,0,13,0,0,0,0,0,0,0,0,0,0,0,0,0,0,0,0,0,0,0,0,0,0,0,0,0,0,0
Hassallia,0,0,0,0,0,0,0,1,0,0,0,0,12,7,0,0,0,0,0,0,21,0,0,0,0,0,0,0,0,0,0,0,0,0
Helicobacter,24,0,0,0,0,18,81,6,0,0,21,0,9,0,0,0,0,0,0,0,35,0,0,0,1,0,0,0,0,2,179,203,0,110
Herbaspirillum,9,7,0,0,0,0,0,0,0,0,1,0,8,0,0,0,0,0,0,0,0,0,0,0,0,0,0,0,0,0,0,0,0,20
Herbinix,0,0,0,0,0,3,13,0,0,0,9,0,0,0,0,0,0,0,0,0,0,0,0,0,0,0,0,0,0,0,0,0,0,0
Herminiimonas,18,0,0,0,0,0,0,0,0,0,0,0,0,0,0,0,0,0,0,0,0,0,0,0,0,0,0,0,0,0,0,0,0,0
Herpetosiphon,0,0,0,0,0,2,4,0,0,0,0,0,1,2,0,0,0,0,0,0,0,0,0,0,0,0,0,0,0,0,0,0,0,0
Hirschia,0,0,0,0,18,0,25,0,0,0,0,0,0,0,0,0,11,0,0,0,0,0,0,0,0,0,0,0,0,0,0,0,0,0
Hoeflea,0,0,0,0,0,0,0,1,0,0,0,0,0,0,0,0,0,0,0,0,0,0,0,0,0,0,0,0,0,0,0,0,0,0
Holdemanella,0,0,0,4,0,0,0,0,0,0,3,0,0,0,0,0,0,0,0,0,0,0,0,0,0,0,0,0,0,0,0,0,0,0
Holophaga,0,0,0,0,0,0,0,0,0,0,0,0,3,0,0,0,0,0,0,0,0,0,0,0,0,0,0,0,0,0,0,0,0,0
Howardella,0,0,0,0,0,0,0,0,0,0,0,0,0,0,0,0,0,0,0,9,0,0,0,0,0,0,9,0,0,4,0,0,0,0
Hydrogenophaga,0,5,0,0,0,2,3,0,0,0,0,0,5,0,0,0,0,0,0,0,0,0,0,0,0,0,0,0,0,0,0,0,0,0
Hylemonella,0,0,0,0,0,0,0,0,0,0,0,0,0,1,0,0,0,0,0,0,0,0,0,0,0,0,0,0,0,0,0,0,0,0
Hymenobacter,0,0,0,0,0,3,0,0,0,0,0,0,0,0,0,0,0,0,0,0,0,0,0,0,0,0,0,0,0,0,0,0,0,0
Hyphomicrobium,0,0,0,6,0,54,43,32,0,8,42,7,32,23,0,0,20,0,0,0,2,6,0,0,0,0,3,10,0,0,0,0,12,0
Hyphomonas,0,0,0,0,0,2,15,0,0,0,0,0,2,0,0,0,0,0,0,0,0,0,0,0,0,0,0,0,0,0,0,0,0,0
Hypnocyclicus,0,0,0,0,0,0,0,0,0,0,0,0,0,2,0,0,0,0,0,0,0,0,0,0,0,0,0,0,0,0,0,0,0,0
IMCC26134,0,0,0,0,0,0,0,0,0,0,0,0,0,0,0,0,0,0,0,0,4,0,0,0,0,0,0,0,0,0,0,0,0,0
IMCC26207,0,0,0,0,0,14,0,1,5,0,0,0,0,5,0,0,3,6,0,23,0,0,0,0,0,0,0,0,0,0,0,0,11,23
Iamia,13,0,0,2,0,10,30,5,0,0,0,0,3,4,0,0,0,0,0,0,0,0,0,0,0,0,0,0,0,0,0,0,0,88
Ideonella,0,0,0,0,0,4,0,0,0,0,5,0,0,5,0,0,0,0,0,0,0,0,0,0,0,0,0,0,0,13,0,20,0,0
Ignavibacterium,0,0,0,0,0,3,0,0,0,0,3,0,2,3,0,0,0,0,0,0,0,0,0,0,0,0,0,0,0,0,0,0,0,0
Ileibacterium,4,0,0,0,0,0,0,6,0,0,0,0,2,0,0,0,0,0,0,0,0,0,0,0,0,0,0,0,0,0,0,0,0,705
Ilumatobacter,0,0,0,0,0,2,129,8,2,0,0,0,12,2,0,0,0,0,0,0,5,0,3,0,236,0,0,0,0,0,0,0,0,0
Ilyobacter,0,0,0,0,0,0,0,0,0,0,0,0,0,2,0,0,0,0,0,0,0,0,0,0,0,0,0,0,0,0,0,0,0,0
Imperialibacter,0,0,0,0,0,0,0,0,0,0,0,0,0,0,0,0,0,0,0,0,0,0,0,0,0,0,0,0,0,0,0,0,0,0
Incertae_Sedis,0,0,0,0,0,0,29,4,0,0,0,0,1,0,0,15,0,0,0,0,0,0,3,0,0,0,0,0,0,0,0,0,0,0
Inquilinus,0,0,0,0,0,0,6,0,0,0,0,0,0,2,0,0,0,0,0,0,6,0,0,0,0,0,0,0,0,0,0,1,0,52
Intestinibacter,0,4,0,0,0,0,0,0,0,0,0,0,0,0,0,0,0,0,0,0,0,0,0,0,0,0,0,0,0,0,0,0,0,0
Intestinimonas,18,0,0,0,0,0,108,0,0,0,1,0,0,0,0,0,0,0,0,0,0,0,3,0,1,0,0,0,0,0,0,0,0,31
Intrasporangium,0,0,3,0,0,0,0,0,0,0,0,0,0,0,0,0,0,0,0,0,0,0,0,0,0,0,0,0,0,0,0,0,0,0
Izimaplasma,0,0,0,0,0,1,0,0,0,0,0,0,0,0,0,0,0,0,0,0,0,0,0,0,0,0,0,0,0,0,0,0,0,0
JG30a_KF_32,6,8,0,0,0,0,0,0,0,0,0,0,0,0,0,0,0,0,0,0,0,0,0,0,0,0,0,0,0,0,0,0,0,0
JGI_0000079_D21,0,0,0,0,0,6,0,0,0,0,0,0,0,0,0,0,0,0,0,0,0,0,0,0,0,0,0,0,0,0,0,0,0,0
JGI_0001001_H03,0,9,0,0,0,0,22,0,0,0,0,0,0,0,0,0,0,0,0,0,0,0,0,0,0,0,0,0,0,0,0,0,0,37
JTB255_marine_benthic_group,0,0,0,0,0,0,15,0,0,0,0,0,0,0,0,0,0,0,0,0,0,0,0,0,0,0,0,0,0,0,0,0,0,0
Jahnella,2,0,0,0,0,0,0,0,0,0,0,0,0,0,0,0,0,0,0,0,0,0,0,0,0,0,0,0,0,0,0,0,0,0
Janibacter,0,0,0,0,0,0,22,0,0,0,0,0,3,18,0,0,0,0,0,0,0,0,0,0,0,0,0,0,0,0,0,0,0,32
Janthinobacterium,9,0,0,0,0,0,0,0,0,0,0,0,0,0,0,0,0,0,0,0,0,0,0,0,0,0,0,0,0,0,0,0,0,0
Jatrophihabitans,0,4,0,0,0,3,0,0,2,0,0,0,0,0,0,0,0,0,0,0,8,0,0,0,0,0,0,0,0,26,0,0,0,0
Jeotgalibacillus,0,0,0,0,0,0,199,0,0,0,0,0,0,0,0,0,0,0,0,0,3,0,4,0,354,0,0,0,0,0,0,0,0,0
Jeotgalicoccus,0,0,0,0,0,0,29,0,0,0,0,0,2,2,0,0,0,0,0,0,0,0,0,0,0,0,0,0,0,0,0,0,0,0
Jiangella,0,0,0,0,0,0,0,0,0,0,11,0,0,0,0,0,0,0,0,0,0,0,0,0,0,0,0,0,0,0,0,0,0,0
Johnsonella,12,22,394,346,0,0,0,68,18,52,10,12,17,7,62,11,80,463,60,178,102,18,0,154,0,13,51,5,176,9,65,0,75,0
KCM_B_112,0,0,0,0,24,0,0,0,0,0,0,0,0,0,0,0,0,0,0,0,0,0,0,0,0,0,0,0,0,0,0,0,0,0
KD3_10,0,0,0,0,0,0,0,2,0,0,2,0,0,0,0,0,0,0,0,0,0,0,0,0,0,0,0,0,0,0,0,0,0,0
Keratinibaculum,0,0,0,0,0,0,0,0,0,60,0,0,0,0,0,0,0,0,0,0,0,0,0,0,0,0,0,0,0,0,0,0,0,0
Ketobacter,2,14,0,0,0,0,0,0,0,0,0,0,0,0,0,0,0,0,0,0,0,0,0,0,0,0,0,0,0,0,0,0,0,0
Kibdelosporangium,0,0,0,0,0,0,0,0,0,0,0,0,0,0,0,0,0,0,0,0,27,0,0,0,0,0,0,0,0,0,0,0,0,0
Kineosporia,10,0,0,0,0,0,0,0,0,0,0,0,0,0,0,0,0,0,0,0,0,0,0,0,0,0,0,0,0,0,0,0,0,5
Kingella,56,54,118,139,82,16,0,0,59,19,44,100,70,61,1440,32,597,18,167,62,0,22,0,120,0,99,106,0,38,0,59,77,64,0
Klebsiella,14,0,0,0,0,0,10,209,9,0,43,0,76,27,103,3,0,0,0,0,0,0,362,0,163,0,12,0,0,0,0,42,0,0
Kluyvera,0,0,0,0,0,0,0,0,0,0,0,0,0,0,0,0,0,0,0,0,0,0,202,0,0,0,0,0,0,0,0,0,0,0
Knoellia,0,0,0,0,0,0,0,0,0,0,1,0,0,0,0,0,0,0,0,0,0,0,1,0,0,0,0,0,0,0,0,0,0,0
Kocuria,0,0,0,0,0,0,31,0,0,0,0,0,0,0,0,0,0,0,0,0,0,0,0,0,0,0,0,0,0,0,0,0,0,0
Komagataeibacter,0,0,0,0,0,0,0,0,0,0,0,0,3,0,0,0,0,0,0,0,0,0,0,0,0,0,0,0,0,0,0,0,0,0
Kosakonia,0,0,0,0,0,0,0,12,0,0,0,0,20,0,0,0,0,0,0,0,0,0,0,0,0,0,0,0,0,0,0,0,0,0
Kouleothrix,18,2,0,0,0,4,96,6,0,0,6,0,7,7,0,0,0,0,0,0,4,0,1,0,0,0,0,0,0,0,0,132,0,15
Kribbella,0,0,0,0,0,0,0,0,0,0,2,0,4,0,0,0,0,0,0,3,14,0,0,0,0,0,0,0,0,0,0,17,0,4
Ktedonobacter,0,6,0,0,0,0,0,0,0,0,0,0,0,0,0,0,0,0,0,0,0,0,0,0,0,0,0,0,0,0,0,0,0,0
Kushneria,0,0,0,0,0,17,0,0,0,0,0,0,0,0,0,0,0,0,0,0,0,0,0,0,0,0,0,0,0,0,0,0,0,0
LD29,0,0,2,0,0,4,0,0,0,0,0,0,0,0,0,0,0,0,0,0,0,0,0,0,0,0,0,0,0,0,0,0,0,0
Labrys,0,0,0,0,0,2,0,0,0,0,0,0,0,0,0,0,0,0,0,0,0,0,0,0,0,0,0,0,0,0,0,0,0,0
Lachnoanaerobaculum,38,12,203,435,3,32,21,114,14,137,13,10,44,20,86,15,50,488,46,279,173,41,0,226,0,57,99,2,218,191,101,115,216,0
Lachnoclostridium,16,0,0,0,0,50,206,11,0,0,3,0,13,0,0,0,0,0,0,0,1,0,2,0,210,0,0,0,0,0,123,0,0,211
Lachnospiraceae_FCS020_group,0,0,0,0,0,2,0,0,0,0,0,0,0,0,0,0,0,0,0,0,0,0,0,0,0,0,0,0,0,0,0,0,0,0
Lachnospiraceae_NC2004_group,0,0,0,0,0,0,15,0,0,0,0,0,0,2,0,0,0,0,0,0,0,0,0,0,0,0,0,0,0,0,0,0,0,0
Lachnospiraceae_ND3007_group,0,0,0,0,0,6,0,0,0,0,0,0,3,0,0,0,0,0,0,0,0,0,235,0,0,0,0,0,0,0,0,0,0,0
Lachnospiraceae_NK3A20_group,0,0,0,0,0,24,0,0,0,0,0,0,0,0,0,0,0,0,0,0,0,0,0,0,0,0,0,0,0,0,0,0,0,73
Lachnospiraceae_NK4A136_group,17,15,0,0,0,69,218,5,0,0,45,0,25,20,0,0,0,0,0,0,51,0,20,0,169,0,0,0,0,0,218,0,0,235
Lachnospiraceae_UCG_001,0,0,0,0,0,0,6,0,0,0,0,0,0,0,0,0,0,0,0,0,0,0,0,0,0,0,0,0,0,0,0,0,0,0
Lachnospiraceae_UCG_004,0,0,0,0,0,0,15,0,0,0,0,0,0,0,0,0,0,0,0,0,0,0,0,0,0,0,0,0,0,0,0,0,0,0
Lachnospiraceae_UCG_006,0,0,0,0,0,3,5,4,0,0,0,0,2,4,0,0,0,0,0,0,0,0,0,0,0,0,0,0,0,12,0,0,0,0
Lachnospiraceae_UCG_008,0,0,0,0,0,0,1,0,0,0,0,0,0,0,0,0,0,0,0,0,0,0,0,0,0,0,0,0,0,0,0,0,0,0
Lachnospiraceae_XPB1014_group,0,0,0,0,0,2,0,0,0,0,0,0,0,0,0,0,0,0,0,0,0,0,0,0,0,0,0,0,0,0,0,0,0,0
Lacibacter,0,0,0,0,0,0,0,0,0,0,0,0,1,0,0,0,0,0,0,0,0,0,0,0,0,0,0,0,0,0,0,0,0,0
Lacticaseibacillus,0,0,0,0,0,0,0,2,0,0,5,0,4,0,0,0,0,0,0,0,0,0,0,0,0,3,0,0,0,0,0,0,0,0
Lactiplantibacillus,0,0,0,0,0,83,0,63,0,0,59,0,67,40,0,0,0,0,0,0,0,0,0,0,0,0,0,0,0,0,0,0,0,0
Lactobacillus,38,21,187,13,16,569,536,402,45,0,492,26,457,334,1,10,25,0,0,0,555,22,197,0,936,19,0,18,14,160,117,216,39,217
Lactococcus,0,0,0,0,0,14,0,12,0,0,12,0,9,7,0,0,0,0,0,0,0,0,0,0,0,0,3,0,0,0,35,0,0,76
Lactonifactor,0,0,0,0,0,0,0,0,0,0,0,0,0,0,0,0,0,0,0,0,0,0,0,0,148,0,0,0,0,0,0,0,0,0
Lacunisphaera,0,0,0,0,0,2,0,0,0,0,0,0,0,0,0,0,0,0,0,0,0,0,0,0,0,0,0,0,0,0,0,0,0,0
Lapillicoccus,0,0,0,0,0,0,75,0,0,0,0,0,0,0,0,0,0,0,0,0,0,0,0,0,0,0,0,0,0,0,0,0,0,0
Latilactobacillus,0,0,0,0,0,21,0,0,0,0,8,0,0,4,0,0,0,0,0,0,0,0,0,0,0,0,0,0,0,0,0,0,0,30
Lautropia,1058,214,3142,1167,6086,523,0,580,644,1707,155,17450,203,408,765,1580,1549,203,110,2716,3934,305,60,1969,0,263,181,55,1003,656,128,871,2851,0
Lawsonella,4,0,0,0,0,3,28,0,0,1,0,0,0,0,0,0,0,0,0,0,35,0,0,1,0,0,0,0,0,0,0,0,6,0
Lechevalieria,0,0,0,0,0,0,9,0,0,0,0,0,2,3,0,0,0,0,0,0,0,0,0,0,0,0,0,0,0,0,0,0,0,46
Legionella,0,0,0,0,0,0,0,0,0,0,2,0,1,0,0,0,0,0,0,0,0,0,0,0,0,0,0,0,0,0,0,0,0,0
Leifsonia,0,0,0,0,0,8,0,18,4,0,10,0,18,13,0,0,0,0,0,0,0,0,0,0,0,0,0,0,0,0,0,0,0,0
Leisingera,0,0,7,0,0,0,0,2,0,0,0,0,0,0,0,0,0,0,0,0,0,0,0,0,0,0,0,0,0,0,0,0,0,0
Lentilactobacillus,0,18,0,0,0,29,0,15,0,0,26,0,34,16,0,0,0,0,0,0,0,0,0,0,0,0,0,0,0,0,0,0,0,0
Lentimicrobium,0,48,4,80,0,0,0,9,0,0,1,8,33,11,33,0,216,199,24,274,149,64,0,24,0,0,164,3,18,1,180,129,2,38
Lentimonas,0,0,0,0,0,2,0,1,0,0,1,0,2,0,0,0,0,0,0,0,0,0,0,0,0,0,0,0,0,0,0,0,0,0
Leptospirillum,0,0,0,0,0,0,19,1,0,0,0,0,1,0,0,0,0,0,0,0,0,0,0,0,0,0,0,0,0,0,0,0,0,0
Leptothrix,0,0,0,0,0,0,0,0,0,0,0,0,0,2,0,0,0,0,0,0,0,0,0,0,0,0,0,0,0,0,0,0,0,0
Leptotrichia,532,168,1507,2080,177,180,0,470,217,613,46,266,220,50,1187,257,587,3036,315,1485,988,244,134,1956,0,346,294,95,3634,515,750,1349,678,64
Leucobacter,0,0,0,0,0,89,0,70,0,0,66,0,102,70,0,0,0,0,0,0,0,0,0,0,0,0,0,0,0,0,0,0,0,0
Leuconostoc,0,0,0,0,0,12,0,10,0,0,18,0,10,5,0,0,2,0,0,0,0,0,0,1,0,0,0,0,0,0,0,0,0,0
Levilactobacillus,0,0,0,0,0,0,11,0,0,0,5,0,0,0,0,0,0,0,0,0,0,0,0,0,0,0,0,0,0,0,0,0,0,0
Lewinella,0,2,0,0,0,9,21,0,0,0,0,0,0,0,0,0,0,0,0,0,0,0,0,0,0,0,0,0,0,0,9,0,0,0
Ligilactobacillus,25,4,0,0,0,166,52,69,0,34,155,0,76,58,0,0,0,0,0,25,76,0,157,0,165,10,0,4,0,6,19,90,0,82
Limibaculum,0,0,0,0,0,0,46,2,0,0,2,0,4,0,0,0,0,0,0,0,0,0,0,0,0,0,0,0,0,0,32,0,0,0
Limnobacter,4,0,9,2,0,204,12,285,0,0,247,0,254,211,0,0,9,0,0,36,0,0,195,0,5,0,0,0,0,0,0,5,0,0
Limnochorda,0,0,0,0,0,0,0,0,0,0,0,0,0,0,0,0,0,0,0,0,0,0,0,0,0,0,0,0,0,0,22,0,0,959
Limnohabitans,11,0,5,0,0,0,24,0,0,0,12,0,3,0,0,0,0,0,0,0,0,0,0,0,0,0,0,0,0,0,0,0,0,0
Limosilactobacillus,31,0,8,8,3,211,621,159,0,0,174,15,189,129,0,0,0,0,0,31,435,0,4288,0,3526,0,0,0,2,92,738,3094,11,1644
Listeria,0,0,0,0,0,31,306,3,0,0,22,0,0,0,0,0,0,0,0,0,78,0,1800,0,2878,0,0,0,0,0,243,1353,0,697
Litoricola,0,0,0,0,0,8,0,0,0,0,0,0,0,0,0,0,0,0,0,0,0,0,0,0,0,0,0,0,0,0,0,0,0,0
Litorilinea,0,0,0,0,0,0,12,0,0,0,0,0,4,0,0,0,0,0,0,0,0,0,3,0,0,0,0,0,10,0,0,0,0,0
Loigolactobacillus,0,0,0,0,0,9,0,0,0,0,0,0,0,0,0,0,0,0,0,0,0,0,0,0,0,0,0,0,0,0,0,0,0,0
Longilinea,0,0,0,0,0,0,0,0,0,0,0,0,0,0,0,0,0,0,0,0,0,0,0,0,0,0,0,7,6,0,0,0,39,0
Longimicrobium,0,0,0,0,0,0,23,0,0,0,0,0,0,11,0,0,0,0,0,0,0,0,0,2,0,0,0,0,0,0,0,0,0,0
Longispora,0,0,0,0,0,0,5,0,0,0,0,0,0,0,0,0,0,0,0,0,0,0,0,0,0,0,0,0,0,0,0,0,0,115
Longivirga,0,0,0,0,0,0,0,6,0,0,0,0,0,0,0,0,0,0,0,0,0,0,0,0,0,0,0,0,0,0,0,0,0,0
Luedemannella,0,0,0,0,0,0,0,0,0,0,1,0,0,0,0,0,0,0,0,0,0,0,0,0,0,0,0,0,0,0,0,0,0,0
Luteibacter,0,0,0,0,0,0,0,2,0,0,0,0,0,0,0,0,0,0,0,0,0,0,0,0,0,0,0,0,0,0,0,0,0,0
Luteimonas,8,0,0,0,0,40,54,31,5,0,44,0,38,28,0,0,0,0,0,0,47,1,15,0,1,0,0,0,0,0,63,0,0,54
Luteitalea,0,0,5,0,0,5,49,5,0,0,3,0,0,0,0,0,0,0,3,0,0,0,0,0,0,0,0,0,0,0,0,0,0,0
Luteolibacter,19,0,0,0,0,5,23,7,0,0,19,0,6,9,0,0,0,0,0,0,4,0,75,0,0,0,0,0,0,0,9,0,3,42
Lutimonas,0,0,0,0,0,0,37,0,0,0,0,0,0,0,0,0,0,0,0,0,0,0,0,0,1,0,0,0,0,0,0,0,0,0
Lysinibacillus,9,0,0,0,0,0,0,0,0,0,0,0,3,0,0,0,0,0,0,0,25,0,0,0,0,0,0,0,0,0,0,0,0,0
Lysinimicrobium,0,0,0,0,0,0,46,0,0,0,0,0,0,0,0,0,0,0,0,0,0,0,0,0,0,0,0,0,0,0,0,0,0,0
Lysinimonas,0,0,0,0,0,0,0,0,0,0,0,0,0,0,0,0,29,0,0,0,0,0,0,0,0,0,0,0,0,0,0,0,0,0
Lysobacter,26,0,0,0,0,5,91,3,66,0,10,6,17,4,0,3,0,6,0,0,102,0,10,0,363,0,2,0,1,0,57,9,0,15
M2PT2_76_termite_group,0,0,0,0,0,0,0,0,0,0,0,0,0,2,0,0,0,0,0,0,0,0,0,0,0,0,0,0,0,0,0,0,0,0
MIZ17,0,0,0,0,0,0,0,1,0,0,0,0,0,0,0,0,0,0,0,0,0,0,0,0,0,0,0,0,0,0,0,0,0,0
MND1,0,0,0,0,7,32,399,9,0,0,16,19,33,11,0,0,0,0,0,0,30,0,2,0,5,0,0,0,0,10,20,16,17,205
Macellibacteroides,0,0,0,0,0,2,0,0,0,0,0,19,0,0,0,0,0,0,0,0,0,0,0,0,0,0,0,0,0,0,0,0,0,0
Macrococcus,0,0,0,0,0,3,0,2,0,0,1,0,0,3,0,0,0,0,0,0,0,0,0,0,0,0,0,0,0,0,0,0,0,0
Magnetococcus,0,0,0,0,0,0,0,0,0,0,0,0,0,0,0,0,0,0,0,0,0,0,0,0,0,0,0,0,0,0,0,0,0,0
Magnetospirillum,0,0,0,0,0,0,0,2,0,0,0,0,0,0,0,0,0,0,0,0,0,0,0,0,0,0,0,0,0,0,0,0,0,0
Mailhella,0,0,0,0,0,0,0,1,0,0,0,0,0,0,0,0,0,0,0,0,0,0,0,0,0,0,0,0,0,0,0,0,0,0
Mammaliicoccus,0,0,0,0,0,0,47,0,0,0,0,0,0,0,0,0,0,0,0,0,0,0,0,0,0,0,0,0,0,0,0,0,0,0
Maribacter,0,0,0,0,0,0,0,0,0,0,0,0,0,0,0,0,0,0,0,0,0,0,0,0,0,0,0,0,0,0,0,0,0,4
Maricaulis,0,0,0,0,0,0,0,0,0,0,9,0,0,0,0,0,0,0,0,0,0,0,0,0,0,0,0,0,0,0,0,0,0,0
Marinifilum,0,0,0,0,0,3,0,0,0,0,0,0,1,0,0,0,0,0,0,0,0,0,0,0,0,0,0,0,0,0,0,0,0,0
Mariniradius,0,0,0,0,0,0,3,0,0,0,0,0,0,0,0,0,0,0,0,0,0,0,0,0,0,0,0,0,0,0,0,0,0,0
Marinobacter,0,0,0,0,0,242,43,203,0,0,229,0,306,203,0,0,0,0,0,0,0,0,0,0,2,0,0,0,0,0,23,0,0,534
Marinobacterium,0,0,3,0,0,0,0,0,0,0,0,0,0,0,0,0,0,0,0,0,0,0,0,0,0,0,0,0,0,0,0,0,0,0
Marinoscillum,0,0,0,0,0,4,0,0,0,0,1,0,2,1,0,0,0,0,0,0,0,0,0,0,0,0,0,0,0,0,0,0,0,0
Marinovum,0,0,0,0,0,0,0,0,0,0,0,0,3,10,0,0,0,0,0,0,0,0,0,0,0,0,0,0,0,0,0,0,0,0
Marivita,0,0,0,0,0,115,0,14,0,0,21,0,0,6,0,0,0,0,0,0,0,0,0,0,0,0,0,0,0,0,0,0,0,94
Marmoricola,13,0,0,0,0,0,18,82,0,0,0,0,0,0,0,0,0,0,0,0,0,0,0,0,0,0,0,0,0,0,2,0,0,0
Marvinbryantia,0,0,0,0,0,0,23,0,0,0,0,0,0,0,0,0,0,0,0,0,0,0,3,0,3,0,0,0,0,0,0,0,0,0
Massilia,16,13,4,13,0,21,80,3,10,18,7,7,16,10,0,0,6,0,0,0,104,0,69,0,15,0,0,3,0,0,38,26,0,106
Megamonas,2,0,0,0,0,9,0,1,0,0,8,0,2,4,0,0,0,0,0,0,0,0,0,0,0,0,0,0,0,0,0,0,0,0
Megasphaera,8,0,0,0,8,0,0,3,2,0,17,0,46,4,141,19,0,0,0,0,0,0,0,8,0,21,42,0,10,30,0,0,2,0
Melittangium,0,0,0,0,0,0,0,0,0,0,0,0,1,0,0,0,0,0,0,0,0,0,0,0,0,0,0,0,0,0,0,0,0,0
Mesonia,0,0,0,0,0,17,0,0,0,0,0,0,0,0,0,0,0,0,0,0,0,0,0,0,0,0,0,0,0,0,0,0,0,0
Mesorhizobium,15,6,0,0,0,21,93,0,0,0,15,0,31,12,0,9,0,0,0,0,0,0,2,0,2,0,0,0,0,0,0,158,0,0
Mesotoga,0,0,0,0,0,0,0,2,0,0,3,0,2,1,0,0,0,0,0,0,0,0,0,0,0,0,0,0,0,0,0,0,0,0
Methanobacterium,0,0,0,0,0,12,0,12,0,0,9,0,11,0,0,0,0,0,0,0,0,0,0,0,0,0,0,0,0,0,0,0,0,0
Methanobrevibacter,0,0,0,0,0,0,50,1,0,0,4,0,3,0,0,0,0,0,0,0,0,0,0,0,0,0,0,0,0,0,0,0,0,0
Methanocorpusculum,0,0,0,0,0,0,0,0,0,0,0,0,1,0,0,0,0,0,0,0,0,0,0,0,0,0,0,0,0,0,0,0,0,0
Methanoculleus,0,0,0,4,21,4,11,0,0,38,3,14,47,2,0,0,13,6,5,14,0,0,0,0,38,11,2,9,9,5,0,0,20,0
Methanolobus,0,0,0,0,0,1,0,2,0,0,8,0,2,0,0,0,0,0,0,0,0,0,0,0,0,0,0,0,0,0,0,0,0,27
Methanomassiliicoccus,0,0,0,0,11,0,5,0,0,0,0,4,0,0,0,0,0,0,0,0,0,6,0,0,0,0,0,15,2,0,0,0,0,0
Methanosaeta,0,0,0,0,0,0,0,0,0,0,0,0,0,0,0,0,0,0,0,0,0,0,0,0,11,5,0,0,0,0,0,0,0,0
Methylibium,0,0,0,0,0,0,43,0,2,0,0,0,0,0,0,0,0,0,0,0,0,0,0,0,26,0,0,0,0,0,0,0,0,0
Methylobacillus,0,0,0,0,0,4,0,0,0,0,5,0,0,0,0,0,0,0,0,0,0,0,0,0,0,0,0,0,0,0,0,0,0,0
Methylobacter,0,0,0,0,0,0,4,0,0,0,0,0,0,0,0,0,0,0,0,0,0,0,0,0,0,0,0,0,0,0,0,0,0,0
Methylobacterium_Methylorubrum,6,8,4,0,0,50,25,37,0,0,29,0,41,26,0,0,0,0,0,15,0,0,0,0,0,0,0,0,0,0,0,0,36,0
Methylocapsa,0,0,0,0,0,0,32,0,0,0,0,0,0,0,0,0,0,0,0,0,0,0,0,0,0,0,0,0,0,0,0,0,0,0
Methyloceanibacter,0,0,0,0,0,0,10,25,0,0,0,0,0,0,0,0,0,0,0,0,0,0,201,0,0,0,0,0,3,0,0,0,0,79
Methylocella,0,0,0,0,0,0,0,0,0,0,8,0,0,0,0,0,0,0,0,0,0,0,0,0,0,0,0,0,0,0,0,0,0,0
Methylocystis,23,0,0,0,0,0,0,0,0,4,0,0,0,5,0,0,0,0,0,0,0,0,142,0,0,0,0,0,0,0,14,0,0,7
Methyloferula,0,0,0,0,0,5,0,0,0,0,0,0,0,0,0,0,0,0,0,0,0,0,0,0,0,0,0,0,0,0,0,0,0,0
Methyloparacoccus,0,0,0,0,0,0,0,0,0,0,1,0,0,0,0,0,0,0,0,0,0,13,0,0,0,0,0,0,0,0,0,0,0,0
Methylophaga,0,7,0,0,0,0,11,0,0,0,0,0,0,0,0,0,0,0,0,0,0,0,0,0,0,0,0,0,0,0,0,0,0,0
Methylophilus,18,0,0,0,0,2,130,2,22,0,0,15,0,1,3,0,0,0,0,0,0,0,1,0,1,2,0,0,0,0,0,0,0,0
Methylopila,0,0,0,0,0,2,0,0,0,0,0,0,0,0,0,0,0,0,0,0,0,0,0,0,0,0,0,0,0,0,0,0,0,0
Methylosinus,0,0,0,0,0,0,0,0,0,0,0,0,0,0,0,0,0,0,0,0,3,0,0,0,0,0,0,0,0,0,0,0,0,0
Methylotenera,0,0,0,0,0,0,0,0,0,0,2,0,2,0,0,0,0,0,0,0,0,0,0,0,0,0,0,0,0,0,0,0,0,0
Methyloversatilis,97,127,33,5,11,37,0,112,43,122,54,61,34,53,19,86,76,48,18,81,180,8,0,14,0,22,36,14,36,14,105,16,25,68
Microbacterium,0,0,0,0,0,0,5,9,0,0,0,0,0,0,0,0,0,0,0,0,0,0,0,0,0,0,0,0,0,0,0,0,0,0
Microbispora,0,0,0,0,0,0,0,0,0,0,3,0,0,0,0,0,0,0,0,0,0,0,0,0,0,0,0,0,0,0,21,0,0,0
Microbulbifer,0,0,0,0,0,0,0,0,0,0,0,0,0,0,0,0,0,0,0,0,0,0,0,0,0,0,0,0,0,0,0,0,0,51
Micrococcus,0,0,0,0,0,0,0,0,0,0,0,0,0,0,0,0,0,0,0,0,0,0,0,0,0,0,0,0,0,0,3,0,0,0
Microcoleus_PCC_7113,0,0,0,0,0,0,30,0,0,0,0,0,0,0,0,0,0,0,0,0,0,0,0,0,0,0,0,0,0,0,0,0,0,0
Microcoleus_SAG_1449_1a,0,0,0,0,0,2,0,0,0,0,0,0,0,0,0,0,0,0,0,0,0,0,0,0,0,0,0,0,0,0,0,0,0,0
Microcystis_PCC_7914,0,0,0,0,0,2,0,0,0,0,0,0,0,0,0,0,0,0,0,0,0,0,0,0,0,0,0,0,0,0,0,0,0,0
Microlunatus,11,0,0,0,0,0,2,0,0,0,0,0,0,0,0,0,0,0,0,0,0,0,0,0,0,0,0,0,0,0,0,0,0,0
Micromonospora,0,0,0,0,0,13,31,12,0,0,29,20,2,0,0,0,0,0,0,0,0,0,0,0,28,0,8,0,0,8,0,0,22,0
Microvirga,0,0,0,2,0,7,180,126,0,0,6,0,3,1,0,0,0,0,0,0,8,0,0,0,3,0,0,0,0,0,0,0,0,48
Mitsuaria,8,0,0,0,0,0,25,0,0,0,0,0,0,0,0,0,0,0,0,0,0,0,0,0,0,0,0,0,0,0,0,0,0,0
Mizugakiibacter,0,0,0,0,0,0,0,0,0,5,0,0,0,0,0,0,0,0,0,0,0,0,0,0,0,0,0,0,0,0,0,0,0,0
Mobiluncus,0,0,0,0,0,0,0,0,0,18,0,0,0,0,0,0,0,0,0,0,0,0,0,0,0,0,3,0,0,0,0,0,0,0
Modestobacter,0,2,0,3,0,7,39,0,0,0,0,0,9,0,0,0,0,0,0,0,0,0,0,0,0,0,0,0,0,0,0,0,0,0
Mogibacterium,0,0,3,0,0,0,0,0,7,0,0,0,0,0,0,0,4,0,0,8,0,0,0,0,0,0,4,0,0,0,38,0,3,0
Moheibacter,0,0,0,0,0,0,0,0,0,0,0,0,2,0,0,0,0,0,0,0,0,0,0,0,0,0,0,0,0,0,0,0,0,0
Monoglobus,8,0,0,0,0,12,77,8,0,0,0,0,14,4,0,0,0,0,0,0,1,0,0,0,0,0,0,0,0,0,0,0,0,0
Moraxella,0,0,0,0,0,0,0,0,0,0,0,12,0,0,0,258,139,0,0,0,0,0,0,20,0,0,0,0,0,0,0,632,0,0
Morganella,5,0,0,0,0,0,14,0,0,0,3,0,0,0,0,0,0,0,0,2,0,0,0,0,0,0,0,0,0,0,0,0,0,24
Motilimonas,0,0,0,0,0,0,3,0,0,0,0,0,0,0,0,0,0,0,0,0,0,0,0,0,0,0,0,0,0,0,0,0,0,0
Mucilaginibacter,5,0,0,0,4,0,16,3,0,0,3,0,0,1,0,0,0,0,0,0,0,0,0,0,0,0,0,0,0,0,0,0,0,0
Mucispirillum,6,0,0,0,0,5,33,7,0,0,12,0,4,5,0,0,0,0,0,0,0,0,0,0,2,0,0,0,0,0,0,0,0,0
Murdochiella,0,0,0,0,0,2,0,0,0,0,2,0,3,0,0,0,0,0,0,0,0,0,0,0,0,0,0,0,0,0,0,0,0,0
Muribaculum,28,0,3,0,0,36,220,23,0,0,23,0,16,12,0,0,0,0,0,0,8,0,0,0,22,0,0,0,0,0,28,0,0,0
Mycobacterium,0,5,0,0,0,705,44,659,16,21,533,14,562,613,1,0,17,11,0,0,0,9,0,0,168,0,7,0,0,0,0,94,17,108
Mycoplasma,26,19,2,54,0,91,0,82,0,0,110,1,67,145,16,28,143,217,20,65,97,174,0,22,0,0,345,0,0,11,183,0,32,0
Myroides,0,0,0,0,0,0,0,0,0,0,0,0,5,0,0,0,0,0,0,0,0,0,0,0,0,0,0,0,0,0,0,0,0,0
Myxococcus,0,0,0,0,0,0,12,0,0,0,0,0,0,0,0,0,0,0,0,0,8,0,0,0,0,0,0,0,0,0,0,0,0,0
NK4A214_group,0,0,0,0,0,26,177,0,0,0,3,0,10,6,0,0,0,0,0,0,2,0,0,0,3,0,0,0,0,0,0,0,0,41
NS4_marine_group,0,0,0,0,0,0,7,0,0,0,0,0,0,0,0,0,0,0,0,0,0,0,1,0,0,0,0,0,0,0,40,0,0,0
Nakamurella,10,0,0,0,0,0,20,0,0,0,0,0,0,0,0,0,0,0,0,0,0,0,0,0,0,0,0,0,0,0,0,0,0,0
Nannocystis,0,0,0,0,0,3,0,1,9,0,3,0,0,2,0,0,0,0,0,0,0,0,0,0,6,0,0,0,0,0,0,0,0,0
Natranaerovirga,0,0,0,0,0,0,0,0,0,0,0,0,0,0,0,0,0,0,0,0,0,0,0,0,0,0,0,0,0,0,52,0,0,0
Natrialba,0,0,0,0,0,0,12,0,0,0,0,0,0,5,0,0,0,0,0,0,0,0,0,0,0,0,0,0,0,0,0,0,0,0
Natribacillus,0,0,0,0,4,0,0,0,0,2,0,0,6,0,2,3,5,3,2,12,0,3,0,0,0,0,0,0,0,0,0,0,0,0
Natronomonas,0,0,0,0,0,0,0,0,0,0,5,0,6,0,0,0,0,0,0,0,0,0,74,0,0,0,0,0,0,0,0,0,0,69
Natronorubrum,0,0,0,0,0,0,0,6,0,0,5,0,0,0,0,0,0,0,0,0,0,0,0,0,0,0,0,0,0,0,20,0,0,0
Neisseria,2964,5157,4011,600,3119,182,53,1127,10311,14736,625,4922,1893,1054,5531,4508,4963,300,2488,6105,5326,1206,1,5222,6,2322,3146,1869,1162,1864,958,5103,2213,22
Neochlamydia,0,0,0,0,0,0,0,0,0,0,0,0,0,0,0,0,0,0,0,0,0,0,0,0,0,0,0,0,8,0,0,0,0,0
Neptuniibacter,0,0,0,0,0,0,0,0,0,0,1,0,0,0,0,0,0,0,0,0,0,0,0,0,0,0,0,0,0,0,0,0,0,0
Nesterenkonia,25,5,2,4,9,0,0,10,14,8,4,3,12,0,5,0,0,0,0,0,13,12,0,0,0,0,0,0,6,0,6,0,0,17
Niabella,0,0,0,0,0,0,36,2,0,0,0,0,0,1,0,0,0,0,0,0,0,0,0,0,3,0,0,0,0,0,0,0,0,0
Niastella,0,0,0,0,0,0,5,1,0,0,3,0,6,1,0,0,0,0,0,0,0,0,0,0,3,0,0,0,0,0,0,0,0,0
Nibribacter,0,0,0,0,0,0,0,0,0,0,0,0,0,0,0,0,0,0,0,0,0,0,0,0,0,0,0,0,0,0,34,0,0,0
Nioella,0,0,0,0,0,11,0,0,0,0,0,0,0,0,0,0,0,0,0,0,0,0,0,0,0,0,0,0,0,0,0,0,0,0
Nissabacter,0,0,0,0,0,0,0,0,0,0,0,0,0,0,0,0,0,0,0,0,0,0,222,0,0,0,0,0,0,0,0,0,0,0
Nitrolancea,0,0,0,0,0,0,0,0,0,0,2,0,1,0,0,0,0,0,0,0,0,0,0,0,0,0,0,0,0,0,0,0,0,0
Nitrosarchaeum,0,0,0,0,0,0,0,1,0,0,0,0,0,0,0,0,0,0,0,0,5,0,0,0,0,0,0,0,0,0,0,0,0,0
Nitrosomonas,0,0,0,0,0,0,14,0,4,0,0,0,0,0,0,0,0,0,0,0,0,0,1,0,0,0,0,0,0,0,0,0,0,0
Nitrospira,54,0,0,0,0,71,206,28,0,53,24,0,24,39,0,0,0,0,1,0,0,0,15,0,171,0,0,0,0,0,42,0,0,341
Nocardia,0,0,0,0,0,5,14,0,0,0,19,0,3,7,0,0,0,0,0,0,0,0,0,0,0,0,0,0,0,0,0,0,0,0
Nocardioides,20,4,0,0,0,46,211,35,16,111,61,0,37,51,0,2,0,0,0,6,27,0,28,0,2,0,0,0,0,0,0,47,0,123
Nodosilinea_PCC_7104,0,0,0,0,0,0,15,0,0,0,0,0,0,0,0,0,0,0,0,0,0,0,0,0,0,0,0,0,0,0,0,0,0,0
Nonomuraea,0,0,0,0,0,0,24,0,0,0,0,0,0,0,0,0,0,0,0,0,0,0,1,0,0,0,0,0,0,0,0,0,0,0
Nordella,21,0,3,0,0,52,134,36,0,0,38,0,32,33,0,0,0,0,0,0,2,0,0,0,0,0,0,0,0,0,0,0,0,0
Nostoc_PCC_7107,0,0,0,0,0,0,0,0,0,0,2,0,0,0,0,0,0,0,0,0,0,0,0,0,0,0,0,0,0,0,0,0,0,0
Noviherbaspirillum,0,0,0,0,0,0,18,9,0,0,10,0,6,0,0,0,0,0,0,0,0,0,0,0,0,0,0,0,0,0,0,0,0,0
Novosphingobium,0,0,7,2,0,0,33,2,0,14,13,0,3,24,0,0,4,0,0,19,11,0,0,0,0,0,20,0,0,0,0,0,0,57
OLB12,0,0,0,0,0,0,0,1,0,0,3,0,0,7,0,0,0,0,0,0,0,0,0,0,0,0,0,0,0,0,0,0,0,0
OLB13,0,0,0,0,0,0,0,0,0,0,4,0,0,0,0,0,22,0,0,18,0,0,0,0,0,0,0,0,0,0,0,0,0,0
OM27_clade,3,4,0,0,0,0,30,0,0,1,2,0,3,4,0,0,0,0,5,0,3,0,0,0,201,0,0,0,0,0,0,0,0,0
OM60_NOR5__clade,0,0,0,0,0,0,26,2,0,0,0,0,0,0,0,0,0,0,0,0,3,0,0,0,0,0,0,0,0,0,0,12,0,0
Occallatibacter,0,0,0,0,0,4,43,5,0,0,0,0,2,5,0,0,0,0,0,5,0,0,0,0,0,0,0,0,0,0,0,0,0,1
Oceanivirga,0,0,0,0,0,0,0,0,0,0,0,43,0,0,0,14,0,761,0,0,0,0,0,0,0,0,610,0,0,0,0,0,0,0
Oceanobacillus,0,0,0,0,11,5,0,0,2,0,6,0,0,7,0,0,0,0,0,0,0,0,0,0,0,0,0,0,0,0,0,0,0,192
Ochrobactrum,0,0,0,0,0,329,0,283,0,0,344,0,348,239,0,0,0,0,0,0,0,0,0,0,0,0,0,0,0,0,0,0,0,118
Odoribacter,0,0,0,0,0,4,61,7,0,0,7,0,4,3,0,0,1,0,0,0,65,0,12,0,0,0,0,0,6,0,105,0,0,0
Ohtaekwangia,10,0,0,0,0,0,36,0,0,2,2,0,0,0,0,0,0,0,0,0,6,0,241,0,0,0,0,0,0,13,0,0,0,60
Oligella,0,0,0,0,0,0,0,0,0,0,0,0,2,0,0,0,0,0,0,0,0,0,0,0,0,0,0,0,0,0,0,0,0,0
Oligoflexus,0,0,0,0,0,0,0,0,0,0,1,0,0,0,0,0,0,0,0,0,0,0,98,0,0,0,0,0,0,0,0,0,0,0
Olivibacter,0,0,0,0,0,0,0,4,0,0,2,0,0,0,0,0,0,0,0,0,0,0,0,0,0,0,0,0,0,0,0,0,0,0
Olsenella,17,7,16,5,0,27,50,8,8,15,6,0,4,2,1,0,0,3,14,16,115,3,0,4,0,0,3,0,21,36,26,0,2,95
Opitutus,0,13,0,0,0,2,22,2,0,0,11,0,4,0,0,0,0,0,0,0,3,0,9,0,0,9,0,0,0,0,0,0,0,0
Oribacterium,46,13,23,11,0,19,0,44,39,26,10,27,24,26,80,30,0,101,6,122,73,6,0,13,0,31,133,0,51,66,83,0,37,1
Ornithinibacter,0,0,0,0,0,0,0,0,0,0,0,0,0,0,0,0,0,0,0,0,0,0,0,0,0,0,0,0,0,0,0,93,17,0
Ornithinimicrobium,0,0,0,0,0,0,0,0,0,0,0,0,0,0,0,0,0,0,0,0,0,0,0,0,0,0,0,0,0,0,0,0,0,26
Ornithobacterium,0,0,0,0,0,0,0,0,0,0,0,0,0,2,0,0,0,0,0,0,0,0,0,0,0,0,0,0,0,0,0,0,0,0
Oryzihumus,0,0,0,0,0,0,0,0,0,0,0,0,0,0,0,0,0,0,0,0,0,0,0,0,0,0,0,0,0,0,0,0,0,27
Oscillibacter,0,0,0,6,0,4,78,3,0,0,3,0,2,4,0,0,0,0,0,0,0,0,1,0,187,0,0,0,0,0,39,0,0,0
Ottowia,0,0,0,0,0,21,0,0,0,0,18,0,0,0,0,0,0,0,0,0,0,0,0,0,0,0,0,0,0,0,0,0,0,0
Oxalicibacterium,0,0,0,0,0,0,0,0,0,0,3,0,0,0,0,0,0,0,0,0,0,0,0,0,0,0,0,0,0,0,0,0,0,0
Oxalobacter,0,0,0,0,0,0,0,0,0,0,0,0,0,0,0,0,0,0,0,0,28,0,0,0,0,0,0,0,0,0,0,0,0,0
Oxobacter,0,4,0,0,0,0,0,0,0,0,0,0,0,0,0,0,0,0,0,0,2,0,0,0,139,0,0,0,0,0,0,0,0,0
P3OB_42,0,0,4,0,0,3,60,13,0,19,9,0,10,1,0,0,0,0,0,0,5,0,1,0,0,0,0,0,5,0,101,0,0,129
PMMR1,8,0,0,0,0,0,0,0,0,0,0,0,0,0,0,0,0,0,0,0,0,0,0,0,0,0,0,0,0,0,0,0,0,0
Paenalcaligenes,0,0,0,0,0,2,0,0,0,0,0,0,0,0,0,0,0,0,0,0,0,0,0,0,0,0,0,0,0,0,0,0,0,0
Paenarthrobacter,0,0,0,0,0,0,0,0,1,0,0,0,0,2,0,0,0,0,0,0,0,0,0,0,0,0,0,0,0,0,0,0,0,0
Paenibacillus,124,145,39,6,34,48,44,103,70,358,51,106,76,44,0,84,87,63,24,97,342,34,300,27,0,47,5,58,29,23,45,54,52,49
Paenisporosarcina,0,0,0,0,0,0,0,0,0,0,0,0,2,3,0,0,0,0,0,0,0,0,0,0,0,0,0,0,0,0,0,0,0,0
Pajaroellobacter,12,0,0,0,0,7,3,1,0,0,5,19,4,4,0,0,0,0,0,0,77,0,0,0,96,0,0,0,0,0,0,0,0,0
Paludibacter,0,0,0,0,0,0,0,0,0,0,0,0,0,0,0,0,0,0,0,0,0,0,0,0,0,0,0,0,0,0,0,0,0,21
Paludicola,0,0,0,0,0,0,17,0,0,0,2,0,0,0,0,0,0,0,0,0,0,0,0,0,0,0,0,0,0,0,0,0,0,0
Paludisphaera,0,0,0,0,0,0,0,7,0,0,5,0,12,10,0,0,0,0,0,0,0,16,0,0,0,0,0,0,0,0,0,0,0,0
Pantoea,0,0,5,0,0,0,11,11,0,0,7,0,7,0,0,0,0,0,0,0,17,0,0,0,0,0,0,0,0,8,0,0,0,0
Papillibacter,0,0,0,0,0,0,0,0,0,0,0,0,0,0,0,0,0,0,0,0,0,0,0,0,0,0,0,0,0,0,0,100,0,0
Parabacteroides,0,0,0,0,2,85,449,14,0,0,27,0,19,23,0,0,0,0,0,2,142,0,831,0,2,0,0,0,0,0,14,178,0,143
Paraclostridium,0,0,0,0,0,0,0,5,0,0,0,0,0,0,0,0,0,0,0,0,0,0,0,0,0,0,0,0,0,0,0,0,0,0
Paracoccus,0,0,1,0,0,388,0,394,7,0,373,0,411,338,1,0,0,0,0,0,0,0,0,0,0,0,0,0,0,0,0,0,0,54
Parafrigoribacterium,0,0,0,0,0,0,0,0,0,0,0,0,0,1,0,0,0,0,0,0,0,0,0,0,0,0,0,0,0,0,0,0,0,0
Parahaliea,0,0,0,0,0,0,0,0,0,0,0,0,0,0,0,0,0,0,0,0,0,0,0,0,0,0,0,0,0,0,37,0,0,34
Paramesorhizobium,0,0,0,0,12,0,0,0,0,0,0,0,0,0,0,0,0,0,0,0,0,0,0,0,0,0,0,0,0,0,0,0,0,0
Parapedobacter,0,0,0,0,0,17,0,0,0,0,8,0,22,22,0,0,0,0,0,0,0,0,0,0,0,0,0,0,0,0,0,0,0,0
Paraprevotella,0,0,0,0,0,0,0,0,0,0,1,0,3,3,0,0,0,0,0,0,0,0,0,0,0,0,0,0,0,0,0,0,0,0
Parasegetibacter,21,0,0,0,0,0,12,0,0,0,0,0,0,0,0,0,0,0,0,0,0,0,0,0,0,0,0,0,0,0,0,0,0,0
Parasutterella,2,0,0,0,0,4,95,69,0,0,11,0,5,5,0,0,0,0,0,0,0,0,1,0,0,0,0,0,0,0,0,0,0,69
Parvibacter,0,0,0,0,0,0,0,0,0,0,0,0,0,0,0,0,0,0,0,0,0,0,0,0,0,0,0,0,0,0,0,0,0,0
Parvimonas,1,37,2,10,0,4,0,0,23,0,11,7,3,17,22,57,39,78,32,153,85,32,0,8,0,4,39,26,0,37,63,29,0,0
Parviterribacter,0,0,0,0,0,0,52,0,0,0,0,0,2,0,0,0,0,0,0,0,0,0,2,0,0,0,0,0,0,0,0,0,0,0
Patulibacter,0,0,0,0,0,0,6,0,0,0,0,0,0,0,0,0,0,0,0,0,0,0,0,0,1,0,0,0,0,0,0,0,0,0
Paucibacter,42,0,43,65,42,243,79,195,59,163,131,48,295,129,15,13,8,8,63,21,145,64,29,1,39,1,34,3,6,97,12,63,26,371
Paucilactobacillus,0,0,0,0,0,1,0,2,0,0,2,0,5,0,0,0,0,0,0,0,0,0,0,0,0,0,0,0,0,0,0,0,0,0
Pectobacterium,0,0,0,0,0,0,0,0,0,0,1,0,0,0,0,0,0,0,0,0,0,0,0,0,0,0,0,0,0,0,0,0,0,0
Pediococcus,0,0,0,0,0,14,9,18,0,0,0,0,13,6,0,0,0,0,0,0,0,0,0,0,0,0,0,0,0,6,0,0,0,0
Pedobacter,0,0,0,0,0,8,0,0,0,8,1,0,11,6,0,0,0,0,2,0,39,0,0,0,27,0,0,0,0,0,63,0,0,31
Pedococcus_Phycicoccus,8,0,0,0,0,0,17,6,2,0,14,0,0,0,0,0,0,0,0,0,16,0,0,0,0,0,0,0,0,0,0,0,0,50
Pedomicrobium,0,0,0,0,0,3,124,0,0,0,15,0,8,21,0,0,0,0,0,0,0,0,0,0,0,0,3,0,10,0,0,0,0,0
Pelagibaca,0,0,0,0,0,0,0,0,0,0,0,0,0,0,0,0,0,26,0,0,0,0,0,0,0,0,0,0,0,0,0,0,0,0
Pelagibacterium,0,0,0,0,0,0,0,0,0,0,0,0,3,2,0,0,0,0,0,0,0,0,0,0,0,0,0,0,0,0,0,0,0,0
Pelagibius,0,0,0,0,0,0,18,0,0,0,0,0,0,0,0,0,0,0,0,0,0,0,0,0,0,0,0,0,0,0,0,0,0,3
Pelobacter,0,0,0,0,0,0,8,0,0,0,0,0,0,0,0,0,0,0,0,0,1,0,0,0,0,0,0,0,0,0,0,0,0,0
Pelomonas,7,0,1,0,0,4,14,0,0,5,0,0,2,0,0,0,0,0,0,0,0,0,0,0,0,0,0,0,0,0,0,0,0,0
Pelosinus,0,0,0,0,0,0,0,0,0,0,0,0,0,0,0,0,0,0,0,0,0,0,0,0,0,0,0,0,0,0,0,0,2,0
Pelospora,0,0,0,0,0,0,0,0,0,0,0,0,0,0,0,0,13,0,0,0,0,0,0,0,0,0,0,0,0,0,0,0,0,0
Peptoanaerobacter,0,0,0,3,0,0,0,0,0,0,0,0,0,6,0,0,0,17,0,27,80,3,0,12,0,0,6,0,0,0,21,0,0,0
Peptoclostridium,0,0,0,0,0,0,0,0,0,0,1,0,0,0,0,0,0,0,0,0,0,0,0,0,0,0,0,0,0,0,0,0,0,0
Peptococcus,8,31,25,2,0,0,0,0,5,3,4,3,0,10,3,4,21,112,13,16,85,51,50,19,0,18,37,4,4,11,20,89,7,0
Peptoniphilus,0,0,0,0,0,3,0,4,0,0,0,0,3,0,0,0,0,0,0,4,0,0,0,0,0,0,0,0,0,0,0,0,0,0
Peptostreptococcus,15,3,39,10,0,6,0,38,101,46,19,0,5,71,28,72,14,138,54,106,8,28,0,12,0,102,42,2,0,44,84,0,6,0
Peredibacter,0,0,0,0,0,0,39,0,0,0,2,0,2,2,0,0,0,0,0,0,0,0,2,0,0,0,0,0,0,0,22,0,0,0
Petrimonas,0,0,0,0,0,0,0,1,0,0,3,0,2,0,0,0,0,0,0,0,0,0,0,0,0,0,0,0,0,0,0,0,0,105
Phascolarctobacterium,6,0,0,0,0,4,28,11,0,0,8,0,4,8,0,0,0,0,0,0,0,0,0,3,0,0,0,0,0,0,0,95,0,75
Phaselicystis,0,0,0,0,0,0,52,0,0,0,2,0,0,0,0,0,0,0,0,0,0,0,0,0,0,0,0,0,0,0,0,0,0,0
Phenylobacterium,16,0,1,0,0,3,17,3,0,0,57,0,29,0,0,0,0,0,0,4,45,8,0,0,0,0,2,2,9,0,19,0,0,26
Phocaeicola,0,0,0,1,0,0,0,0,0,0,4,0,0,0,0,0,39,24,0,109,31,0,0,6,0,16,49,0,14,25,4,0,0,0
Photobacterium,0,0,0,0,0,1,23,7,0,0,1,0,6,0,0,0,0,0,0,0,0,0,0,0,0,0,0,0,0,0,0,0,0,65
Photorhabdus,0,0,0,0,0,0,0,0,0,0,0,0,0,2,0,0,0,0,0,0,0,0,0,0,0,0,0,0,0,0,0,0,0,0
Phyllobacterium,0,0,0,0,0,0,0,0,0,0,0,0,8,5,0,0,0,0,0,0,0,0,0,0,0,0,0,0,0,0,0,0,0,52
Pigmentiphaga,0,0,0,0,0,7,0,0,0,0,11,0,0,0,0,0,0,0,0,0,0,0,0,0,0,0,0,0,0,0,0,0,0,0
Pir4_lineage,0,0,0,0,0,2,0,0,0,0,0,0,0,0,0,0,0,0,0,0,0,0,0,0,0,0,0,0,0,0,0,0,0,0
Pirellula,0,0,0,0,0,0,0,22,0,0,18,0,21,6,0,0,0,0,0,0,0,0,0,0,0,0,0,0,0,0,0,0,0,0
Piscinibacter,0,0,0,0,0,0,0,0,0,0,0,0,0,0,0,0,0,0,0,0,23,0,172,0,0,0,0,0,0,0,0,0,0,53
Planctomicrobium,0,0,0,0,0,0,0,0,0,0,0,0,0,0,0,0,0,0,0,0,4,0,0,0,0,0,0,0,0,0,0,0,0,0
Planctopirus,0,0,0,0,0,5,0,0,0,0,3,0,2,0,0,0,0,0,0,0,0,0,0,0,0,0,0,0,0,0,0,0,0,0
Planifilum,0,0,0,0,0,0,0,0,0,0,0,0,0,0,0,0,0,0,0,0,0,0,0,0,0,0,0,0,0,0,0,0,0,110
Planktosalinus,0,0,0,0,0,6,0,0,0,0,2,0,0,0,0,0,0,0,0,0,0,0,0,0,0,0,0,0,0,0,0,0,0,0
Planktotalea,0,0,0,0,0,0,0,0,0,0,11,0,0,0,0,0,0,0,0,0,0,0,0,0,0,0,0,0,0,0,0,0,0,0
Planktothrix_NIVA_CYA_15,0,0,0,0,0,0,0,0,0,0,5,0,3,0,0,0,0,0,0,0,0,0,0,0,0,0,0,0,0,0,0,0,0,0
Planococcus,0,0,0,0,0,0,0,4,0,48,0,0,0,0,0,0,0,0,0,0,0,0,0,0,0,0,0,0,0,0,0,0,0,0
Planomicrobium,0,0,0,0,0,4,103,0,0,0,0,0,0,0,0,0,0,0,0,0,0,0,3,0,0,0,0,0,0,0,0,0,0,0
Plantactinospora,0,0,0,0,0,2,0,1,0,0,0,0,4,0,0,0,0,0,0,0,0,0,0,0,0,0,0,0,0,0,0,0,0,0
Plesiomonas,0,0,0,0,0,15,0,9,0,0,0,0,8,13,0,0,0,0,0,0,0,0,0,0,0,0,0,0,0,0,0,0,0,0
Polaribacter,0,4,0,2,0,0,0,0,0,0,0,0,0,0,0,0,0,0,0,0,0,0,0,0,0,0,0,0,0,0,0,0,0,43
Polaromonas,0,6,0,0,0,0,0,0,0,0,0,0,0,0,0,0,0,0,0,0,6,0,0,0,0,0,0,0,0,0,0,0,0,0
Polyangium,10,0,0,0,0,0,0,0,0,0,0,0,2,0,0,0,0,0,0,0,0,0,0,0,0,0,0,0,0,0,0,0,0,0
Polycyclovorans,0,0,0,0,0,1,0,1,0,0,7,0,4,0,0,0,0,0,0,0,0,0,0,0,0,0,0,0,0,0,0,0,0,0
Polynucleobacter,0,0,0,0,0,10,22,4,0,0,0,0,10,0,0,0,0,0,0,0,0,0,0,0,0,0,0,0,0,0,0,0,0,0
Pontibacter,0,0,0,0,0,3,7,0,0,0,0,0,3,0,0,0,0,0,0,0,0,0,0,0,47,0,0,0,0,0,3,0,0,20
Pontimonas,0,0,0,0,0,39,0,19,0,0,49,0,21,12,0,0,0,0,0,0,0,0,0,0,0,0,0,0,0,0,0,0,0,0
Pontivivens,0,0,0,0,0,0,4,0,0,0,0,0,0,0,0,0,11,0,0,0,0,0,0,0,0,0,0,0,0,0,0,0,0,0
Porphyrobacter,76,5,15,0,0,14,19,45,0,10,0,0,0,0,0,15,2,0,0,4,0,0,0,0,0,0,0,0,0,0,4,0,0,113
Porphyromonas,99,495,221,112,26,151,2,122,131,885,415,267,168,405,958,746,1031,1476,470,577,392,986,19,258,0,835,1799,283,362,282,1395,331,194,0
Porticoccus,0,6,0,0,0,0,0,0,0,0,0,0,0,0,0,0,0,0,0,0,0,0,0,0,0,0,0,0,0,0,0,0,0,0
Povalibacter,2,0,0,0,0,4,5,0,0,0,11,0,0,0,0,0,0,0,0,0,0,0,0,0,8,0,0,0,0,0,0,0,0,0
Prevotella,88,413,429,1058,17,169,103,141,486,293,287,266,289,433,1488,957,470,1712,575,994,681,628,22,525,0,824,351,43,557,2297,687,328,192,0
Prevotella_7,50,101,74,332,26,38,0,51,398,102,88,41,128,356,1652,163,103,1457,382,519,312,486,49,199,0,246,979,0,973,1680,731,307,90,116
Prevotella_9,2,10,0,5,0,19,6,29,0,0,12,0,18,21,18,0,0,0,0,0,0,0,275,0,0,0,0,0,0,0,5,0,0,42
Prevotellaceae_Ga6A1_group,0,0,0,0,0,3,18,3,0,0,0,0,3,2,0,0,0,0,0,0,0,0,1,0,0,0,0,0,0,0,0,0,0,0
Prevotellaceae_NK3B31_group,3,0,0,0,0,36,0,8,0,0,17,0,20,2,0,0,0,0,0,0,0,0,0,0,0,15,0,0,0,0,0,0,0,54
Prevotellaceae_UCG_001,9,0,0,0,0,20,121,13,0,0,13,0,2,13,0,0,0,0,0,0,43,0,0,0,229,0,0,0,0,0,0,0,0,43
Prevotellaceae_UCG_003,30,0,0,0,0,3,0,2,0,0,5,0,10,5,0,0,0,0,0,0,0,0,0,0,0,0,0,0,0,0,0,0,0,38
Prevotellaceae_UCG_004,0,0,0,0,0,9,288,0,0,0,7,0,8,0,0,0,0,0,0,0,1,0,2,0,1,0,0,0,0,0,25,0,0,41
Prochlorococcus_MIT9313,0,0,0,0,0,0,0,0,0,0,8,0,0,2,0,0,0,0,0,0,0,0,0,0,167,0,0,0,0,0,67,0,0,0
Promicromonospora,0,0,0,0,0,7,6,4,0,0,10,0,2,0,0,0,0,0,0,0,0,0,0,0,0,0,0,0,0,0,0,0,0,40
Propionibacterium,0,0,0,0,0,0,0,0,0,0,0,0,0,0,0,0,5,0,0,0,0,0,0,0,0,0,0,0,0,0,0,0,0,0
Propionivibrio,0,0,0,0,0,0,0,0,0,46,0,18,0,0,2,0,0,0,0,0,0,0,0,10,0,0,0,0,6,0,0,0,0,0
Prosthecobacter,0,0,0,0,0,0,0,0,0,0,8,0,19,0,0,0,0,0,0,0,0,0,0,0,0,0,0,0,0,0,0,0,0,0
Proteiniclasticum,18,0,0,0,0,0,0,0,0,0,0,0,0,0,0,0,0,0,0,0,0,0,0,0,0,0,0,0,0,0,0,0,0,0
Proteiniphilum,0,0,0,0,0,3,0,1,0,0,2,0,0,0,0,0,0,0,0,0,0,0,0,0,0,0,0,0,0,0,0,0,0,0
Proteus,4,0,0,0,0,0,39,0,0,0,0,3,0,0,0,0,0,0,3,0,9,9,0,0,16,8,0,0,0,0,10,0,0,0
Providencia,0,0,0,0,0,0,0,0,0,0,0,0,0,3,0,0,0,0,0,0,0,0,0,0,0,0,0,0,0,0,45,0,0,0
Pseudaminobacter,0,0,0,0,0,119,0,106,1,0,111,0,148,153,0,0,0,0,0,0,0,0,0,0,0,0,0,0,0,0,0,0,0,0
Pseudanabaena_PCC_7429,0,0,2,0,0,4,0,0,0,0,0,0,3,0,0,0,0,0,0,0,0,0,0,0,0,0,0,0,0,0,0,0,0,0
Pseudarcicella,1,0,4,0,0,5,0,3,0,0,4,0,5,0,0,0,0,0,0,0,0,0,0,0,0,0,0,0,0,0,0,0,0,0
Pseudarcobacter,0,0,0,0,0,0,3,0,0,0,0,0,0,0,0,0,0,0,0,0,0,0,0,0,0,0,0,0,0,0,0,0,0,0
Pseudarthrobacter,23,4,0,0,15,19,195,16,6,0,28,0,16,24,0,0,0,0,0,0,48,0,0,0,189,0,0,0,0,0,0,96,0,51
Pseudoalteromonas,7,0,0,0,0,58,0,59,0,0,26,0,69,47,0,1,0,0,0,0,0,0,0,0,0,0,0,0,0,0,19,0,0,71
Pseudoduganella,0,0,0,0,0,0,40,0,0,0,0,0,0,0,0,0,0,0,0,0,0,0,0,0,0,0,0,0,0,0,0,0,0,0
Pseudoflavitalea,0,0,0,0,0,2,0,0,0,0,0,0,0,0,0,0,0,0,0,0,0,0,0,0,0,0,0,0,0,0,17,0,0,0
Pseudofulvimonas,0,0,0,0,0,2,0,0,0,0,0,0,0,0,0,0,0,0,0,0,0,0,0,0,0,0,0,0,0,0,0,0,0,0
Pseudoglutamicibacter,0,0,0,0,0,0,0,0,0,0,0,0,0,0,4,0,0,0,0,0,0,0,0,0,0,0,0,0,0,0,0,0,0,0
Pseudohongiella,10,0,0,0,0,3,9,0,0,0,0,0,0,0,0,0,0,0,0,0,0,0,0,0,0,0,0,0,0,0,0,0,0,0
Pseudolabrys,43,6,0,4,0,42,89,3,28,0,11,0,22,4,0,0,0,0,3,0,62,7,0,0,26,5,2,0,5,0,0,0,0,0
Pseudomonas,32,23,13,0,32,88,477,205,48,155,88,0,111,46,18,5,4,0,6,23,122,8,1616,0,2666,0,5,2,2,15,285,1103,40,720
Pseudonocardia,0,0,0,0,0,7,81,3,0,0,8,0,3,2,0,0,0,0,0,0,0,0,0,0,0,0,0,0,0,0,0,0,0,0
Pseudopropionibacterium,237,5,2,53,13,0,0,7,12,2,0,13,0,5,27,11,23,0,3,15,5,8,0,86,0,102,0,15,46,0,6,0,117,0
Pseudoramibacter,0,24,0,0,0,0,0,0,0,0,0,0,0,0,0,0,2,0,0,0,0,0,0,0,0,4,3,0,6,0,0,0,0,0
Pseudorhodobacter,0,0,0,0,0,0,0,11,0,0,0,0,0,0,0,0,0,0,0,0,0,0,0,0,0,0,0,0,0,0,0,0,0,0
Pseudorhodoferax,0,0,0,0,0,0,0,0,0,0,15,0,0,0,0,0,0,0,0,2,0,0,0,0,0,0,0,0,0,0,0,0,0,0
Pseudorhodoplanes,0,0,0,0,0,0,37,3,0,0,8,0,0,0,0,7,0,0,0,19,0,0,0,0,0,15,0,0,0,0,0,0,0,46
Pseudoruegeria,0,0,0,0,14,0,0,0,0,0,0,0,0,0,0,0,0,0,0,0,0,0,0,0,0,0,0,0,0,0,0,0,0,0
Pseudoscardovia,0,0,0,0,0,0,0,0,0,0,0,0,0,0,0,0,0,0,0,0,0,0,27,0,0,0,0,0,0,0,0,0,0,0
Pseudoxanthomonas,0,0,0,0,0,233,44,203,1,0,201,0,192,174,0,0,0,0,0,0,0,0,0,0,0,0,0,0,0,0,17,0,0,12
Psychrobacillus,0,0,0,0,0,0,0,0,0,6,0,0,0,0,0,0,0,0,0,0,0,0,0,0,0,0,0,0,0,0,0,0,0,0
Psychrobacter,11,0,4,0,0,101,21,20,0,0,14,0,23,13,0,0,0,0,0,0,0,0,0,0,2,0,0,0,0,0,0,0,0,3
Psychroflexus,0,0,0,0,0,0,0,0,0,0,0,0,4,0,0,0,0,0,0,0,0,0,0,0,0,0,0,0,0,0,0,0,0,0
Psychroserpens,0,0,0,0,0,18,0,0,0,0,0,0,0,0,0,0,0,0,0,0,0,0,0,0,0,0,0,0,0,0,0,0,0,0
Pusillimonas,0,0,0,0,0,26,0,0,0,0,31,0,0,0,0,0,0,0,0,0,0,0,0,0,0,0,0,0,0,0,0,0,0,0
Pyramidobacter,0,0,0,0,0,0,0,0,0,0,0,0,0,0,0,0,0,0,2,0,0,0,0,0,0,17,0,0,3,2,0,0,0,0
Qipengyuania,0,5,0,0,0,0,0,0,0,0,0,0,0,0,0,0,0,0,0,0,0,0,0,0,0,0,0,0,0,0,0,0,0,0
Quadrisphaera,0,0,0,0,0,0,0,0,0,0,0,0,0,0,0,0,0,0,0,0,0,0,0,0,0,0,0,0,0,0,0,20,0,0
R76_B128,0,0,0,0,0,0,0,0,0,0,1,0,0,0,0,0,0,0,0,0,0,0,0,0,0,0,0,0,0,0,0,0,0,0
RB41,63,0,3,0,0,22,339,6,0,133,28,0,24,32,0,0,0,0,0,0,16,0,10,0,24,0,0,0,0,0,53,14,0,254
RBG_16_58_14,0,0,0,0,0,0,0,0,0,0,0,0,0,2,0,0,0,0,0,0,0,0,0,0,0,0,0,0,0,0,0,0,0,0
RS25G,0,0,0,0,0,0,17,0,0,0,0,0,0,0,0,0,0,0,0,0,0,0,0,0,0,0,0,0,0,0,0,0,0,0
RS62_marine_group,0,0,0,0,0,0,0,0,0,0,0,0,0,0,0,0,17,0,0,0,0,0,0,0,0,0,0,0,0,0,0,0,0,0
Ralstonia,0,0,0,0,0,0,4,0,0,0,0,0,0,0,0,0,0,0,0,0,0,0,0,0,0,0,0,0,0,0,0,0,0,0
Ramlibacter,14,0,0,0,0,0,22,1,0,0,0,0,0,22,0,0,0,0,0,0,13,0,0,0,0,0,0,0,0,0,0,0,0,0
Rathayibacter,0,0,0,0,0,0,0,0,0,0,0,0,1,0,0,0,0,0,0,0,0,0,0,0,0,0,0,0,0,0,0,0,0,0
Reyranella,0,0,0,0,0,6,3,8,0,0,6,0,0,0,0,0,0,0,0,0,0,0,0,0,0,1,0,0,0,0,0,0,0,0
Rheinheimera,0,0,0,0,0,0,6,0,0,0,0,0,0,0,0,0,0,0,0,0,0,0,0,0,0,0,0,0,0,0,0,0,0,25
Rhizobacter,0,6,0,0,0,0,59,0,0,0,0,0,7,0,0,0,0,0,0,0,0,0,0,0,0,0,0,0,0,0,3,39,0,3
Rhodanobacter,13,0,7,0,0,6,32,1,9,36,20,16,7,7,0,0,0,0,0,2,0,0,0,0,0,0,19,0,0,0,30,0,14,31
Rhodobacter,0,0,0,0,0,0,33,0,38,0,0,0,5,0,0,0,0,0,0,0,0,0,0,0,0,0,0,0,0,0,0,0,0,0
Rhodococcus,0,10,0,7,0,40,17,114,0,0,49,0,48,32,0,0,0,15,0,3,0,0,3,0,0,13,0,8,0,0,10,0,0,0
Rhodocytophaga,0,0,0,0,0,0,10,0,0,0,0,0,0,0,0,0,0,0,0,0,0,0,0,0,0,0,0,0,0,0,0,30,0,0
Rhodoferax,15,0,1,0,0,12,12,0,0,0,2,0,21,0,0,0,0,0,0,0,0,0,0,0,0,0,0,0,0,0,0,0,0,0
Rhodohalobacter,0,0,0,0,0,2,0,2,0,0,1,0,2,0,0,0,0,0,0,0,0,0,107,0,0,0,0,0,0,0,0,0,0,0
Rhodoluna,0,0,0,0,0,0,34,0,0,0,0,0,0,3,0,0,0,0,0,0,0,0,0,0,0,0,0,0,0,0,0,0,0,0
Rhodomicrobium,0,0,0,0,0,0,0,0,0,0,0,0,5,0,0,0,0,0,0,0,4,0,0,0,0,0,0,0,0,0,0,0,0,0
Rhodopila,0,0,4,0,0,0,0,0,0,0,0,0,1,0,0,0,0,0,0,0,0,0,0,0,0,0,0,0,0,0,0,0,0,0
Rhodoplanes,0,0,0,0,0,0,15,0,0,0,0,0,0,0,0,0,0,0,0,0,0,0,0,0,0,0,0,0,0,0,0,0,8,0
Rhodopseudomonas,0,0,0,0,0,26,56,14,0,0,10,0,14,17,0,0,0,0,0,0,0,0,0,0,0,0,0,0,0,0,0,0,0,0
Rhodovastum,0,0,0,0,0,6,0,0,2,0,0,0,0,0,0,0,0,0,0,0,0,0,0,0,0,0,0,0,0,0,0,0,0,0
Rhodovibrio,0,0,0,0,0,0,0,0,0,0,0,0,0,4,0,0,0,0,0,0,0,0,0,0,0,0,0,0,0,0,0,0,0,0
Rickettsia,0,0,0,0,0,0,5,0,0,0,0,0,0,0,0,0,0,0,0,0,0,0,0,0,0,0,0,0,0,0,0,0,0,0
Rikenella,0,0,0,0,0,3,0,0,0,0,0,0,0,4,0,0,0,0,0,1,0,0,0,0,0,0,0,0,0,0,0,0,0,0
Rikenellaceae_RC9_gut_group,25,11,6,10,0,97,246,10,0,0,45,21,30,34,4,21,43,103,77,50,61,12,5,3,35,49,132,6,2,22,253,188,0,137
Risungbinella,0,0,0,0,0,0,5,0,0,0,0,0,0,0,0,0,0,0,0,0,0,0,0,0,0,0,0,0,0,0,0,0,0,0
Rivibacter,0,0,0,0,0,0,54,0,0,0,0,0,0,0,0,0,0,0,0,0,0,0,0,0,0,0,0,0,0,0,0,0,0,0
Robiginitalea,0,3,0,0,0,0,0,0,0,0,5,0,0,0,0,0,0,0,0,0,0,0,0,0,162,0,0,0,0,0,0,0,0,0
Romboutsia,65,0,0,0,0,78,138,52,15,0,56,0,70,42,0,21,0,0,0,4,0,0,0,0,0,0,0,2,0,0,43,0,0,75
Roseateles,0,0,0,0,0,0,0,0,0,0,0,0,0,0,0,0,0,0,0,0,0,0,2,0,0,0,0,0,0,0,0,0,0,0
Roseburia,3,6,0,0,0,1,96,0,0,6,10,4,0,21,0,2,24,0,23,30,68,31,0,12,0,0,104,0,0,0,39,149,0,0
Roseiarcus,25,0,0,0,8,2,30,0,0,0,0,0,4,6,0,0,0,0,0,8,0,0,0,0,0,0,0,0,13,0,0,0,0,0
Roseibaca,0,0,0,0,0,52,0,0,0,0,0,0,2,0,0,0,0,0,0,0,0,0,0,0,0,0,0,0,0,0,0,0,0,0
Roseibacterium,0,0,0,0,0,12,0,0,0,0,4,0,0,1,0,0,0,0,0,0,0,0,0,0,0,0,0,0,0,0,0,0,0,9
Roseicyclus,0,0,0,0,0,20,0,24,0,0,67,0,13,14,0,0,0,0,0,0,0,0,0,0,0,0,0,0,0,0,0,0,0,0
Roseimicrobium,0,0,0,0,0,0,13,0,0,0,13,0,2,1,0,0,0,0,0,0,0,0,0,0,0,0,0,0,0,0,0,0,0,0
Roseisolibacter,9,0,0,0,0,0,0,7,0,0,0,0,0,2,0,0,0,0,0,0,0,0,0,0,0,0,0,0,0,0,0,0,0,23
Roseobacter_clade_CHAB_I_5_lineage,0,0,0,0,0,2,0,0,0,0,0,0,0,0,0,0,0,0,0,0,0,0,0,0,0,0,0,0,0,0,0,0,0,0
Roseomonas,0,0,0,0,0,2,20,1,0,0,4,0,0,0,0,6,0,0,0,0,0,0,2,0,0,0,0,0,0,0,0,0,0,83
Roseovarius,0,0,0,0,0,0,0,0,0,0,28,0,2,0,0,0,0,0,3,0,0,0,0,0,0,0,0,0,0,0,0,0,0,0
Rothia,2630,2523,2576,3613,1921,474,49,396,4333,3815,207,1445,3788,568,1736,422,881,320,1980,2274,1441,645,0,1846,0,697,2738,2270,1279,849,221,289,987,0
Rubellimicrobium,0,0,0,0,0,0,76,0,0,0,0,0,0,0,0,0,0,0,0,0,0,0,2,0,0,0,0,0,0,0,6,0,0,0
Rubrivirga,0,0,0,0,0,0,0,0,0,0,0,0,0,0,0,0,0,0,0,0,0,0,0,0,0,0,0,2,0,0,0,0,0,0
Rubrivivax,0,0,0,0,0,0,0,0,0,0,0,0,0,0,0,0,0,0,0,0,0,0,0,0,0,0,0,0,0,0,24,0,0,25
Rubrobacter,3,0,0,0,0,4,25,1,0,0,0,0,2,0,0,0,0,0,0,10,0,0,257,0,0,0,0,0,0,0,0,0,0,95
Rudaea,0,0,0,0,0,0,0,0,0,0,3,0,0,0,0,0,0,0,0,0,0,0,0,0,0,0,0,0,0,0,0,0,0,0
Ruegeria,15,0,0,0,0,3,0,0,0,0,0,0,0,0,0,0,0,0,0,0,0,0,0,0,0,0,0,0,0,0,0,0,0,0
Rufibacter,0,0,0,0,0,0,0,0,0,0,0,0,0,0,0,0,0,0,0,0,0,0,0,0,0,0,0,0,0,0,2,0,0,0
Ruminiclostridium,0,0,0,0,0,2,16,0,0,0,0,0,0,0,0,0,0,0,0,0,0,0,0,0,0,0,0,0,0,0,0,0,0,0
Ruminococcus,12,0,2,0,0,23,76,12,0,0,11,0,9,3,0,0,5,0,0,0,36,0,0,0,0,0,0,0,0,0,112,0,0,0
Ruminofilibacter,0,0,0,0,0,3,0,7,0,0,1,0,3,4,0,0,0,0,0,0,0,0,0,0,0,0,0,0,0,0,0,0,0,0
SAR92_clade,0,0,0,0,0,24,0,0,0,0,0,0,0,0,0,0,0,0,0,0,0,0,0,0,0,0,0,0,0,0,0,0,0,0
SEEP_SRB1,0,0,0,0,0,0,22,0,0,0,0,0,0,0,0,0,0,0,0,0,0,0,0,0,0,0,0,0,0,0,0,0,0,0
SH3_11,0,0,0,0,0,9,22,7,0,0,12,0,12,0,0,0,0,0,0,0,0,0,0,0,0,0,0,0,0,0,0,2,0,0
SH_PL14,0,0,0,0,0,0,0,0,0,0,0,0,2,0,0,0,0,0,0,0,0,0,0,0,0,0,0,0,0,0,0,0,0,0
SM1A02,0,0,0,1,0,10,89,12,0,0,23,0,17,7,0,0,11,0,3,0,0,0,0,0,486,0,0,1,0,0,0,0,0,0
SWB02,6,0,0,0,0,13,22,5,0,51,1,0,0,0,0,0,0,0,0,0,0,0,0,0,0,0,0,0,0,0,0,0,0,0
Saccharofermentans,0,0,0,0,0,0,0,1,0,54,0,0,0,0,0,0,0,0,0,0,0,0,0,0,0,0,0,0,0,0,0,0,0,0
Saccharomonospora,0,0,0,0,0,0,0,0,0,0,0,0,0,1,0,0,0,0,0,0,0,0,0,0,0,0,0,0,0,0,0,0,0,0
Saccharopolyspora,0,0,0,0,0,2,0,0,0,0,5,0,0,0,0,0,0,0,0,0,0,0,0,0,0,0,0,0,0,0,0,0,0,0
Saccharothrix,0,11,0,0,0,0,19,2,0,0,0,0,0,0,0,0,0,0,0,0,9,0,0,0,0,0,0,0,0,0,11,0,0,11
Sagittula,0,0,0,0,0,18,0,0,0,0,0,0,0,0,0,0,0,0,0,0,0,0,0,0,0,0,0,0,0,0,0,0,0,0
Salegentibacter,0,0,0,0,0,0,0,5,0,0,0,0,0,0,0,0,0,0,0,0,0,0,0,0,0,0,0,0,0,0,0,0,0,0
Salinarchaeum,0,0,0,0,0,0,0,0,0,0,0,0,0,0,0,0,0,0,0,0,0,0,24,0,0,0,0,0,0,0,0,0,0,0
Salinarimonas,0,0,0,0,0,1,0,0,0,0,5,0,0,6,0,0,0,0,0,0,0,0,0,0,0,0,0,0,0,0,0,0,0,0
Salinibacterium,0,0,0,0,0,4,0,0,10,0,0,0,0,0,0,0,0,0,0,0,35,0,0,0,0,0,0,0,0,0,0,0,0,0
Salinimicrobium,0,0,0,0,0,0,0,0,0,0,0,0,2,0,0,0,0,0,0,0,0,0,0,0,0,0,0,0,0,0,0,0,0,0
Salinirepens,0,0,0,0,0,0,0,0,0,0,0,0,0,0,0,0,0,0,0,0,0,0,0,0,5,0,0,0,0,0,0,0,0,0
Salinispora,0,0,0,0,0,0,0,2,0,0,0,0,0,0,0,0,0,0,0,0,0,0,0,0,0,0,0,0,0,0,0,0,0,0
Salmonella,0,0,0,0,0,0,461,0,0,0,74,0,0,2,0,0,0,0,0,0,191,0,849,0,1427,0,0,0,0,0,390,1372,0,820
Sandaracinus,0,0,0,0,0,0,15,0,0,0,2,0,2,2,0,0,0,0,0,0,1,0,0,0,0,0,0,0,0,0,23,0,0,0
Scardovia,0,0,0,0,0,0,0,0,0,0,0,0,0,0,0,0,0,0,0,0,0,0,0,0,0,0,0,0,1,13,0,0,0,0
Schleiferilactobacillus,0,1,0,0,0,0,0,0,0,0,0,0,0,0,0,0,0,0,0,0,0,0,0,0,0,0,0,0,0,0,0,0,0,0
Schlesneria,0,0,0,0,0,2,0,0,0,0,0,0,0,0,0,0,0,0,0,0,0,0,0,0,0,0,0,0,0,0,0,0,0,0
Sedimentibacter,0,0,0,0,0,0,0,1,0,0,0,0,0,4,0,0,0,0,0,0,0,0,0,0,0,0,0,0,0,0,0,0,0,0
Sedimenticola,0,0,0,0,0,33,0,34,0,0,23,0,41,27,0,0,0,0,0,0,0,0,0,0,0,0,0,0,0,0,0,0,0,31
Sediminibacterium,0,0,0,0,0,8,108,5,0,0,7,0,2,0,0,0,0,0,0,0,0,0,0,0,0,0,0,0,0,0,0,0,0,0
Sediminispirochaeta,0,0,0,0,0,0,0,0,0,0,0,0,0,2,0,0,0,0,51,0,0,0,0,0,0,0,0,0,0,0,0,0,0,0
Segetibacter,0,0,0,0,0,0,0,0,0,0,2,0,0,0,0,0,0,0,0,0,0,0,0,0,0,0,0,0,0,0,0,0,0,0
Selenomonas,448,116,500,603,68,30,2,72,76,135,13,58,142,41,631,69,422,1156,80,766,493,168,0,357,0,352,234,14,1081,2428,724,138,167,0
Seohaeicola,0,0,0,0,0,90,0,0,0,0,19,0,4,0,0,0,0,0,0,0,0,0,0,0,0,0,0,0,0,0,0,0,0,0
Serratia,0,0,0,0,0,4,113,43,0,0,0,0,7,44,0,0,4,0,0,0,0,0,74,0,44,0,0,0,0,0,0,0,0,6
Sh765B_TzT_35,0,0,0,0,0,0,0,0,0,0,0,0,0,3,0,0,0,0,0,0,0,0,0,0,0,0,0,0,0,0,0,0,0,0
Shewanella,0,0,0,0,0,7,51,3,0,0,0,0,0,1,0,0,0,0,0,0,0,0,0,0,0,0,0,0,0,0,0,0,0,0
Shinella,13,0,0,0,0,14,0,2,0,0,0,0,0,0,0,0,0,0,0,0,0,0,0,0,0,0,0,0,0,0,4,0,0,0
Shuttleworthia,0,0,0,0,0,0,0,0,0,0,0,0,4,0,0,0,0,0,0,0,0,0,0,0,0,10,0,0,0,7,0,0,0,0
Silanimonas,0,0,0,2,0,0,0,0,0,0,0,0,0,0,0,0,0,0,0,0,0,0,0,0,0,0,0,0,0,0,0,0,0,0
Silicimonas,0,0,0,0,0,0,0,0,0,0,0,0,0,0,0,0,0,0,0,0,0,0,0,0,92,0,0,0,0,0,0,0,0,0
Silvanigrella,0,0,0,0,0,0,0,0,0,0,0,0,0,0,0,0,0,0,0,0,0,0,0,0,0,0,0,0,0,0,0,0,0,65
Simonsiella,0,0,0,0,0,0,0,0,0,0,4,0,0,0,0,0,0,0,0,0,0,0,0,0,0,0,0,0,0,0,0,0,0,0
Simplicispira,0,0,0,0,0,0,0,8,0,0,0,0,0,0,0,0,0,0,0,0,0,0,0,0,0,0,0,0,0,0,0,0,0,0
Singulisphaera,18,0,0,0,0,8,30,10,0,0,0,0,0,0,0,0,0,0,0,0,0,0,0,0,0,0,0,0,0,0,0,0,0,57
Sinomonas,0,0,0,0,21,0,3,0,0,0,9,0,0,0,0,0,0,8,0,0,0,0,0,0,0,0,0,0,12,0,0,0,0,0
Siphonobacter,0,0,0,0,0,19,0,0,0,0,12,0,7,18,0,0,0,0,0,0,0,0,0,0,0,0,0,0,7,0,0,0,0,0
Skermanella,0,0,0,0,0,0,54,0,0,0,0,0,0,0,0,0,0,0,0,0,0,0,0,0,0,0,0,0,0,0,0,0,0,0
Slackia,0,0,0,0,0,0,0,0,0,0,0,0,0,0,0,0,0,4,0,32,0,0,0,0,0,4,0,1,0,0,32,0,0,0
Smithella,0,0,0,0,0,4,29,0,0,0,0,0,0,0,0,0,0,0,0,0,0,0,0,0,0,0,0,0,0,0,0,0,0,0
Sneathia,0,0,0,0,0,14,0,3,0,0,18,0,14,14,0,0,0,0,0,0,0,0,0,0,0,0,0,0,0,0,0,0,0,0
Snodgrassella,0,0,0,0,0,5,0,9,0,42,6,14,27,13,0,0,23,0,0,0,0,3,0,0,0,0,8,0,0,0,0,0,11,0
Sodalis,0,0,0,4,0,5,0,133,17,0,0,0,0,24,0,20,28,14,0,0,101,0,0,8,0,25,0,0,8,16,0,0,0,0
Solimonas,0,0,0,0,0,0,0,0,0,0,0,0,2,0,0,0,0,0,0,0,0,0,0,0,0,0,0,0,0,0,0,0,0,0
Solirubrobacter,0,0,0,0,0,0,80,9,0,1,6,0,11,8,0,0,0,0,0,0,19,0,0,0,0,0,2,0,0,0,0,239,3,34
Solirubrobacterales_bacterium_67_14,0,0,0,0,0,0,0,0,3,0,0,0,0,13,0,0,0,0,0,0,0,0,0,0,0,0,0,0,0,0,0,0,0,0
Solobacterium,21,9,8,4,0,0,0,8,5,0,8,0,11,12,13,16,0,8,0,5,13,0,0,0,0,7,0,0,1,5,31,0,0,0
Soonwooa,0,309,0,0,0,0,0,0,0,0,0,0,0,0,0,0,0,0,0,0,0,0,0,0,0,0,0,0,0,0,0,0,0,0
Sorangium,0,0,0,0,0,0,4,4,0,0,0,0,2,0,0,0,0,0,0,0,0,0,9,0,0,0,0,0,0,0,0,0,0,0
Sphaerisporangium,0,0,0,0,0,0,22,0,0,0,0,0,0,0,0,0,0,0,0,0,0,0,0,0,3,0,0,0,0,0,0,0,0,0
Sphaerobacter,0,0,0,0,0,2,0,6,0,0,0,0,3,0,0,0,0,0,0,0,0,0,0,0,0,0,0,0,0,0,0,0,0,106
Sphaerochaeta,0,0,0,0,0,0,0,0,0,0,0,0,0,0,0,0,6,0,4,0,2,0,0,0,0,0,0,0,0,0,0,0,0,0
Sphingoaurantiacus,9,0,0,0,0,3,0,58,0,0,0,0,8,2,0,0,0,0,0,0,0,0,0,0,0,0,0,0,0,0,0,0,0,0
Sphingobacterium,0,2,0,0,0,20,26,1,0,0,6,0,8,6,0,0,0,0,0,0,123,0,4,0,0,0,0,0,0,0,0,62,0,0
Sphingobium,0,0,0,0,10,12,8,14,0,0,15,0,20,12,0,0,0,0,5,0,16,0,183,0,80,0,0,0,0,8,0,0,0,0
Sphingomonas,74,13,12,0,11,112,394,50,7,103,74,21,77,40,0,7,0,14,0,4,131,20,22,1,3,0,8,0,4,5,50,0,22,352
Sphingopyxis,0,0,0,0,8,0,0,0,0,0,8,0,0,0,0,0,0,0,0,0,0,0,0,0,0,0,0,0,0,0,0,0,0,0
Sphingorhabdus,0,0,0,0,0,10,0,0,0,0,0,0,3,0,0,0,0,0,0,3,0,0,0,0,0,0,0,0,0,0,0,0,0,0
Sphingosinicella,25,0,0,0,0,0,61,0,0,0,0,0,0,0,0,0,0,0,0,0,18,0,0,0,0,0,0,0,0,0,0,0,0,0
Spirochaeta,0,0,0,0,0,0,18,38,0,0,0,0,0,2,0,0,0,0,0,0,0,0,0,0,0,0,0,0,0,0,0,0,0,0
Spirochaeta_2,0,0,0,0,0,0,0,0,0,0,6,0,0,2,0,0,0,0,0,0,0,0,0,0,0,0,0,0,0,0,0,0,0,0
Spiroplasma,0,0,0,0,0,0,0,4,0,0,1,0,2,3,0,0,0,0,0,0,0,0,0,0,0,0,0,0,0,0,0,0,0,0
Spirosoma,0,0,0,0,0,0,0,0,0,0,2,0,1,0,0,0,0,0,0,0,0,0,194,0,0,0,0,0,0,0,0,0,0,0
Sporobacter,0,0,0,0,0,0,31,0,0,0,0,0,0,0,0,0,0,0,0,0,0,0,0,0,0,0,0,0,0,0,0,0,0,0
Sporocytophaga,0,0,0,0,0,0,0,0,0,0,1,0,0,0,0,0,0,0,0,0,0,0,0,0,0,0,0,0,0,0,0,0,0,0
Sporosarcina,0,2,0,0,0,0,0,0,0,0,4,0,0,8,0,0,0,0,0,0,0,0,0,0,0,0,0,0,0,0,0,0,0,0
Stakelama,0,0,0,0,0,0,6,0,0,0,0,0,0,0,0,0,0,0,0,0,0,0,0,0,0,0,0,0,0,0,0,0,0,0
Staphylococcus,21,2,10,4,0,74,422,199,0,0,83,0,135,83,156,0,0,0,0,0,322,0,2544,4,2494,5,11,0,0,0,458,2264,10,922
Stenotrophobacter,17,0,0,0,0,2,70,0,0,0,15,0,13,12,0,0,0,0,0,0,15,0,0,0,0,0,2,0,0,0,0,0,0,47
Stenotrophomonas,0,0,10,0,0,90,27,103,0,0,85,0,75,66,77,0,0,0,0,0,0,7,0,0,199,0,0,0,0,0,33,0,0,100
Steroidobacter,8,0,0,0,0,0,43,3,0,0,2,0,0,4,0,0,0,0,0,0,8,0,0,0,0,0,0,0,0,0,0,0,0,0
Stigmatella,0,0,0,0,0,0,0,0,0,0,4,0,0,0,0,0,0,0,0,0,0,0,0,0,0,0,0,0,0,0,0,0,0,0
Stigonema_SAG_48.90,0,0,0,0,0,0,0,1,0,0,0,0,0,0,0,0,0,0,0,0,0,0,0,0,0,0,0,0,0,0,0,0,0,0
Stomatobaculum,18,0,36,13,0,20,0,0,9,101,0,0,4,0,0,0,4,0,0,0,0,0,0,7,0,12,2,0,16,38,18,2,0,0
Streptacidiphilus,0,0,0,0,0,0,0,0,0,0,0,0,0,33,0,0,0,0,0,0,0,0,0,0,0,0,0,0,0,0,0,0,0,0
Streptobacillus,0,0,0,0,0,0,0,0,0,0,0,0,0,0,0,0,0,0,0,0,0,12,0,0,0,0,0,0,0,0,0,0,0,0
Streptococcus,5557,7137,6392,7082,5915,4326,901,1603,4229,4592,7460,7263,2610,5129,9238,5054,2177,1689,9895,2259,1503,8705,409,3157,3,2510,4026,6087,8152,17425,12491,1697,8558,543
Streptomyces,71,4,0,0,0,33,116,13,25,0,13,0,12,7,0,0,0,0,0,2,11,1,465,0,0,0,0,0,0,0,36,0,0,91
Streptosporangium,0,0,0,0,0,0,14,0,0,0,0,0,0,0,0,0,0,0,0,0,5,0,0,0,0,0,0,0,0,0,0,0,0,0
Subdoligranulum,8,9,0,0,0,12,78,8,1,0,8,0,34,10,0,0,0,0,0,0,0,0,0,0,0,0,0,0,0,0,0,0,0,0
Subgroup_10,3,0,0,0,8,23,98,21,0,0,0,0,9,5,0,0,0,0,0,0,0,3,0,0,0,0,0,0,13,0,0,0,0,160
Succiniclasticum,0,0,0,0,0,69,0,0,0,0,0,0,8,2,0,0,0,0,0,0,0,0,0,0,0,0,0,0,0,0,0,0,0,38
Succinivibrio,0,0,0,0,0,26,0,0,0,0,0,0,0,0,0,0,0,0,0,0,0,0,0,0,0,0,0,0,0,0,0,0,0,2
Succinivibrionaceae_UCG_001,0,0,0,0,0,2,0,0,0,0,0,0,3,0,0,0,0,0,0,0,0,0,0,0,0,0,0,0,0,0,0,0,0,0
Succinivibrionaceae_UCG_002,0,0,0,0,0,15,0,0,0,0,2,0,0,0,0,0,0,0,0,0,0,0,0,0,0,0,0,0,0,0,0,0,0,0
Sulfuricurvum,0,0,0,0,0,2,0,3,0,0,0,0,0,0,0,0,0,0,0,0,0,0,0,0,0,0,0,0,0,0,0,0,0,0
Sulfurifustis,8,0,0,0,0,0,0,0,0,0,0,0,0,0,0,0,0,2,0,0,0,0,0,0,0,0,0,0,0,0,0,0,0,0
Sulfurimonas,0,0,0,0,0,4,0,0,0,0,3,0,5,0,0,0,0,0,0,0,0,0,0,0,0,0,0,0,0,0,0,0,0,28
Sulfurirhabdus,0,0,0,0,0,0,0,0,0,0,0,0,0,0,0,0,0,0,0,0,0,0,0,0,0,0,0,2,0,0,0,0,0,0
Sulfuritalea,0,0,0,0,0,0,0,4,0,0,0,0,0,0,0,0,0,0,0,0,0,0,0,0,0,0,0,0,0,0,0,0,0,0
Sulfurospirillum,0,0,0,0,0,0,0,0,0,0,2,0,0,0,0,0,0,0,0,0,0,0,0,0,0,0,0,0,0,0,0,0,0,0
Sulfurovum,0,0,0,0,0,0,0,0,0,0,3,0,0,1,0,0,0,0,4,0,0,0,117,0,0,0,0,0,0,0,0,0,0,0
Sumerlaea,6,0,0,0,0,3,16,2,0,0,4,0,2,3,0,0,0,0,0,0,0,0,0,0,0,3,0,0,0,0,0,0,0,52
Sutterella,0,0,0,0,0,0,27,0,0,0,0,0,0,0,0,0,0,0,0,0,23,0,0,0,0,0,0,0,0,0,0,0,0,40
Sva0081_sediment_group,0,0,0,0,0,0,0,0,0,0,0,0,0,0,0,0,0,0,0,0,0,0,0,0,99,0,0,0,0,0,0,0,0,0
Sva0996_marine_group,0,0,0,0,0,2,11,0,0,0,0,0,0,0,0,0,0,0,0,0,0,0,0,0,0,0,0,0,0,0,0,0,0,0
Symbiobacterium,0,0,0,0,0,1,0,0,0,0,0,0,0,0,0,0,0,0,1,0,0,0,0,0,0,0,0,0,0,0,0,0,0,0
Synechococcus_CC9902,0,0,0,0,0,0,35,5,0,0,0,0,8,2,0,0,0,0,0,0,0,0,0,0,0,0,0,0,0,0,23,0,0,0
Synechococcus_PCC_7502,0,0,0,0,0,0,0,0,0,0,2,0,0,0,0,0,0,0,0,0,0,0,0,0,0,0,0,0,0,0,0,0,0,0
Syner_01,0,0,0,0,0,0,0,0,0,0,0,0,0,0,0,0,0,0,0,0,0,0,0,0,0,0,0,0,0,11,0,0,0,0
Synergistes,0,0,0,0,0,0,0,0,0,0,3,0,0,0,0,0,0,0,0,0,0,0,0,0,0,0,0,0,0,5,0,0,0,0
Syntrophobacter,0,0,0,0,0,0,0,0,0,0,1,0,0,12,0,0,0,0,0,0,0,0,0,0,0,0,0,0,0,0,0,0,0,0
Syntrophomonas,0,0,0,0,0,0,0,0,0,0,1,0,0,0,0,0,0,0,0,0,0,0,0,0,0,0,0,0,0,0,0,0,0,0
Syntrophorhabdus,0,0,0,0,0,0,0,0,0,0,0,0,2,1,0,0,0,0,0,0,0,0,0,0,0,0,0,0,0,0,0,0,0,0
Syntrophus,0,0,0,0,0,0,0,0,0,0,1,0,0,0,0,0,0,0,0,0,0,0,0,0,0,0,0,0,0,0,0,0,0,0
TM7a,28,6,18,46,0,8,0,7,49,68,28,3,20,26,107,15,8,13,8,65,14,76,0,52,0,0,37,9,70,45,27,30,0,145
TM7x,51,31,27,70,0,60,0,0,16,10,0,0,6,1,0,0,29,119,14,28,68,0,0,143,0,6,0,0,92,88,37,210,39,0
Tahibacter,0,0,0,0,0,21,0,3,0,0,10,0,0,2,0,0,0,0,0,0,0,0,0,0,0,0,0,0,0,0,0,0,0,0
Taibaiella,0,0,0,0,0,0,0,1,0,0,0,0,0,0,0,0,0,0,0,0,0,0,0,0,0,0,0,0,0,0,0,0,0,1
Tannerella,3,32,157,480,3,3,0,66,9,78,9,20,11,15,23,2,125,1333,82,250,138,221,0,411,0,37,183,52,485,413,78,125,80,0
Tateyamaria,0,0,0,0,0,0,19,0,0,0,0,0,0,0,0,0,0,0,0,0,0,0,0,0,0,0,0,0,0,0,0,0,0,0
Tatumella,0,0,0,0,0,0,0,0,0,0,0,0,2,0,0,0,0,0,0,0,0,0,0,0,0,0,0,0,0,0,0,0,0,0
Tellurimicrobium,0,0,0,0,0,0,0,0,0,0,0,0,0,0,0,0,0,0,0,0,0,0,0,0,0,0,0,0,11,0,0,0,0,0
Telmatospirillum,0,0,0,0,0,0,0,0,0,0,2,0,0,0,0,0,0,0,0,0,0,0,0,0,0,0,0,0,0,0,0,0,0,0
Tenacibaculum,21,0,0,0,0,0,0,2,0,0,2,0,0,0,0,0,0,0,0,0,0,0,0,0,0,0,0,0,0,0,0,0,0,0
Tepidimicrobium,0,0,0,0,0,0,0,0,2,0,0,0,0,0,0,0,0,0,0,0,0,0,0,0,0,0,0,0,0,0,0,0,0,118
Tepidiphilus,0,0,0,0,1,0,0,0,0,0,0,0,0,0,0,0,0,0,0,0,0,0,0,0,0,0,0,0,0,0,0,0,0,0
Tepidisphaera,0,0,0,9,0,5,4,3,0,0,6,0,0,0,0,0,0,0,0,0,2,0,0,0,0,0,0,0,0,0,0,6,0,4
Terrabacter,0,4,0,0,0,0,0,0,0,0,0,0,0,0,0,0,0,0,0,0,0,0,0,0,0,0,0,0,0,0,0,0,0,0
Terracidiphilus,0,0,0,0,0,0,0,0,0,0,12,0,0,0,0,0,0,12,0,0,0,0,0,0,0,0,0,0,0,0,0,0,0,0
Terriglobus,9,0,0,0,0,0,0,0,0,0,0,0,0,0,0,0,0,0,0,0,0,0,0,0,0,0,0,0,0,0,0,0,0,0
Terrimicrobium,0,0,0,0,0,1,0,3,0,0,0,0,0,0,0,0,0,0,0,0,0,0,0,0,0,0,0,0,0,0,0,0,0,0
Terrimonas,0,0,4,0,0,10,39,8,0,0,5,0,14,10,0,0,0,0,0,47,0,0,0,0,0,0,0,0,0,0,0,0,0,26
Terrisporobacter,27,0,0,0,0,0,8,0,0,0,0,0,0,0,0,0,0,0,0,0,0,0,0,0,0,0,0,0,0,0,0,0,0,113
Tetragenococcus,0,0,0,0,0,0,0,0,0,0,0,0,0,0,0,0,0,0,0,0,0,0,0,0,0,0,3,0,0,0,0,0,0,0
Thalassobacillus,0,0,0,0,0,0,0,0,0,0,0,0,6,0,0,0,0,0,0,0,0,0,0,0,0,0,0,0,0,0,0,0,0,0
Thalassobius,0,0,0,0,0,0,0,0,0,0,2,0,0,0,0,0,0,0,0,0,0,0,0,0,0,0,0,0,0,0,0,0,0,0
Thalassococcus,0,7,0,0,0,0,0,0,0,0,0,0,0,0,0,0,0,0,0,0,0,0,0,0,0,0,0,0,0,0,0,0,0,0
Thalassotalea,0,12,0,0,0,0,0,0,0,0,0,0,0,0,0,0,0,0,0,0,0,0,0,0,0,0,0,0,0,0,0,0,0,0
Thauera,0,0,0,0,0,0,0,0,0,0,0,0,0,2,0,0,0,0,0,0,0,0,0,0,0,0,0,0,0,0,11,0,0,15
Thermaerobacter,0,0,0,0,0,0,0,0,3,0,0,0,0,0,0,0,0,0,0,0,0,0,0,0,0,0,0,0,0,0,0,0,0,0
Thermicanus,0,0,0,0,0,0,0,0,0,0,0,0,0,0,0,0,0,0,0,0,0,0,0,0,0,0,0,0,0,0,0,12,0,0
Thermincola,0,0,0,0,0,5,0,0,0,0,2,0,4,4,0,0,0,0,0,0,0,0,0,0,0,0,0,0,0,0,0,0,0,0
Thermoactinomyces,0,0,0,0,0,6,7,0,0,0,8,0,8,5,0,0,0,0,0,0,0,0,0,0,0,0,0,0,0,0,0,0,0,0
Thermoanaerobaculum,0,0,0,0,0,2,0,4,0,0,2,0,1,0,0,0,0,0,0,0,0,0,0,0,0,0,0,0,0,0,0,0,0,0
Thermobacillus,0,0,0,0,0,0,0,0,0,0,1,0,0,0,0,0,0,0,0,6,0,0,0,0,0,0,0,0,0,0,0,0,0,0
Thermobifida,0,0,0,0,0,0,0,0,0,0,0,0,0,0,0,0,0,0,0,0,0,0,0,0,0,0,0,0,0,0,0,0,5,140
Thermodesulfovibrio,0,0,0,0,0,0,0,0,0,0,0,0,0,2,0,0,0,0,0,0,0,0,0,0,0,0,0,0,0,0,0,0,0,0
Thermoflavifilum,0,0,0,0,0,0,0,0,0,1,0,0,0,0,0,0,0,0,0,0,0,0,0,0,0,0,0,0,0,0,0,0,0,0
Thermomonas,11,0,0,0,0,2,0,2,2,0,0,0,2,0,0,0,0,0,0,0,0,0,0,0,0,0,0,0,0,0,0,0,0,35
Thermosipho,0,0,0,0,0,0,12,0,0,0,0,0,0,0,0,0,0,0,0,0,0,0,0,0,0,0,0,0,0,0,0,0,0,0
Thermostaphylospora,0,0,0,0,0,1,0,0,0,0,0,0,0,0,0,0,0,0,0,0,0,0,0,0,0,0,0,0,0,0,0,0,0,0
Thermovirga,0,0,0,0,0,0,0,1,0,0,0,0,0,0,0,0,0,0,0,0,0,0,0,0,0,0,0,0,0,0,0,0,10,0
Thioalkalispira_Sulfurivermis,0,0,0,0,0,0,36,0,0,0,0,0,0,0,0,0,0,0,0,0,3,0,0,0,0,0,0,0,0,0,0,0,0,0
Thiobacillus,0,0,0,0,0,2,0,3,0,0,0,0,0,0,0,0,0,0,0,0,0,0,0,0,0,0,0,0,0,0,0,0,0,0
Thioclava,0,0,0,0,0,1,0,0,0,0,0,0,0,0,0,0,0,0,0,0,0,0,0,0,0,0,0,0,0,0,0,0,0,0
Thiopseudomonas,0,0,0,0,0,0,0,0,0,0,0,0,0,0,0,0,0,0,0,0,0,0,0,0,176,0,0,0,0,2,9,0,0,0
Tibeticola,0,0,0,0,0,0,0,0,0,0,0,0,0,0,0,0,0,0,0,0,0,0,0,0,0,0,0,0,0,0,0,0,0,21
Tissierella,0,0,0,0,0,0,0,0,0,0,0,0,0,2,0,0,0,0,0,0,0,0,0,0,0,0,0,0,0,0,0,0,0,0
Tolypothrix,0,0,0,0,0,0,16,0,0,0,0,0,0,0,0,0,0,0,0,0,0,0,0,0,0,0,0,0,0,0,0,0,0,0
Treponema,67,448,108,274,30,4,9,135,140,54,326,129,17,958,503,157,3080,3822,1888,1165,1075,1822,0,397,0,396,4216,217,276,1552,2718,573,262,23
Trichococcus,0,0,0,0,0,14,0,0,0,47,0,0,0,0,0,0,0,0,0,0,0,0,0,0,0,0,0,0,0,0,0,0,0,0
Tropicibacter,0,3,0,0,0,0,0,0,0,0,0,0,0,0,0,0,0,0,0,0,0,0,0,0,0,0,0,0,0,0,0,0,0,0
Tropicimonas,0,0,0,0,0,13,0,0,0,0,32,0,0,0,0,0,0,0,0,0,0,0,0,0,0,0,0,0,0,0,0,0,0,0
Truepera,0,0,0,0,0,0,0,0,0,0,4,0,5,3,0,0,0,0,0,0,0,0,0,0,0,0,0,0,0,0,0,0,0,0
Tsukamurella,0,0,0,0,0,0,0,0,0,0,0,0,0,0,0,0,0,0,0,0,0,0,0,0,0,0,0,0,0,0,11,0,0,0
Tumebacillus,0,0,2,0,0,2,0,2,0,0,6,0,0,0,0,0,0,0,0,0,0,0,0,0,0,0,0,0,0,0,0,74,0,0
Turicibacter,0,0,0,0,0,59,15,13,0,0,33,0,22,15,0,0,0,0,0,0,48,0,0,0,0,0,0,0,0,0,0,0,0,0
Turneriella,0,0,0,0,0,0,0,0,0,0,4,0,1,1,0,0,0,0,0,0,0,0,0,0,0,0,0,0,0,0,0,0,0,0
Tychonema_CCAP_1459_11B,0,0,0,0,0,0,18,0,0,0,0,0,0,2,0,0,0,0,0,0,0,0,1,0,1,0,0,0,0,0,0,0,0,0
Tyzzerella,0,0,5,0,0,3,15,0,0,0,0,0,1,0,4,0,0,0,0,0,0,0,0,0,0,0,0,0,0,0,0,26,0,0
U29_B03,0,0,0,0,0,0,0,0,0,0,0,0,2,0,0,0,0,0,0,0,0,0,0,0,0,0,0,0,0,0,0,0,0,0
UBA1819,0,0,0,0,0,0,0,0,0,0,0,0,0,0,0,0,0,0,0,0,0,0,0,0,0,0,0,0,0,0,33,0,0,0
UC5_1_2E3,0,0,0,0,0,0,0,0,0,0,0,0,0,1,0,0,0,0,0,0,0,0,0,0,0,0,0,0,0,0,0,0,0,0
UCG_002,17,0,0,0,0,0,13,4,5,0,3,0,36,6,0,0,0,0,0,0,0,0,0,0,0,0,14,0,0,0,71,0,0,29
UCG_004,0,0,0,0,0,18,0,0,0,0,0,0,0,0,0,0,4,1,0,0,0,0,0,0,0,0,0,0,0,0,32,0,0,0
UCG_005,16,3,0,0,0,22,267,18,0,0,8,0,10,5,0,0,0,0,0,0,17,0,253,0,0,0,0,0,0,0,0,0,0,0
UCG_009,22,0,0,0,0,0,55,0,0,0,0,0,0,0,0,0,0,0,0,0,0,0,0,0,0,0,0,0,0,0,0,0,0,0
UTCFX1,0,0,0,0,0,3,11,0,0,0,0,0,4,0,0,0,0,0,0,0,0,2,0,0,0,0,0,0,0,0,0,0,0,0
Uliginosibacterium,0,0,0,0,0,0,0,0,0,0,0,0,2,0,0,0,0,0,0,0,0,0,0,0,0,0,0,0,0,0,66,0,0,0
Umezawaea,11,0,0,0,0,0,0,0,0,0,0,0,0,0,0,0,0,0,0,0,0,0,0,0,0,0,0,0,0,0,0,0,0,0
Unclassified 0319_6G20,0,11,0,0,0,4,64,5,0,0,6,0,2,1,0,0,0,5,2,0,0,0,0,0,0,0,0,0,0,0,0,0,19,0
Unclassified 0319_7L14,0,3,0,0,0,0,56,0,0,0,4,0,2,0,0,0,0,0,0,0,0,0,2,0,0,0,0,0,0,0,0,0,0,0
Unclassified 11_24,0,3,0,0,0,4,120,0,0,0,2,0,1,2,0,0,0,0,0,0,3,0,0,0,0,0,0,0,0,0,0,0,0,0
Unclassified 27F_1492R,0,0,0,0,0,0,0,2,0,0,0,0,0,0,0,0,0,0,0,0,0,0,0,0,0,0,0,0,0,0,0,0,0,0
Unclassified 37_13,0,0,0,0,0,2,0,0,0,0,0,0,0,0,0,0,11,0,0,0,0,0,0,0,0,0,1,0,0,0,0,0,0,0
Unclassified 661239,0,0,0,0,0,0,0,0,0,0,0,0,0,2,0,0,0,0,0,0,0,0,0,0,0,0,0,0,0,0,0,0,0,0
Unclassified 67_14,14,9,0,0,0,19,202,17,0,0,10,0,21,10,0,2,0,0,0,4,18,0,3,0,529,0,0,0,0,0,0,10,0,121
Unclassified A0839,0,0,1,0,0,2,0,0,0,0,1,0,2,0,0,0,0,0,0,0,0,0,0,0,0,0,0,0,0,0,0,0,0,0
Unclassified A21b,0,2,0,0,0,0,53,1,0,0,0,0,0,0,0,0,0,0,0,0,32,0,0,0,0,0,0,0,0,0,0,0,0,0
Unclassified A4b,0,0,0,0,15,23,206,23,0,0,64,0,26,56,0,0,0,0,0,0,1,0,0,0,2,0,0,0,0,0,0,0,11,176
Unclassified AB1,0,0,0,0,0,2,0,0,0,0,0,0,0,0,0,0,0,0,0,0,0,0,0,0,0,0,0,0,0,0,0,0,0,0
Unclassified ABY1,0,0,0,0,0,3,0,4,0,0,0,0,6,1,0,0,0,0,0,0,0,0,0,0,0,0,0,0,0,0,0,0,0,0
Unclassified AEGEAN_169_marine_group,0,0,0,0,0,0,0,0,0,0,0,0,2,0,0,0,0,0,0,0,0,0,0,0,0,0,0,0,0,0,0,0,0,0
Unclassified AKAU3564_sediment_group,0,0,0,0,0,0,0,0,0,0,4,0,1,0,0,0,0,0,0,0,0,0,0,0,0,0,0,0,0,0,0,0,0,0
Unclassified AKIW781,0,0,0,0,0,0,12,0,0,0,4,0,0,0,0,0,0,0,0,0,0,0,0,0,0,0,0,0,0,0,0,0,0,5
Unclassified AKYG1722,0,0,0,0,0,1,37,14,3,0,7,0,2,9,0,0,0,0,0,0,1,0,1,0,1,0,0,0,0,0,0,0,10,0
Unclassified AKYH767,14,0,0,0,0,2,0,2,0,0,1,0,2,9,0,0,0,0,0,0,0,0,0,0,0,0,0,0,0,0,0,0,37,35
Unclassified ANME_2c,0,0,0,0,0,0,0,0,0,0,0,0,0,0,0,0,0,0,0,0,0,0,0,0,0,0,0,0,0,0,0,0,11,0
Unclassified Absconditabacteriales__SR1,0,49,3,0,18,5,0,107,9,30,12,0,0,15,0,211,17,213,17,14,0,35,0,12,0,0,0,0,10,3,20,0,23,0
Unclassified Acetobacteraceae,8,0,0,0,0,0,12,0,0,0,3,0,5,0,0,0,0,0,0,0,0,0,0,0,0,0,0,0,0,0,0,0,0,0
Unclassified Acholeplasmataceae,0,0,0,0,0,0,0,2,0,0,0,0,0,0,0,0,0,0,0,0,0,0,0,0,0,0,0,0,0,0,0,0,0,0
Unclassified Acidimicrobiaceae,9,0,0,0,0,0,0,0,0,0,0,0,0,0,0,0,0,0,0,0,0,0,0,0,0,0,0,0,0,0,0,0,0,0
Unclassified Acidimicrobiia,29,0,0,8,0,7,225,9,0,0,8,0,9,8,0,0,0,0,0,0,0,0,467,0,0,2,0,0,9,0,0,1,0,0
Unclassified Acidobacteriaceae__Subgroup_1,0,0,0,0,0,0,0,0,0,0,0,0,0,2,0,0,0,0,0,11,0,0,0,0,0,0,0,0,0,0,0,0,0,0
Unclassified Acidobacteriae,0,3,0,0,10,2,19,2,0,0,0,0,2,5,0,0,0,0,0,0,0,0,0,0,0,0,0,0,0,0,0,0,0,47
Unclassified Acidobacteriales,57,7,0,1,0,5,40,13,0,233,33,14,16,3,0,0,0,0,22,0,0,4,0,0,206,0,14,23,9,0,46,0,47,24
Unclassified Acidobacteriota,0,0,0,0,0,0,46,0,0,0,5,0,1,0,0,0,0,0,0,0,0,0,2,0,0,2,0,0,0,0,0,0,0,0
Unclassified Actinobacteria,7,0,0,0,0,16,107,8,0,0,6,28,9,6,0,5,0,0,0,15,0,0,71,0,0,0,0,0,0,2,0,112,0,90
Unclassified Actinobacteriota,2,7,0,0,14,3,47,13,0,0,7,0,6,10,0,0,7,0,0,0,0,0,2,0,2,0,0,0,0,0,0,121,10,45
Unclassified Actinomarinales,17,0,0,0,0,2,37,1,0,0,10,0,5,7,0,0,0,0,0,0,0,0,0,0,0,0,0,0,0,0,14,0,0,0
Unclassified Actinomycetaceae,0,0,0,0,0,0,16,0,0,0,0,0,0,0,0,0,0,0,0,0,0,0,0,16,0,0,0,0,0,0,0,0,9,0
Unclassified Aenigmarchaeota,0,0,0,0,0,0,0,0,0,0,0,0,1,0,0,0,0,0,0,0,0,0,0,0,0,0,0,0,0,0,0,0,0,0
Unclassified Alcaligenaceae,0,0,0,0,0,0,0,0,0,0,0,0,0,0,0,0,0,0,0,0,0,0,0,0,0,0,0,0,0,0,0,0,0,0
Unclassified Alphaproteobacteria,70,10,0,0,12,17,200,16,1,59,18,0,14,26,0,0,3,0,1,0,0,14,10,0,1,0,0,7,13,0,0,106,24,51
Unclassified Aminicenantales,0,0,0,0,0,1,31,3,0,0,6,0,12,0,0,0,0,0,0,0,0,0,0,0,0,0,0,0,0,0,0,0,0,0
Unclassified Anaerolineaceae,9,0,0,0,19,42,121,20,0,24,32,0,19,8,0,0,0,0,0,0,11,11,2,0,377,0,0,0,3,0,0,275,0,97
Unclassified Anaerolineae,19,0,0,0,0,6,85,3,0,0,34,0,18,6,0,0,0,0,0,52,0,8,0,0,0,0,0,0,0,0,0,0,0,87
Unclassified Anaerovoracaceae,6,9,0,5,0,0,30,0,9,5,2,0,0,0,1,0,0,46,19,35,7,7,2,12,0,6,36,0,0,10,20,0,0,79
Unclassified Archaea,3,1,3,0,5,340,4,191,0,0,133,24,183,183,0,0,0,4,0,1,0,3,0,0,0,0,0,0,0,0,7,31,0,0
Unclassified Ardenticatenaceae,0,0,0,0,0,0,0,0,0,0,2,0,0,0,0,0,0,0,0,0,48,0,0,0,0,0,0,0,0,0,0,0,0,0
Unclassified Ardenticatenales,7,0,0,0,0,6,29,8,0,0,2,0,6,2,0,0,5,0,0,0,28,0,0,0,0,0,0,8,0,0,7,0,0,0
Unclassified Arenicellaceae,0,0,0,0,0,0,0,0,0,0,0,0,2,0,0,0,0,0,0,0,0,0,0,0,0,0,7,0,0,0,0,0,0,0
Unclassified Armatimonadales,0,0,0,0,0,0,5,2,0,0,0,0,5,0,0,0,0,0,0,0,0,0,0,0,0,0,0,0,0,0,0,0,0,0
Unclassified Atopobiaceae,0,0,0,0,0,0,20,0,0,0,0,0,1,0,0,0,0,0,0,0,0,0,0,0,0,0,0,0,0,8,0,0,0,0
Unclassified Azospirillaceae,0,0,0,0,0,1,0,0,0,0,0,0,0,0,0,0,0,0,0,0,0,0,0,0,0,0,0,0,0,0,0,0,0,0
Unclassified Azospirillales,0,0,0,0,0,3,38,0,0,0,0,0,0,0,0,0,0,0,0,0,0,0,0,0,0,0,0,0,0,0,52,0,0,0
Unclassified B122,0,0,0,0,0,0,0,1,0,0,0,0,0,0,0,0,0,0,0,0,0,0,0,0,0,0,0,0,0,0,0,0,0,0
Unclassified B12_WMSP1,33,2,0,0,10,0,0,0,0,0,2,0,0,0,0,0,0,0,0,0,0,0,0,0,0,0,0,0,0,0,0,0,0,0
Unclassified B1_7BS,8,0,0,0,0,7,36,0,0,0,0,0,0,0,0,0,0,0,0,0,0,0,206,0,0,0,0,0,0,0,0,0,0,0
Unclassified B2M28,0,0,0,0,0,0,0,0,0,0,0,0,0,0,0,0,0,0,0,0,0,0,0,0,137,0,0,0,0,0,12,0,0,0
Unclassified BIrii41,0,0,0,0,0,6,23,3,0,0,4,0,4,9,0,0,0,0,0,0,13,0,0,0,0,0,0,0,0,0,0,0,0,27
Unclassified BSV26,0,0,0,0,0,9,37,17,0,0,19,0,12,2,0,0,0,0,0,0,0,0,0,0,0,0,0,0,0,0,0,0,0,0
Unclassified Babeliaceae,0,0,0,0,0,0,0,0,0,0,0,0,2,0,0,0,0,0,0,0,0,0,0,0,0,0,0,0,0,0,0,0,0,0
Unclassified Babeliales,0,0,0,0,0,0,11,0,0,0,2,0,2,0,0,0,0,6,0,0,0,0,0,0,0,0,0,0,0,0,0,0,0,0
Unclassified Bacillaceae,0,0,0,0,0,5,0,0,0,0,0,0,2,0,0,0,0,0,0,0,0,0,0,0,0,0,0,0,0,0,0,0,0,70
Unclassified Bacillales,0,10,0,0,0,0,0,0,1,0,0,0,0,1,0,0,0,0,0,0,0,0,0,0,0,0,0,0,0,0,0,0,0,0
Unclassified Bacilli,0,0,0,0,0,2,2,6,0,0,2,0,0,4,0,0,11,144,19,13,18,12,0,9,290,7,29,0,4,15,46,206,1,200
Unclassified Bacteria,509,128,62,80,185,10899,3016,8332,170,442,5651,209,8911,8834,4,43,180,158,101,301,872,91,2893,12,1015,83,84,69,114,75,647,1118,293,2586
Unclassified Bacteriovoracaceae,0,0,0,0,0,0,0,0,0,0,0,0,0,0,0,0,0,0,0,0,0,0,0,0,0,0,0,0,0,0,28,0,0,0
Unclassified Bacteroidales,19,0,0,1,0,2,66,6,9,0,16,0,30,9,17,0,0,0,0,0,0,3,1,0,179,0,0,0,0,0,31,0,0,16
Unclassified Bacteroidales_BS11_gut_group,0,0,0,0,0,0,0,0,0,0,0,0,0,0,0,0,0,0,0,0,0,0,0,0,0,0,0,0,0,0,0,0,0,0
Unclassified Bacteroidales_RF16_group,0,0,0,0,0,0,0,0,0,0,0,0,0,13,0,0,0,0,0,0,0,0,0,0,0,0,0,0,0,0,0,0,0,0
Unclassified Bacteroidales_UCG_001,0,0,0,0,0,0,0,0,0,0,0,0,4,0,0,0,0,0,0,0,0,0,0,0,0,0,0,0,0,0,0,0,0,0
Unclassified Bacteroidetes_BD2_2,0,0,0,0,0,0,11,0,0,0,0,0,1,0,0,0,0,0,0,0,0,0,0,0,0,0,0,0,0,0,0,0,0,0
Unclassified Bacteroidetes_vadinHA17,0,0,0,0,0,40,0,6,0,48,9,0,10,5,0,0,0,0,0,0,0,0,0,0,0,0,0,0,6,0,0,0,0,0
Unclassified Bacteroidia,12,2,63,2,0,34,25,6,2,0,17,20,21,10,21,0,0,15,26,0,0,12,0,0,0,0,20,0,0,5,0,0,5,0
Unclassified Balneolaceae,4,0,0,0,0,0,0,0,0,0,2,0,0,0,0,0,0,0,0,0,0,0,0,0,0,0,0,0,0,0,0,0,0,0
Unclassified Barnesiellaceae,0,0,0,0,0,0,3,0,0,0,0,0,36,0,0,0,0,0,0,0,0,0,0,0,0,0,0,0,0,0,0,0,0,8
Unclassified Bathyarchaeia,0,0,0,0,0,9,56,3,0,0,10,0,7,9,0,0,0,14,0,0,0,0,0,0,0,0,0,0,0,2,0,0,0,0
Unclassified Bdellovibrionota,0,0,0,0,0,0,0,0,0,0,3,0,1,0,0,0,0,0,0,0,0,0,0,0,0,0,0,0,0,0,0,0,0,0
Unclassified Beijerinckiaceae,0,0,0,0,0,51,30,66,0,0,57,0,75,56,0,0,0,0,0,0,0,0,0,0,0,0,0,0,0,0,0,0,0,0
Unclassified Blastocatellaceae,0,0,0,0,0,4,11,1,0,0,0,0,0,2,0,0,0,0,0,0,0,0,1,0,0,0,0,0,0,0,59,0,0,0
Unclassified Blastocatellia,0,0,0,0,0,0,13,0,0,0,0,0,1,0,0,0,0,0,0,0,0,0,0,0,0,0,0,0,0,0,0,0,0,32
Unclassified Blfdi19,0,0,0,0,0,2,40,2,0,0,0,0,0,4,0,0,0,0,0,16,0,0,0,0,0,0,0,0,0,0,0,0,0,0
Unclassified Bradymonadaceae,0,0,0,0,0,0,0,0,0,0,1,0,0,0,0,0,0,0,0,0,0,0,0,0,0,0,0,0,0,0,0,0,0,0
Unclassified Bradymonadales,0,0,0,0,0,0,4,0,0,0,0,0,0,0,0,0,0,0,0,0,0,0,0,0,0,0,0,0,0,0,22,0,0,0
Unclassified Burkholderiales,0,0,0,0,0,16,66,7,0,0,4,0,44,9,0,0,0,0,0,0,0,0,0,0,172,0,0,0,0,0,1,0,0,1
Unclassified Butyricicoccaceae,0,0,0,0,0,0,8,0,0,0,0,0,0,2,0,0,0,0,0,0,0,0,0,0,0,0,0,0,0,0,0,0,0,0
Unclassified C0119,0,0,0,0,0,6,63,3,0,0,0,0,18,0,0,0,0,0,0,0,1,0,2,0,0,0,0,0,0,0,0,0,0,31
Unclassified C86,0,0,0,0,0,0,0,0,0,0,3,0,0,0,0,0,0,0,0,0,0,0,0,0,0,0,0,0,0,0,0,0,0,0
Unclassified CCD24,0,0,0,0,0,0,82,0,0,0,12,0,3,5,0,0,0,0,0,0,0,0,0,0,0,0,0,0,0,0,0,0,0,0
Unclassified CCM19a,0,0,0,0,0,0,0,0,0,0,7,0,0,0,0,0,0,0,0,0,0,0,0,0,0,0,0,0,0,0,0,0,0,0
Unclassified CG1_02_32_21,0,0,0,0,0,6,0,8,0,0,3,0,13,0,0,0,0,0,0,0,0,0,0,0,0,0,0,0,0,0,0,0,0,0
Unclassified Caldilineaceae,7,0,0,0,0,46,12,2,0,59,7,40,25,12,0,0,28,0,2,0,0,0,0,0,0,0,0,11,0,1,0,0,0,0
Unclassified Calditrichaceae,0,0,0,0,0,0,0,0,0,0,1,0,2,0,0,0,0,0,0,0,0,0,0,0,0,0,0,0,0,0,0,0,0,0
Unclassified Campylobacterales,0,0,0,0,0,0,0,1,0,0,0,0,0,0,0,0,0,0,0,0,0,0,0,0,0,0,0,0,0,0,0,0,0,0
Unclassified Candidatus_Abawacabacteria_bacterium_RBG_16_42_10,0,0,0,0,0,0,0,0,0,0,2,0,0,0,0,0,0,0,0,0,0,0,0,0,0,0,0,0,0,0,0,0,0,0
Unclassified Candidatus_Adlerbacteria_bacterium_GW2011_GWC1_50_9,0,0,0,0,0,4,0,1,0,0,0,0,0,3,0,0,0,0,0,0,32,0,0,0,0,0,0,0,0,0,0,162,0,0
Unclassified Candidatus_Azambacteria,0,0,0,0,0,3,0,5,0,0,0,0,0,0,0,0,0,0,0,0,0,0,0,0,0,0,0,0,0,0,0,0,0,0
Unclassified Candidatus_Buchananbacteria,0,0,0,0,0,0,0,0,0,0,0,0,4,0,0,0,0,0,0,0,0,0,0,0,0,0,0,0,0,0,0,0,0,0
Unclassified Candidatus_Buchananbacteria_bacterium_RIFCSPLOWO2_01_FULL_45_31,0,0,0,0,0,0,0,5,0,0,0,0,0,0,0,0,0,0,0,0,0,0,0,0,0,0,0,0,0,0,0,0,0,0
Unclassified Candidatus_Campbellbacteria,3,0,0,0,0,119,0,51,0,0,119,0,129,40,0,0,0,0,0,0,0,0,0,0,0,0,0,0,0,0,0,0,0,0
Unclassified Candidatus_Campbellbacteria_bacterium_RIFOXYC2_FULL_35_25,0,0,0,0,0,0,0,11,0,0,0,0,0,4,0,0,0,0,0,0,0,0,0,0,0,0,0,0,0,0,0,0,0,0
Unclassified Candidatus_Dadabacteria_bacterium_CSP1_2,0,0,0,0,0,0,0,0,0,0,1,0,0,0,0,0,0,0,0,0,0,0,0,0,0,0,0,0,0,0,0,0,0,0
Unclassified Candidatus_Doudnabacteria_bacterium_RIFCSPLOWO2_02_FULL_48_13,0,0,1,0,0,9,40,0,0,0,6,0,1,4,0,0,0,0,0,0,0,0,0,0,0,0,0,0,0,0,0,0,0,0
Unclassified Candidatus_Falkowbacteria,0,0,0,0,0,119,0,59,0,0,23,0,131,10,0,0,0,0,0,0,0,0,49,0,0,0,0,0,0,0,0,0,0,0
Unclassified Candidatus_Falkowbacteria_bacterium_GW2011_GWA2_41_14,0,0,0,0,0,37,0,0,0,0,0,0,38,0,0,0,0,0,0,0,0,0,0,0,0,0,0,0,0,0,0,0,0,0
Unclassified Candidatus_Falkowbacteria_bacterium_GW2011_GWF2_43_32,0,0,0,0,0,0,0,1,0,0,0,0,5,0,0,0,0,0,0,0,0,0,0,0,0,0,0,0,0,0,0,0,0,0
Unclassified Candidatus_Falkowbacteria_bacterium_RIFOXYC2_FULL_34_220,0,0,0,0,0,1,0,0,0,0,1,0,0,0,0,0,0,0,0,0,0,0,0,0,0,0,0,0,0,0,0,0,0,0
Unclassified Candidatus_Gracilibacteria_bacterium_HOT_871,0,0,0,0,0,0,0,0,10,4,6,11,3,0,2,22,0,18,0,0,0,8,0,0,0,0,0,0,0,0,0,0,2,0
Unclassified Candidatus_Heimdallarchaeota_archaeon_AB_125,0,0,0,0,0,0,0,2,0,0,2,0,0,0,0,0,0,0,0,0,0,0,0,0,0,0,0,0,0,0,0,0,0,0
Unclassified Candidatus_Hepatincola,0,0,0,0,0,0,5,0,0,0,0,0,0,0,0,0,0,0,0,0,0,0,0,0,0,0,0,0,0,0,0,0,0,0
Unclassified Candidatus_Kaiserbacteria,0,0,0,2,0,9,52,11,0,0,3,0,15,3,0,0,10,0,14,0,0,0,0,0,0,0,0,0,0,0,0,0,0,0
Unclassified Candidatus_Kapabacteria_sp._59_99,0,0,0,0,0,4,0,1,0,0,0,0,4,11,0,0,0,0,0,0,0,0,0,0,0,0,0,0,0,0,0,0,0,0
Unclassified Candidatus_Komeilibacteria_bacterium_RIFOXYC1_FULL_37_11,0,0,0,0,0,4,0,1,0,0,2,0,0,0,0,0,0,0,0,0,0,0,0,0,0,0,0,0,0,0,0,0,0,0
Unclassified Candidatus_Kuenenbacteria,0,0,0,0,0,0,0,2,0,0,0,0,0,0,0,0,0,0,0,0,0,0,0,0,0,0,0,0,0,0,0,0,0,0
Unclassified Candidatus_Lloydbacteria,0,0,0,0,0,1,0,0,0,0,0,0,0,0,0,0,0,0,0,0,0,0,0,0,0,0,0,0,0,0,0,0,0,0
Unclassified Candidatus_Lloydbacteria_bacterium_RIFCSPHIGHO2_02_FULL_50_18,0,0,0,0,0,0,0,3,0,0,0,0,0,0,0,0,0,0,0,0,0,0,0,0,0,0,0,0,0,0,0,0,0,0
Unclassified Candidatus_Lloydbacteria_bacterium_RIFOXYC12_FULL_46_25,0,0,0,0,0,4,0,0,0,0,0,0,0,0,0,0,0,0,0,0,0,0,0,0,0,0,0,0,0,0,0,0,0,0
Unclassified Candidatus_Magasanikbacteria,0,0,0,0,0,0,0,5,0,0,3,0,3,0,0,0,0,0,0,0,0,0,0,0,0,0,0,0,0,0,0,0,0,0
Unclassified Candidatus_Moranbacteria,0,0,0,0,0,0,0,0,0,0,3,0,0,0,0,0,0,0,0,0,0,0,0,0,0,0,0,0,0,0,0,0,0,0
Unclassified Candidatus_Nomurabacteria,0,0,0,0,0,38,0,24,0,0,36,0,86,26,0,0,0,0,0,0,0,0,0,0,0,0,0,0,0,0,0,0,0,0
Unclassified Candidatus_Nomurabacteria_bacterium_CG2_30_43_9,0,0,0,0,0,0,10,0,0,0,0,0,0,0,0,0,0,0,0,0,0,0,0,0,0,0,0,0,0,0,0,0,0,0
Unclassified Candidatus_Nomurabacteria_bacterium_GW2011_GWB1_35_20,0,0,0,0,0,27,0,3,0,0,2,0,0,0,0,0,0,0,0,0,0,0,0,0,0,0,0,0,0,0,0,0,0,0
Unclassified Candidatus_Nomurabacteria_bacterium_GW2011_GWC2_42_20,0,0,0,0,0,0,0,0,0,0,0,0,0,4,0,0,0,0,0,0,0,0,0,0,0,0,0,0,0,0,0,0,0,0
Unclassified Candidatus_Nomurabacteria_bacterium_GW2011_GWD1_44_10,0,0,0,0,0,0,0,0,0,0,5,0,5,0,0,0,0,0,0,0,0,0,0,0,0,0,0,0,0,0,0,0,0,0
Unclassified Candidatus_Nomurabacteria_bacterium_RIFCSPLOWO2_01_FULL_36_10b,0,0,0,0,0,0,0,0,0,0,0,0,3,0,0,0,0,0,0,0,0,0,0,0,0,0,0,0,0,0,0,0,0,0
Unclassified Candidatus_Pacebacteria,0,0,0,0,0,3,0,0,0,0,0,0,4,0,0,0,0,0,0,0,5,0,0,0,0,0,0,0,0,0,0,0,0,0
Unclassified Candidatus_Peregrinibacteria,0,0,0,0,0,0,0,0,0,0,0,0,3,1,0,0,0,0,0,0,0,0,0,0,0,0,0,0,0,0,0,0,0,0
Unclassified Candidatus_Peregrinibacteria_bacterium_GW2011_GWF2_39_17,0,0,0,0,0,2,0,0,0,0,0,0,0,0,0,0,0,0,0,0,0,0,0,0,0,0,0,0,0,0,0,0,0,0
Unclassified Candidatus_Saccharibacteria_bacterium_UB2523,0,10,11,3,0,2,0,9,3,0,1,0,2,0,17,0,10,17,10,49,69,0,0,3,0,0,6,0,43,25,41,0,4,0
Unclassified Candidatus_Sonnebornia_yantaiensis,0,0,0,0,0,2,50,0,0,0,0,0,0,0,0,0,0,0,0,0,0,0,1,0,0,0,0,0,0,0,0,0,0,0
Unclassified Candidatus_Uhrbacteria,0,0,0,0,2,0,0,0,0,0,0,0,0,0,0,0,0,0,0,0,0,0,0,0,0,0,0,0,0,0,0,0,0,0
Unclassified Candidatus_Uhrbacteria_bacterium_RIFOXYB12_FULL_58_10,0,0,0,0,0,0,0,0,0,0,0,0,2,0,0,0,0,0,0,0,0,0,0,0,0,0,0,0,0,0,0,0,0,0
Unclassified Candidatus_Vogelbacteria,0,0,0,0,0,5,0,4,0,0,2,0,2,0,0,0,0,0,0,0,0,0,0,0,0,0,0,0,0,0,0,0,0,0
Unclassified Candidatus_Vogelbacteria_bacterium_RIFOXYB1_FULL_42_16,0,0,0,0,0,33,0,22,0,0,24,0,44,0,0,0,0,0,0,0,0,0,0,0,0,0,0,0,0,0,0,0,0,0
Unclassified Candidatus_Woesebacteria,0,0,0,0,0,0,0,0,0,7,0,0,0,0,0,0,0,0,0,0,0,0,0,0,0,0,0,0,0,0,0,0,0,0
Unclassified Candidatus_Yanofskybacteria,0,0,0,0,0,0,0,0,0,0,3,0,0,0,0,0,0,0,0,0,0,0,0,0,0,0,0,0,0,0,0,0,0,0
Unclassified Candidatus_Yanofskybacteria_bacterium_GW2011_GWF1_44_227,0,0,0,0,0,0,0,1,0,0,0,0,0,0,0,0,0,0,0,0,0,0,0,0,0,0,0,0,0,0,0,0,0,0
Unclassified Candidatus_Zambryskibacteria,0,0,0,0,0,31,0,15,0,0,1,0,65,4,0,0,0,0,0,0,0,0,0,0,0,0,0,0,0,0,0,0,0,0
Unclassified Candidatus_Zambryskibacteria_bacterium_RIFCSPHIGHO2_01_FULL_43_27,0,0,0,0,0,0,0,0,0,0,1,0,7,1,0,0,0,0,0,0,0,0,0,0,0,0,0,0,0,0,0,0,0,0
Unclassified Caulobacteraceae,0,0,0,0,0,0,0,1,0,0,0,0,0,0,0,0,0,0,0,26,0,0,0,0,0,0,0,0,0,0,0,0,13,0
Unclassified Cellvibrionaceae,0,0,0,0,0,0,3,0,0,0,2,0,0,0,0,0,0,0,0,0,0,0,0,0,0,0,0,0,0,0,0,0,0,0
Unclassified Chitinivibrionia,0,0,0,0,0,3,0,0,0,0,0,0,0,0,0,0,0,0,0,0,0,0,0,0,0,0,0,0,0,0,0,0,0,0
Unclassified Chitinophagaceae,32,2,0,0,0,22,156,9,12,0,10,0,7,6,0,0,0,11,0,0,142,0,25,0,37,0,0,0,0,0,0,0,0,0
Unclassified Chitinophagales,0,0,0,0,0,8,59,4,0,0,4,0,1,16,0,0,0,0,0,0,4,0,0,0,2,9,0,0,0,0,0,0,0,39
Unclassified Chlamydiaceae,0,0,0,0,0,0,0,0,0,0,0,0,0,0,0,0,0,0,0,0,0,0,0,0,0,0,0,0,0,0,0,118,0,0
Unclassified Chlamydiales,0,0,0,0,0,0,0,0,2,0,0,0,2,0,0,0,0,0,0,0,0,0,0,0,0,0,0,0,0,0,0,0,0,30
Unclassified Chlorobi_bacterium_OLB5,0,0,0,0,0,0,0,0,4,0,0,0,0,0,0,0,0,0,0,0,0,0,0,0,0,0,0,0,0,0,0,0,0,0
Unclassified Chloroflexaceae,0,0,0,0,0,0,0,0,0,0,0,0,0,3,0,0,0,0,0,0,0,0,0,0,0,0,0,0,0,0,0,0,0,0
Unclassified Chloroflexi,69,35,0,0,0,61,188,40,0,4,71,0,40,27,0,16,0,0,0,22,3,0,241,0,191,0,0,0,0,0,142,0,0,76
Unclassified Chloroflexi_bacterium_RBG_13_46_9,0,0,0,0,0,0,0,0,0,0,0,0,2,0,0,0,0,0,0,0,0,0,0,0,0,0,0,0,0,0,0,0,0,0
Unclassified Christensenellaceae,0,0,0,0,0,0,8,0,0,0,0,0,0,0,0,0,0,0,0,0,54,0,0,0,0,0,0,0,0,0,0,0,0,0
Unclassified Chromatiaceae,0,0,0,0,0,1,0,2,0,0,0,0,0,0,0,0,0,0,0,0,0,0,0,0,0,0,1,0,0,0,0,0,0,0
Unclassified Chroococcidiopsaceae,0,0,0,0,0,0,0,2,0,0,0,0,0,0,0,0,0,0,0,0,0,0,0,0,0,0,0,0,0,0,0,0,0,0
Unclassified Chthonomonadales,2,0,0,0,0,7,15,78,0,0,2,0,0,0,0,0,0,0,0,0,0,0,0,0,0,0,0,0,0,0,0,0,0,0
Unclassified Clade_II,0,0,0,0,0,3,3,0,0,0,6,0,0,1,0,0,0,0,0,0,0,0,0,0,0,0,0,0,0,0,0,0,0,0
Unclassified Clade_III,0,0,0,0,0,1,0,0,0,0,0,0,0,2,0,0,0,0,0,0,0,0,0,0,0,0,0,0,0,0,0,0,0,0
Unclassified Clade_IV,0,0,0,0,0,0,0,0,0,0,17,0,0,0,0,0,0,0,0,0,0,0,0,0,0,0,0,0,0,0,0,0,0,0
Unclassified Clostridia,11,0,0,0,0,12,173,9,17,0,4,0,9,11,0,0,0,0,0,0,44,0,2,0,177,0,0,0,0,0,47,0,0,53
Unclassified Clostridia_UCG_014,12,12,4,2,0,149,298,22,0,0,30,2,35,23,5,19,0,11,1,24,49,3,2,0,158,0,2,0,0,4,95,0,5,138
Unclassified Clostridia_vadinBB60_group,7,0,0,0,0,10,82,2,0,0,4,0,3,1,0,0,0,0,0,27,118,0,0,0,0,0,0,0,0,0,290,0,0,88
Unclassified Clostridiaceae,0,0,0,0,0,0,1,0,0,0,0,0,3,0,0,0,0,0,0,0,0,0,0,0,0,0,0,0,0,0,0,0,0,0
Unclassified Clostridiales,0,0,0,0,0,0,0,2,0,0,0,0,0,1,0,0,0,0,0,0,0,0,0,0,0,0,0,0,0,0,0,0,0,0
Unclassified Clostridiales_bacterium_canine_oral_taxon_162,0,0,0,0,0,0,0,0,0,0,0,0,0,0,0,0,0,0,54,0,0,0,0,0,0,0,11,0,0,0,0,0,0,0
Unclassified Clostridiales_bacterium_canine_oral_taxon_260,0,0,0,0,0,0,0,0,0,0,0,0,0,0,0,0,0,0,12,0,0,0,0,0,0,0,0,0,0,0,65,0,0,0
Unclassified Clostridiales_bacterium_feline_oral_taxon_148,4,0,5,26,0,0,0,0,4,0,32,11,0,31,8,8,214,249,11,0,0,195,153,12,0,0,259,0,2,49,0,0,24,0
Unclassified Clostridiales_bacterium_oral_taxon_075,3,20,1,7,0,0,0,0,0,0,0,31,0,0,9,4,21,248,11,0,0,10,0,28,0,4,0,0,34,9,0,0,18,0
Unclassified Clostridium_sp._6_31,0,0,0,0,0,0,0,0,0,0,0,0,4,0,0,0,0,0,0,0,0,0,0,0,0,0,0,0,0,0,0,0,0,0
Unclassified Coleofasciculaceae,0,0,0,0,0,0,0,2,0,0,1,0,0,0,0,0,0,0,0,0,0,0,0,0,0,0,0,0,0,0,0,0,0,0
Unclassified Comamonadaceae,0,0,3,0,4,9,11,7,0,0,14,0,14,5,0,0,0,2,0,0,0,0,0,0,0,0,0,0,0,0,3,0,0,0
Unclassified Corynebacteriales,0,0,0,0,0,0,0,0,0,0,0,0,3,0,0,0,0,0,0,0,0,0,0,0,0,0,0,0,0,0,0,0,0,0
Unclassified Cryomorphaceae,0,0,0,0,0,12,95,0,0,0,0,0,2,7,0,0,0,0,0,0,0,0,2,0,0,0,0,0,0,0,0,0,0,0
Unclassified Cyanobacteriales,21,0,0,3,0,568,89,47,0,0,165,2,70,56,0,0,26,0,0,0,112,0,2,0,0,0,0,0,0,0,18,0,0,123
Unclassified Cyanobacteriales_Incertae_Sedis,0,0,0,0,0,0,0,0,0,0,0,0,4,0,0,0,0,0,0,0,0,0,0,0,0,0,0,0,0,0,0,0,0,0
Unclassified Cyanobacteriia,0,0,0,0,0,28,35,22,0,0,41,0,48,2,0,0,0,0,0,0,0,0,0,0,0,0,0,0,0,0,0,0,5,0
Unclassified Cyanobiaceae,0,0,0,0,0,0,25,0,0,0,0,0,0,0,0,0,0,0,0,0,0,0,0,0,0,0,0,0,0,0,0,0,0,0
Unclassified Cyclobacteriaceae,0,0,0,0,0,0,19,2,0,0,5,0,1,0,0,0,0,0,0,0,0,0,0,0,1,0,0,0,0,0,0,0,0,13
Unclassified DEV007,0,0,0,0,0,9,0,0,0,0,0,0,0,0,0,0,0,0,0,2,0,0,0,0,0,0,0,0,0,0,0,0,0,0
Unclassified DS_100,0,0,0,0,0,0,10,7,0,0,7,0,2,4,0,0,0,0,0,0,0,0,0,0,0,0,5,0,0,0,0,0,0,0
Unclassified DTU014,0,0,0,0,0,2,0,0,0,0,2,0,0,0,0,0,0,0,0,0,0,0,0,0,0,0,0,0,0,0,0,0,0,0
Unclassified Dadabacteriales,0,0,0,7,0,0,0,0,0,0,25,0,0,0,0,0,0,0,0,0,0,0,0,0,0,0,0,0,0,0,0,0,0,0
Unclassified Deep_Sea_Euryarchaeotic_Group_DSEG,0,0,0,0,0,0,2,0,0,0,0,0,0,0,0,0,0,0,0,0,0,0,0,0,0,0,0,0,0,0,0,0,0,0
Unclassified Defluviicoccales,0,0,0,0,0,0,0,0,0,0,0,0,3,0,0,0,0,0,0,0,0,0,0,0,0,0,0,0,0,0,8,0,0,0
Unclassified Dehalococcoidales,0,0,0,0,0,0,0,2,0,0,0,0,0,0,0,0,0,0,0,0,0,0,0,0,0,0,0,0,0,0,0,0,0,0
Unclassified Dehalococcoidia,18,0,0,0,0,20,40,8,0,0,2,0,1,27,0,0,0,0,0,0,18,0,0,0,0,0,0,0,0,0,0,0,0,97
Unclassified Deinococcaceae,0,0,0,0,0,0,0,0,0,0,0,0,0,0,0,0,0,0,0,0,0,0,0,0,0,0,0,0,0,0,0,0,0,0
Unclassified Desulfobacterales,0,0,0,0,0,0,30,2,0,0,6,0,0,4,0,0,0,0,0,0,0,0,0,0,0,0,0,0,0,0,0,0,0,0
Unclassified Desulfobacterota,0,0,0,0,0,2,13,0,0,0,0,0,0,0,0,0,0,0,0,0,0,0,0,0,178,0,0,0,6,0,0,0,0,0
Unclassified Desulfobulbaceae,0,0,0,0,0,0,0,58,0,0,0,0,0,0,0,0,0,0,0,0,0,0,0,0,0,0,0,0,0,0,0,0,0,0
Unclassified Desulfobulbales,0,0,0,0,0,2,0,0,0,0,0,0,0,0,0,0,0,0,0,0,0,0,0,0,0,0,0,0,0,0,0,0,0,0
Unclassified Desulfocapsaceae,0,0,0,0,0,0,29,0,0,0,0,0,0,1,0,0,0,0,0,0,0,0,0,0,0,0,0,0,0,0,20,0,0,0
Unclassified Desulfosarcinaceae,0,0,0,0,0,0,24,0,0,0,0,0,0,0,0,0,0,0,0,0,0,0,0,0,0,0,0,0,0,0,0,0,0,0
Unclassified Desulfovibrionaceae,0,0,0,0,0,2,39,15,0,0,10,0,9,10,0,0,0,4,0,0,0,0,0,0,0,0,0,0,0,0,0,0,0,83
Unclassified Desulfuromonadaceae,0,0,0,0,0,0,2,0,0,0,0,0,0,0,0,0,0,0,0,0,0,0,0,0,0,0,0,0,0,0,0,0,0,0
Unclassified Desulfuromonadia,0,0,0,0,0,0,0,0,0,0,0,0,2,0,0,0,0,0,0,0,0,0,0,0,0,0,0,0,0,0,0,0,0,0
Unclassified Diplorickettsiaceae,0,1,0,0,0,12,0,2,0,0,5,0,1,8,0,0,0,0,0,0,0,0,0,0,0,0,0,0,0,0,0,0,0,0
Unclassified Dysgonomonadaceae,0,0,0,0,0,0,25,4,0,0,0,0,0,0,0,0,0,0,0,0,0,0,0,0,0,0,0,0,0,0,0,0,0,0
Unclassified Ectothiorhodospiraceae,0,0,0,0,0,0,8,0,0,0,0,0,0,0,0,0,0,0,0,0,0,0,0,0,0,0,0,0,0,0,0,0,0,0
Unclassified Eggerthellaceae,0,0,0,0,0,2,36,0,0,0,15,0,2,0,0,0,0,0,0,0,0,2,0,0,0,0,4,0,0,0,0,0,0,47
Unclassified Elev_16S_573,0,0,0,0,0,0,11,0,0,0,0,0,0,0,0,0,0,0,0,0,0,0,0,0,0,0,0,0,0,0,0,0,0,0
Unclassified Elsteraceae,24,0,0,0,0,0,0,3,0,0,0,0,0,0,0,0,0,0,0,0,0,0,0,0,0,0,0,0,0,0,0,0,0,0
Unclassified Elsterales,52,35,0,0,25,12,49,4,0,211,11,0,0,8,2,0,39,0,4,15,41,21,0,0,0,0,15,0,11,3,34,0,102,35
Unclassified Elusimicrobiota,0,0,0,0,0,0,11,0,0,0,0,0,0,0,0,0,0,0,0,0,0,0,0,0,0,0,0,0,0,0,0,0,0,0
Unclassified Enterobacterales,0,0,0,0,0,1,0,2,0,0,3,0,0,2,0,0,0,0,0,0,0,0,3,0,0,0,0,0,0,0,0,0,0,57
Unclassified Enterobacteriaceae,0,0,0,0,0,0,18,1,0,0,2,0,0,0,0,0,0,0,0,0,0,0,180,0,322,0,0,0,0,0,0,0,0,1
Unclassified Entotheonellaceae,0,0,0,0,0,2,17,0,0,0,0,0,0,0,0,0,0,0,0,0,35,0,0,0,0,0,0,0,0,0,0,0,0,0
Unclassified Erysipelatoclostridiaceae,0,0,0,0,0,0,1,0,0,0,0,0,0,0,0,0,0,0,0,0,0,0,0,0,0,0,0,0,0,0,0,0,0,0
Unclassified Erysipelotrichaceae,0,0,0,0,0,12,0,28,0,0,3,0,0,0,0,0,0,0,0,0,0,0,0,0,0,0,0,0,0,0,0,0,0,48
Unclassified Erysipelotrichales,0,0,0,0,0,0,0,0,0,0,0,0,0,0,0,0,0,0,0,0,0,0,0,0,0,0,0,0,0,0,14,0,0,0
Unclassified Eubacteriaceae,0,0,0,0,0,0,46,2,0,0,0,0,0,0,0,0,0,0,0,0,0,0,3,0,2,0,0,0,0,0,0,0,0,0
Unclassified Euzebyaceae,0,0,0,0,0,0,7,0,0,0,0,0,3,4,0,0,0,0,0,0,0,0,0,0,0,0,0,0,0,0,0,0,0,0
Unclassified F082,8,6,0,0,0,4,0,5,0,0,10,32,9,3,0,0,0,0,0,0,109,0,244,0,0,0,0,0,0,0,16,0,2,108
Unclassified FS118_23B_02,0,0,0,0,0,0,0,0,0,0,0,0,0,0,0,5,0,0,0,0,0,0,0,0,0,0,0,0,0,0,0,0,0,0
Unclassified Family_XI,0,0,0,0,0,0,0,0,0,0,3,0,0,0,0,0,17,0,33,0,0,0,0,0,0,0,0,0,0,0,30,0,0,0
Unclassified Fibrobacteraceae,0,0,0,0,0,0,0,2,0,0,0,0,0,0,0,0,0,0,0,0,0,0,0,0,0,0,0,0,0,0,0,0,0,0
Unclassified Fibrobacterales,0,0,0,0,9,0,0,0,0,0,0,0,0,0,0,0,0,0,0,0,0,0,0,0,0,0,0,0,0,0,0,0,0,0
Unclassified Fimbriimonadaceae,0,0,0,0,0,0,0,0,0,0,2,0,0,0,0,0,0,0,0,0,0,0,0,0,0,0,0,0,0,0,0,0,0,0
Unclassified Firmicutes,0,0,2,0,0,5,43,10,0,0,9,0,1,5,0,0,0,0,0,0,0,0,4,0,0,0,0,0,0,0,1,2,0,72
Unclassified Flavobacteriaceae,0,0,0,0,0,0,0,0,0,0,0,0,0,0,0,0,0,0,0,0,0,0,0,0,0,0,0,0,0,0,0,0,0,33
Unclassified Flavobacteriales,0,0,0,0,0,0,0,3,0,0,1,0,0,2,0,0,0,0,0,0,0,0,0,0,0,0,0,0,0,0,0,0,0,0
Unclassified Fodinicurvataceae,0,0,0,0,0,0,0,0,0,0,0,0,3,4,0,0,0,0,0,0,0,0,0,0,0,0,0,0,0,0,0,0,0,12
Unclassified Frankiales,0,0,0,0,0,0,0,0,0,0,0,0,0,5,0,0,0,0,0,0,0,0,0,0,0,0,0,0,0,0,0,0,0,28
Unclassified GIF9,0,0,0,0,0,1,0,2,0,0,1,0,0,0,0,0,0,0,0,0,0,0,0,0,0,0,0,0,0,0,0,0,0,0
Unclassified GOUTB8,0,0,0,0,0,3,0,0,0,0,0,0,0,0,0,0,0,0,0,0,0,0,0,0,0,0,0,0,0,0,0,0,0,0
Unclassified GZKB75,0,0,0,0,0,0,0,2,0,0,0,0,2,0,0,0,0,0,0,0,0,0,0,0,0,0,0,0,0,0,0,0,0,0
Unclassified Gaiellales,72,13,0,0,0,7,130,60,0,19,25,6,19,20,0,0,0,0,1,45,38,0,0,0,38,0,1,0,7,0,0,0,0,49
Unclassified Gammaproteobacteria,28,1,0,0,0,8,42,5,0,0,16,0,15,5,0,0,0,0,0,0,18,0,0,0,0,0,0,0,0,0,20,0,0,96
Unclassified Gammaproteobacteria_Incertae_Sedis,0,0,0,0,0,0,0,0,0,0,0,0,0,0,0,0,0,0,0,0,0,0,0,0,0,0,0,0,0,0,0,74,0,40
Unclassified Gastranaerophilales,0,0,0,0,0,12,100,1,0,0,3,0,6,3,0,0,0,0,0,0,0,0,0,0,221,0,0,0,0,0,0,0,0,0
Unclassified Geminicoccaceae,0,11,0,0,0,8,51,5,0,0,7,0,5,4,0,0,0,0,0,0,0,0,224,0,0,0,0,0,0,0,15,0,0,186
Unclassified Gemmataceae,115,37,0,0,0,39,194,26,0,0,36,0,49,25,0,0,37,0,0,0,4,5,1,0,72,0,0,0,15,0,37,0,13,69
Unclassified Gemmatimonadaceae,37,0,3,0,17,79,657,52,0,0,70,21,52,59,9,0,12,0,0,16,41,8,148,0,15,0,2,9,0,0,67,130,0,471
Unclassified Gemmatimonadota,0,0,0,0,0,10,65,6,0,0,2,0,4,0,0,0,0,0,0,0,0,0,0,0,0,0,0,0,0,0,0,0,0,43
Unclassified Geobacteraceae,0,0,0,0,0,2,0,0,0,0,0,0,0,0,0,0,0,0,0,0,0,0,0,0,0,0,0,0,0,0,0,0,0,0
Unclassified Geodermatophilaceae,0,0,0,0,0,0,2,0,0,0,0,0,2,0,0,0,0,0,0,0,0,0,0,0,0,0,0,0,0,0,0,0,0,0
Unclassified Gracilibacteria_bacterium_oral_taxon_872,5,0,0,0,6,0,0,0,0,0,0,16,0,0,9,0,23,2,0,0,0,0,0,20,0,0,0,0,0,0,0,0,0,0
Unclassified Halobacterales,0,0,0,0,0,4,0,0,0,0,13,0,11,0,0,0,0,0,0,0,11,0,0,0,18,0,0,0,0,0,0,0,0,1
Unclassified Haloferacaceae,3,0,0,0,0,6,0,2,0,0,0,0,5,3,0,0,0,0,0,0,0,0,0,0,0,0,0,0,0,0,0,0,0,0
Unclassified Halomicrobiaceae,0,0,0,0,0,0,0,0,0,0,2,0,0,7,0,0,0,0,0,0,0,0,0,0,0,0,0,0,0,0,0,0,0,0
Unclassified Holophagaceae,0,0,0,0,0,3,0,2,0,0,0,0,0,0,0,0,0,0,0,0,0,0,0,0,0,0,0,0,0,0,0,0,0,0
Unclassified Holosporaceae,0,0,0,0,0,0,0,7,0,0,1,0,2,0,0,0,0,0,0,0,0,0,0,0,0,2,0,0,0,0,0,0,0,0
Unclassified Hungateiclostridiaceae,0,0,0,0,0,6,0,2,0,0,4,0,1,2,0,0,0,0,0,0,0,0,0,0,0,0,0,0,0,0,0,0,2,0
Unclassified Hydrogenedensaceae,0,0,0,0,0,0,0,0,0,0,0,0,0,2,0,0,0,0,0,0,0,0,0,0,0,0,0,0,0,0,0,0,0,0
Unclassified Hydrogenispora,0,0,0,0,0,2,0,0,0,0,3,0,2,0,0,0,0,0,0,0,0,0,0,0,0,0,0,0,0,0,0,0,13,88
Unclassified Hydrothermarchaeales,0,0,0,0,0,0,59,0,0,0,0,0,0,0,0,0,0,0,0,0,1,0,0,0,0,0,0,0,0,0,0,0,0,0
Unclassified Hyphomicrobiaceae,0,0,0,0,0,0,0,0,0,0,0,0,0,0,0,0,8,0,0,0,0,0,0,0,0,0,0,0,0,0,0,0,0,0
Unclassified Hyphomonadaceae,0,0,0,0,0,0,13,0,3,0,0,0,0,0,0,0,0,0,0,0,7,0,0,0,0,0,0,0,0,0,0,0,0,0
Unclassified IMCC26256,23,0,0,1,4,11,138,124,0,0,6,0,2,4,0,0,0,0,0,3,81,0,0,0,202,0,7,0,0,0,0,106,0,32
Unclassified Iainarchaeales,0,0,0,0,0,0,14,0,0,0,0,0,0,0,0,0,0,0,0,0,0,0,0,0,0,0,0,0,0,0,0,0,0,0
Unclassified Ignavibacteriales,0,0,0,0,0,2,0,3,0,0,0,15,0,1,0,0,0,0,0,0,0,0,0,0,0,0,0,0,0,0,0,0,0,0
Unclassified Ilumatobacteraceae,0,3,0,0,0,25,74,0,0,0,0,0,2,4,0,0,0,0,0,0,0,0,3,0,84,0,0,0,0,0,0,0,0,99
Unclassified Intrasporangiaceae,0,0,0,0,0,0,0,2,0,0,0,0,0,0,0,0,0,0,0,0,0,0,0,0,0,0,0,0,0,0,0,0,0,0
Unclassified Isosphaeraceae,17,25,0,0,0,26,17,27,6,0,41,0,43,11,0,0,0,0,0,0,0,0,4,0,0,0,0,0,0,0,0,0,0,50
Unclassified Izemoplasmatales,0,0,0,0,0,0,0,0,0,0,0,0,3,2,0,0,0,0,0,0,0,0,0,0,0,0,0,0,0,0,0,0,0,0
Unclassified JG30_KF_AS9,51,0,0,0,34,12,53,6,0,0,5,22,2,28,0,0,0,0,0,18,0,9,0,0,0,0,0,0,0,0,0,0,17,50
Unclassified JG30_KF_CM45,0,0,0,0,10,551,343,438,6,19,329,0,486,502,1,0,0,0,0,0,83,0,154,0,112,0,0,0,0,0,0,0,0,473
Unclassified JG36_GS_52,0,0,0,0,0,0,3,0,0,0,0,0,2,0,0,0,0,0,3,0,0,0,0,0,0,0,0,0,0,0,0,0,9,0
Unclassified JGI_0000069_P22,0,0,0,0,0,1,0,0,0,0,0,0,0,0,0,0,0,0,0,0,0,0,0,0,0,0,0,0,0,0,0,0,0,0
Unclassified JTB23,0,0,0,0,0,6,0,0,0,0,10,0,0,0,0,0,0,0,0,0,0,0,0,0,0,0,0,0,0,0,0,0,0,0
Unclassified KD3_93,0,0,0,0,0,0,0,0,0,0,5,0,0,0,0,0,0,0,0,0,0,0,0,0,0,0,0,0,0,0,0,0,0,0
Unclassified KF_JG30_B3,19,0,0,0,0,1,78,0,0,0,0,0,3,0,0,0,0,0,0,0,0,0,0,0,1,0,3,0,0,0,0,0,2,36
Unclassified KF_JG30_C25,18,0,0,9,0,0,5,0,0,0,6,0,0,3,0,0,0,0,0,0,0,0,0,0,0,0,0,3,0,0,0,0,0,0
Unclassified KI89A_clade,0,0,0,0,0,0,0,0,0,0,12,0,0,0,0,0,0,0,0,0,0,0,0,0,0,0,0,0,0,0,0,0,0,0
Unclassified Kapabacteriales,0,0,0,0,0,10,86,7,0,0,2,0,0,0,0,0,0,0,0,0,0,0,3,0,0,0,0,0,0,0,0,0,0,0
Unclassified Kiloniellaceae,0,0,0,0,0,0,0,0,0,0,1,0,0,0,0,0,0,0,0,0,0,0,0,0,0,0,0,0,0,0,0,0,0,0
Unclassified Ktedonobacteraceae,9,0,1,5,0,2,15,0,0,0,0,0,3,15,0,0,0,0,0,26,0,0,0,0,0,0,0,0,0,0,0,0,16,0
Unclassified LD1_PB3,0,0,0,0,0,0,0,0,0,0,1,0,0,2,0,0,0,0,0,0,0,0,0,0,0,0,0,0,0,0,0,0,0,0
Unclassified LK_44f,0,0,0,0,0,1,0,4,0,0,1,0,1,2,0,0,0,0,0,0,0,0,0,0,0,0,0,0,0,0,0,0,0,0
Unclassified LWQ8,14,2,0,0,0,41,77,11,0,83,11,0,31,12,0,0,23,0,0,0,41,0,0,0,3,0,0,0,0,0,0,0,31,0
Unclassified Lachnospiraceae,39,0,1,0,30,35,223,21,0,0,18,0,30,27,5,0,9,8,0,0,115,0,0,0,179,0,0,8,0,9,196,84,0,50
Unclassified Lactobacillaceae,0,0,0,0,0,0,3,0,0,0,0,0,2,2,0,0,0,0,0,0,0,0,0,0,0,0,0,0,0,0,0,0,0,0
Unclassified Lactobacillales,0,0,0,0,0,0,1,0,0,0,0,0,34,0,0,0,0,0,0,0,0,0,0,0,0,0,0,2,0,0,33,107,0,0
Unclassified Latescibacteraceae,0,0,0,0,0,0,29,0,0,0,0,0,0,0,0,0,0,0,0,0,38,0,0,0,0,0,0,0,0,0,54,0,0,0
Unclassified Lentimicrobiaceae,0,0,0,0,0,0,0,0,0,0,0,0,2,0,0,0,0,0,0,0,26,0,146,0,0,0,0,0,0,0,0,0,0,0
Unclassified Limnochordaceae,0,0,0,0,0,4,29,0,0,0,1,0,0,5,0,0,0,0,0,0,52,0,0,0,2,0,0,0,0,0,0,17,0,3585
Unclassified Lineage_IV,0,0,0,0,0,6,0,4,0,0,2,0,6,8,0,0,0,0,0,16,0,0,0,0,0,0,0,0,0,0,0,0,0,0
Unclassified Longimicrobiaceae,0,0,0,0,0,7,60,6,128,0,8,0,30,5,0,0,4,0,0,0,13,0,17,0,3,8,0,0,0,0,29,0,0,90
Unclassified Lutispora,0,0,0,0,0,0,0,1,0,0,0,0,2,0,0,0,0,0,0,0,0,0,0,0,0,0,0,0,0,0,0,0,0,0
Unclassified MBMPE27,0,0,0,0,0,0,0,0,0,0,0,0,0,0,0,0,0,0,0,0,0,0,0,0,0,0,0,0,0,0,0,0,0,18
Unclassified MSBL9,0,0,0,0,0,0,0,0,0,0,1,0,0,0,0,0,0,0,0,0,0,0,0,0,0,0,0,0,0,0,0,0,0,0
Unclassified MSB_3C8,0,0,0,0,0,0,0,0,0,0,0,0,0,4,0,0,0,0,0,0,0,0,0,0,0,0,0,0,0,0,0,0,0,0
Unclassified MVP_88,0,0,0,0,0,0,0,0,0,0,2,0,0,0,0,0,4,0,0,0,0,0,0,0,0,0,0,0,0,0,0,0,0,0
Unclassified MWH_CFBk5,0,0,0,0,0,0,10,0,0,0,0,0,0,0,0,0,0,0,0,0,0,0,0,0,0,0,0,0,0,0,0,0,0,0
Unclassified MWH_UniP1_aquatic_group,0,0,1,0,0,0,168,0,0,0,1,0,3,0,0,0,0,0,0,0,0,0,3,0,318,0,0,0,0,0,0,0,0,0
Unclassified Magnetospiraceae,0,0,0,0,0,10,0,0,0,0,3,0,0,0,0,0,0,0,0,0,0,0,0,0,0,0,0,0,0,0,0,0,0,49
Unclassified Marine_Benthic_Group_A,0,0,0,0,0,0,0,0,0,0,0,0,0,0,0,0,0,0,0,0,0,0,123,0,0,0,0,0,0,0,0,0,0,0
Unclassified Marine_Benthic_Group_D_and_DHVEG_1,0,0,0,0,0,0,0,0,0,0,0,0,1,0,0,0,0,0,0,0,0,0,0,0,0,0,0,0,0,0,0,0,0,0
Unclassified Marine_Group_II,0,0,0,0,0,7,0,2,0,7,0,0,2,6,0,0,0,0,0,0,0,0,0,0,0,0,0,0,0,0,0,0,0,0
Unclassified Marinifilaceae,0,0,0,0,0,0,0,0,0,0,0,0,0,2,0,0,0,0,0,0,0,0,0,0,0,0,0,0,0,0,0,0,0,0
Unclassified Marinilabiliaceae,0,0,0,0,0,0,0,0,0,0,0,0,0,0,0,0,0,0,0,0,0,0,0,0,0,0,0,0,0,0,0,0,0,6
Unclassified Methanomethylophilaceae,0,0,0,0,0,0,0,1,0,0,2,0,0,0,0,0,0,0,0,0,0,0,0,0,0,0,0,0,0,0,0,0,0,0
Unclassified Methylacidiphilaceae,1,0,0,0,0,24,0,11,0,0,4,0,30,0,0,0,0,0,0,0,0,0,0,0,0,0,0,0,0,0,0,0,0,0
Unclassified Methylococcaceae,0,0,0,0,0,0,0,0,0,30,0,0,0,0,0,0,0,0,0,0,0,0,0,0,0,0,0,0,0,0,0,0,0,72
Unclassified Methyloligellaceae,0,0,0,0,0,11,48,0,32,0,0,0,0,0,0,0,0,0,0,0,0,0,0,0,0,0,0,0,0,0,0,0,0,61
Unclassified Methylophilaceae,0,0,0,0,0,2,0,0,0,0,3,0,0,0,0,0,0,0,0,0,0,0,0,0,0,0,0,0,0,0,0,0,0,0
Unclassified Micavibrionales,0,0,0,0,0,3,7,0,0,0,3,0,2,0,0,0,0,0,0,0,0,0,0,0,0,0,0,0,0,0,0,0,0,0
Unclassified Microbacteriaceae,0,0,0,0,0,26,17,3,0,0,0,0,0,0,0,0,0,0,0,0,0,0,0,0,0,0,0,0,0,0,0,0,0,0
Unclassified Micrococcaceae,0,0,0,0,0,0,13,0,0,0,0,0,0,0,0,0,0,0,0,0,0,0,0,0,0,0,0,0,0,0,0,0,0,0
Unclassified Micrococcales,0,0,0,0,0,0,0,0,0,0,0,0,5,0,0,0,0,0,0,0,0,0,0,0,0,0,0,0,0,0,0,0,0,0
Unclassified Micromonosporaceae,23,0,0,0,0,0,0,0,0,0,4,0,0,2,0,0,0,0,0,0,0,0,0,0,0,0,0,0,0,0,0,0,0,16
Unclassified Micropepsaceae,23,13,0,0,0,4,0,2,4,0,20,0,4,4,0,0,0,10,0,0,0,0,0,0,0,0,0,8,0,0,5,0,0,0
Unclassified Microscillaceae,36,0,0,0,9,71,151,56,0,0,49,0,61,64,0,0,0,0,0,0,1,0,37,0,171,0,0,0,0,0,10,0,6,22
Unclassified Microtrichaceae,0,0,0,0,0,0,0,0,0,0,0,0,2,0,0,0,14,0,0,0,0,0,0,0,0,0,6,0,0,0,0,0,0,0
Unclassified Microtrichales,18,0,0,0,4,15,95,15,6,73,9,0,7,0,0,0,0,0,0,0,0,0,0,0,2,0,0,0,0,0,0,0,0,91
Unclassified Moraxellaceae,0,0,0,0,0,0,0,0,0,0,0,0,0,18,0,0,0,0,0,0,0,0,0,0,0,0,0,0,0,0,0,0,0,0
Unclassified Muribaculaceae,152,11,2,0,10,163,903,206,0,0,104,0,97,98,18,0,0,5,0,3,184,0,1769,0,538,0,0,0,0,0,629,6,0,1768
Unclassified Myxococcaceae,0,0,0,0,0,2,34,0,0,0,0,0,0,6,0,0,0,0,0,0,0,9,0,0,0,0,0,0,0,0,0,0,17,0
Unclassified Myxococcales,0,0,0,0,0,0,15,2,0,0,0,0,0,0,0,0,0,0,0,0,0,0,1,0,0,0,0,0,0,0,0,0,0,0
Unclassified Myxococcota,0,0,0,0,0,8,0,2,0,0,3,0,0,2,0,0,0,0,0,0,0,0,0,0,0,0,0,0,0,0,0,0,0,0
Unclassified NS11_12_marine_group,0,0,0,0,0,34,72,2,0,0,6,0,5,8,0,0,0,0,0,0,0,6,0,0,0,0,0,0,0,0,0,2,0,45
Unclassified NS7_marine_group,0,0,0,0,0,0,11,0,0,0,0,0,0,0,0,0,0,0,0,0,0,0,0,0,0,0,0,0,0,0,0,0,0,0
Unclassified NS9_marine_group,2,0,0,0,0,10,35,6,1,50,12,22,7,2,0,0,0,0,0,0,0,0,207,0,0,7,5,0,0,0,80,0,25,0
Unclassified Nannocystaceae,0,0,0,0,0,0,12,2,0,0,3,0,0,0,0,0,0,0,0,0,0,0,0,0,0,0,0,0,0,0,0,0,0,0
Unclassified Negativicutes,0,0,0,0,0,0,0,0,0,0,0,0,0,0,0,0,0,0,0,0,0,0,0,0,0,0,0,0,0,6,0,0,0,0
Unclassified Neisseriaceae,4,0,0,0,0,0,8,0,2,0,0,0,0,5,0,0,8,0,0,0,49,0,0,0,0,0,5,0,0,0,0,0,0,0
Unclassified Nitriliruptoraceae,0,0,0,0,0,0,0,0,0,0,0,0,3,0,0,0,0,0,0,0,0,0,0,0,0,0,0,0,0,0,0,0,0,0
Unclassified Nitrosomonadaceae,0,0,0,0,0,0,0,2,0,0,0,0,0,0,0,0,0,0,0,0,0,0,0,0,0,0,0,0,0,0,0,0,0,0
Unclassified Nitrosopumilaceae,0,0,0,0,0,8,120,4,0,0,0,0,6,6,0,0,0,0,0,0,0,0,0,0,126,0,0,0,0,0,0,0,0,0
Unclassified Nitrososphaeraceae,0,0,0,0,0,16,5,18,0,0,22,0,54,6,0,0,0,0,0,0,5,0,0,0,97,0,0,0,0,0,11,0,0,77
Unclassified Nocardioidaceae,15,0,0,0,0,0,0,7,0,0,5,0,3,19,0,0,0,0,0,0,0,0,0,0,0,0,0,0,0,0,0,0,0,0
Unclassified Nocardiopsaceae,0,0,0,0,0,0,0,0,0,0,0,0,0,0,0,0,0,0,0,0,0,0,0,0,0,0,0,0,0,0,0,0,0,47
Unclassified Nostocaceae,0,0,0,0,0,0,0,0,0,0,5,0,0,0,0,0,0,0,0,0,0,0,0,0,0,0,0,0,0,0,0,0,0,0
Unclassified OPB41,6,0,0,0,0,0,0,0,0,0,0,0,0,0,0,0,0,0,0,0,0,0,0,0,0,0,0,0,0,0,0,0,0,0
Unclassified Obscuribacteraceae,0,0,0,0,0,0,0,0,0,0,3,0,12,1,0,0,0,0,0,0,0,0,0,0,0,0,0,0,0,0,0,0,0,0
Unclassified Oligoflexaceae,0,0,0,0,0,2,32,3,0,0,3,0,0,2,0,0,0,0,0,0,1,0,0,0,0,0,0,0,0,0,0,0,0,0
Unclassified Omnitrophales,0,0,0,0,0,0,18,0,0,0,0,0,0,0,0,0,0,0,0,0,0,0,1,0,0,0,0,0,0,0,0,0,0,0
Unclassified Opitutaceae,0,0,0,0,0,0,0,0,0,0,0,0,0,0,0,0,0,0,0,0,0,0,0,0,0,0,0,0,0,0,0,0,0,9
Unclassified Oscillatoriaceae,0,9,0,0,0,0,0,0,0,0,0,0,0,0,0,0,0,0,0,0,0,0,0,0,0,0,0,0,0,0,0,0,0,0
Unclassified Oscillospiraceae,25,0,0,0,0,39,168,6,0,0,9,16,17,3,0,0,0,0,0,0,1,0,0,0,25,0,0,0,0,0,148,0,0,99
Unclassified Oscillospirales,12,0,0,0,0,3,23,0,0,0,0,0,5,3,0,0,0,0,0,0,0,0,1,0,0,0,0,0,0,0,0,81,0,0
Unclassified Oxalobacteraceae,9,0,0,0,0,15,0,18,0,0,21,0,13,10,0,0,0,0,0,0,0,0,0,0,0,0,0,0,0,0,0,0,0,0
Unclassified PAUC26f,0,0,0,0,0,11,18,0,0,0,0,0,0,1,0,0,0,0,0,0,27,0,0,0,0,0,0,0,0,0,0,0,0,0
Unclassified PB19,2,0,0,0,0,0,28,0,0,0,0,0,0,0,0,0,0,0,0,0,0,0,0,0,0,0,0,0,0,8,0,0,24,0
Unclassified PHOS_HE36,0,0,0,0,0,0,0,0,0,0,3,0,4,3,0,0,0,0,0,0,0,0,0,0,0,0,0,0,1,0,0,0,0,0
Unclassified PLTA13,0,0,0,0,0,6,78,3,0,0,4,0,0,4,0,0,0,0,0,0,0,0,2,0,0,0,0,0,0,0,0,0,0,0
Unclassified Paludibacteraceae,3,0,0,0,0,0,0,0,0,0,0,0,0,0,0,0,0,0,0,0,8,0,0,0,0,0,0,0,0,0,0,0,0,0
Unclassified Paludibaculum,0,0,0,0,0,6,0,4,0,0,0,0,0,3,0,0,0,0,0,0,0,0,0,0,0,0,0,0,0,0,0,0,0,0
Unclassified Paludibaculum_fermentans,0,0,0,0,0,0,0,0,0,0,1,0,0,0,0,0,0,2,0,0,0,0,0,0,0,0,0,0,0,0,0,0,0,0
Unclassified Paracaedibacteraceae,0,0,0,0,0,0,0,0,0,0,6,0,2,0,0,0,0,0,0,0,0,0,0,0,0,0,0,0,0,0,0,0,0,0
Unclassified Parachlamydiaceae,0,6,0,0,0,12,46,0,0,0,0,0,0,2,0,0,0,0,0,0,0,0,0,0,0,0,0,0,0,0,0,0,0,0
Unclassified Parcubacteria,0,0,0,0,0,355,0,239,0,0,189,0,387,109,0,0,0,0,0,0,4,0,0,0,0,0,0,0,0,0,0,0,0,0
Unclassified Parcubacteria_bacterium_C7867_005,0,0,0,0,0,17,0,2,0,0,0,0,2,0,0,0,0,0,0,0,0,0,0,0,0,0,0,0,0,0,0,0,0,20
Unclassified Parcubacteria_bacterium_RAAC4_OD1_1,0,0,0,0,0,0,0,0,0,0,0,0,3,0,0,0,0,0,0,0,0,0,0,0,0,0,0,0,0,0,0,0,0,0
Unclassified Parcubacteria_group_bacterium_CG1_02_50_68,0,0,0,0,0,0,0,0,0,0,0,0,0,1,0,0,0,0,0,0,0,0,0,0,0,0,0,0,0,0,0,0,0,0
Unclassified Parcubacteria_group_bacterium_GW2011_GWA2_40_14,0,0,0,0,0,21,0,2,0,0,4,0,2,37,0,0,0,0,0,0,0,0,0,0,0,0,0,0,0,0,0,0,0,0
Unclassified Parcubacteria_group_bacterium_GW2011_GWF2_38_76,0,0,0,0,0,4,0,1,0,0,0,0,0,0,0,0,0,0,0,0,0,0,0,0,0,0,0,0,0,0,0,0,0,0
Unclassified Parcubacteria_group_bacterium_GW2011_GWF2_45_11,0,0,0,0,0,2,0,1,0,0,0,0,0,0,0,0,0,0,0,0,0,0,0,0,0,0,0,0,0,0,0,0,0,0
Unclassified Parvularculaceae,0,0,0,0,0,0,0,0,0,0,0,0,0,0,0,0,0,0,0,0,0,0,236,0,0,0,0,0,0,0,0,0,0,0
Unclassified Pasteurellaceae,0,0,0,0,0,0,0,0,0,0,0,0,0,0,0,0,0,0,0,0,3,0,0,0,0,0,0,0,0,0,0,0,0,0
Unclassified Patescibacteria,0,0,0,0,0,0,0,0,0,0,3,0,0,4,0,0,0,0,0,0,0,0,0,0,0,0,0,0,0,0,0,0,0,0
Unclassified PeM15,0,0,8,0,0,2,0,0,0,0,0,0,0,3,0,0,0,0,0,0,0,0,0,0,0,0,0,0,0,0,0,0,0,0
Unclassified Pedosphaeraceae,20,0,0,0,12,21,70,16,0,0,36,2,24,17,12,0,0,0,0,5,18,0,0,0,0,0,0,0,0,0,0,232,0,38
Unclassified Peptococcaceae,15,0,0,0,0,0,15,1,0,0,8,0,0,2,0,0,0,0,0,0,1,0,645,0,0,0,0,0,0,0,0,0,0,0
Unclassified Peptostreptococcaceae,4,0,3,0,0,2,0,0,0,0,0,0,0,0,0,0,0,0,0,0,0,0,0,0,136,0,0,0,0,0,0,0,0,0
Unclassified Phycisphaeraceae,24,0,0,0,0,4,0,1,0,0,6,0,4,2,0,0,0,0,0,0,0,0,0,0,0,0,0,0,0,0,0,0,0,44
Unclassified Phycisphaerae,0,0,0,0,0,2,0,0,0,0,0,0,0,0,0,0,0,0,0,0,0,0,0,0,0,0,0,0,0,0,0,0,0,0
Unclassified Pirellulaceae,6,0,0,0,0,235,7,174,0,0,139,0,232,73,0,0,0,0,0,0,0,0,0,0,0,0,0,0,0,0,0,0,0,0
Unclassified Planctomycetales,0,0,0,0,5,2,0,0,0,0,0,0,6,0,0,0,0,0,0,0,0,0,0,0,0,0,0,0,0,0,11,0,0,0
Unclassified Planctomycetes,0,0,0,0,0,2,35,0,0,0,11,0,0,2,0,0,0,0,0,0,0,0,5,0,0,0,0,0,0,0,0,0,0,0
Unclassified Planctomycetota,0,0,0,0,0,0,0,3,0,0,0,0,3,0,0,0,0,0,0,0,0,0,0,0,0,0,0,0,0,0,0,0,0,0
Unclassified Planococcaceae,0,0,0,0,0,0,13,0,0,0,0,0,0,0,0,0,0,0,0,0,0,0,0,0,0,0,0,0,0,0,0,0,0,0
Unclassified Pleomorphomonadaceae,0,0,0,0,0,6,0,0,0,0,0,0,0,0,0,0,0,0,0,0,0,0,0,0,0,0,0,0,0,0,0,0,0,0
Unclassified Polyangiaceae,0,0,0,0,0,2,0,0,0,0,0,0,0,0,0,0,0,0,0,0,0,0,0,0,0,0,0,0,0,0,0,0,0,0
Unclassified Polyangiales,0,0,0,0,0,0,0,0,0,0,5,0,1,0,0,0,0,0,0,0,0,0,0,0,0,0,0,0,0,0,0,0,0,18
Unclassified Prevotellaceae,7,36,0,4,0,10,56,23,0,0,48,60,28,25,2,129,237,446,340,0,0,662,163,4,0,420,759,3,98,7,20,518,42,67
Unclassified Prolixibacteraceae,0,0,0,0,0,0,0,5,0,0,1,0,0,0,0,0,0,0,0,0,0,0,0,0,0,0,0,0,0,0,0,0,0,0
Unclassified Propionibacteriaceae,0,0,0,0,10,0,0,0,0,154,12,14,37,0,0,0,0,0,0,32,0,5,0,0,0,0,3,0,0,0,0,0,6,0
Unclassified Proteobacteria,0,4,0,0,0,2,57,6,0,0,8,0,7,3,0,0,0,0,0,0,0,0,2,0,0,0,0,0,0,0,0,0,0,0
Unclassified Pseudomonadales,3,6,0,0,0,2,0,0,0,0,2,0,0,7,0,0,0,0,0,0,0,0,0,0,0,0,0,0,0,0,0,80,0,36
Unclassified Puniceicoccaceae,0,0,0,0,0,0,0,0,0,0,0,0,0,0,0,0,0,0,3,0,0,0,0,0,0,0,0,0,0,0,0,0,0,0
Unclassified Puniceispirillales,0,0,0,0,0,0,0,0,0,0,0,0,0,0,0,0,0,0,0,0,0,0,0,0,0,0,0,0,0,0,0,0,0,56
Unclassified RBG_13_54_9,0,0,0,0,0,3,55,10,0,0,2,0,5,3,0,0,0,0,0,0,0,0,0,0,6,0,0,0,0,0,0,2,0,78
Unclassified RF39,0,2,2,9,0,13,88,24,0,0,4,3,5,4,0,6,3,8,0,5,0,1,0,12,2,0,0,0,0,0,0,0,0,0
Unclassified Reyranellaceae,0,0,0,0,0,0,26,0,0,0,0,0,0,0,0,0,0,7,0,0,0,0,0,0,0,0,0,0,0,0,0,0,0,0
Unclassified Rhizobiaceae,0,0,0,0,0,0,0,0,0,0,0,0,0,2,0,0,0,0,0,0,8,0,0,0,0,0,0,0,0,0,0,0,0,0
Unclassified Rhizobiales,9,0,0,0,0,11,61,5,2,0,0,0,2,38,0,8,13,0,0,0,15,0,0,0,0,10,0,0,0,0,0,104,0,107
Unclassified Rhizobiales_Incertae_Sedis,4,0,0,0,0,0,25,0,0,0,0,0,0,0,0,0,0,0,0,16,0,0,0,0,0,0,0,0,0,0,0,0,0,0
Unclassified Rhodanobacteraceae,8,0,0,0,0,2,5,0,0,0,0,0,0,0,0,0,0,5,0,0,0,0,0,0,0,0,0,0,0,0,0,0,0,7
Unclassified Rhodobacteraceae,0,0,0,0,0,2,50,2,0,0,2,0,4,7,0,0,0,0,0,0,0,0,0,0,0,0,0,0,0,0,0,0,0,0
Unclassified Rhodocyclaceae,0,0,0,0,0,0,0,2,0,0,5,0,1,2,0,0,0,0,0,0,0,0,0,0,0,0,0,0,0,0,0,0,0,0
Unclassified Rhodospirillaceae_bacterium,0,0,0,0,0,2,0,0,0,0,0,0,0,0,0,0,0,0,0,0,0,0,0,0,0,0,0,0,0,0,0,0,0,0
Unclassified Rhodospirillaceae_bacterium_L34,0,0,0,0,0,0,0,0,0,0,0,0,0,0,0,0,0,0,0,0,0,0,0,0,0,0,0,4,0,0,0,0,21,0
Unclassified Rhodospirillales,7,0,1,0,0,1,154,1,0,0,2,0,1,3,39,1,0,102,60,4,30,0,2,0,2,0,28,0,0,0,87,0,17,20
Unclassified Rhodothermaceae,0,0,0,0,0,0,11,4,0,0,10,0,10,2,0,0,0,0,0,0,0,0,0,0,0,0,0,0,0,0,0,0,0,0
Unclassified Rickettsiales,0,0,0,0,0,0,11,0,0,0,0,0,0,0,0,0,0,0,0,0,0,0,0,0,0,0,0,0,0,0,0,0,0,0
Unclassified Rikenellaceae,8,0,0,0,0,2,0,0,0,0,2,0,3,0,0,0,0,0,0,0,0,0,0,0,0,0,0,0,0,0,0,0,0,0
Unclassified Rokubacteriales,70,0,0,0,20,19,242,101,0,0,38,0,30,16,0,0,0,0,0,0,33,0,5,0,0,0,0,2,0,12,0,124,0,264
Unclassified Roseiflexaceae,15,0,0,0,0,14,127,19,0,0,11,0,17,19,0,0,0,0,0,0,20,0,21,0,0,0,0,0,0,9,0,0,0,26
Unclassified Rs_M59_termite_group,0,0,0,0,0,0,0,0,0,0,0,0,0,0,0,0,0,0,10,0,0,0,0,0,0,0,6,0,0,0,0,0,0,0
Unclassified Rubinisphaeraceae,0,0,0,0,0,1,0,0,0,0,0,0,0,0,0,0,0,0,0,0,0,0,0,0,0,0,0,0,0,0,0,0,0,0
Unclassified Rubritaleaceae,0,0,0,0,0,3,0,0,0,0,1,0,0,0,0,0,0,0,0,0,0,0,0,0,0,0,0,0,0,0,0,0,0,0
Unclassified Ruminococcaceae,0,10,0,0,4,10,109,4,0,0,10,0,11,5,0,0,0,0,0,0,0,0,1,0,0,2,7,0,0,0,0,84,0,99
Unclassified Run_SP154,0,0,0,0,0,0,2,0,0,0,0,0,0,0,0,0,0,0,0,0,0,0,0,0,0,0,0,0,0,0,0,0,0,0
Unclassified S085,0,0,0,0,0,0,34,2,0,0,0,0,5,0,0,0,0,0,0,0,1,0,313,0,0,0,0,0,0,0,0,0,0,1
Unclassified S15_21,0,0,0,0,0,0,0,0,0,0,0,0,0,0,0,0,0,0,0,0,0,0,0,0,0,0,0,9,0,0,0,0,0,0
Unclassified SAR116_clade,0,0,3,0,0,0,0,0,0,0,0,0,0,0,0,0,0,0,0,0,0,0,0,0,0,0,0,0,0,0,0,0,0,0
Unclassified SAR202_clade,2,0,0,0,0,22,5,13,0,0,8,0,5,1,0,0,20,0,0,45,0,0,2,0,0,0,0,0,0,12,0,111,0,77
Unclassified SAR86_clade,4,0,0,0,0,6,23,2,0,0,0,0,0,0,0,0,0,0,0,0,0,0,0,0,0,0,0,0,0,0,2,0,0,0
Unclassified SBR1031,0,0,0,7,0,4,161,25,0,0,18,0,16,25,0,0,0,0,0,3,64,15,52,0,183,7,0,0,4,0,27,2,53,0
Unclassified SB_5,0,0,0,0,0,0,0,0,0,0,0,0,0,0,0,0,0,0,2,0,0,0,0,0,0,0,0,0,0,0,0,0,0,0
Unclassified SCGC_AAA011_D5,0,0,0,0,0,0,0,1,0,0,0,0,0,0,0,0,0,0,0,0,0,0,0,0,0,0,0,0,0,0,0,0,0,0
Unclassified SC_I_84,40,0,0,0,0,36,64,15,18,0,53,0,27,3,0,0,0,0,0,0,21,8,0,0,0,0,0,0,0,0,0,0,16,83
Unclassified SG8_4,0,0,0,0,0,2,0,0,0,0,2,0,3,1,0,0,0,0,0,0,0,0,0,0,0,0,0,0,0,0,0,0,0,0
Unclassified SJA_15,0,0,0,0,0,0,0,2,0,0,6,0,0,0,0,0,0,0,0,42,0,0,0,0,0,0,0,0,0,0,0,0,0,0
Unclassified SJA_28,0,0,0,0,0,0,20,0,0,0,2,0,2,0,0,0,0,0,0,0,0,0,0,0,0,0,0,0,0,0,0,0,0,0
Unclassified SM2D12,0,0,0,0,0,2,2,3,0,16,0,0,0,0,0,0,0,0,0,0,0,0,205,0,0,0,0,0,0,0,0,0,0,0
Unclassified SR1_bacterium_oral_taxon_875,8,0,0,0,0,0,0,0,0,58,27,17,0,23,0,691,8,0,0,19,0,14,0,10,0,0,0,0,0,0,0,0,0,0
Unclassified SZB30,0,0,0,0,0,0,0,3,0,0,0,0,0,0,0,0,0,0,0,0,0,0,0,0,0,0,0,0,0,0,0,0,0,0
Unclassified S_BQ2_57_soil_group,0,0,0,0,0,0,0,4,0,0,0,0,2,0,0,0,0,0,0,6,0,0,0,0,0,0,0,0,0,0,0,0,0,0
Unclassified Saccharimonadaceae,323,61,85,112,11,5,0,30,65,0,0,29,543,7,255,8,2165,462,253,187,63,16,0,76,0,15,8,0,464,331,61,152,12,0
Unclassified Saccharimonadales,68,25,18,59,0,53,30,20,10,17,39,95,107,25,4,196,0,218,236,9,4,55,0,19,82,7,34,6,8,0,0,92,0,201
Unclassified Sandaracinaceae,19,14,0,0,0,7,114,0,0,0,6,0,7,5,0,0,0,0,0,0,49,0,0,0,254,0,0,0,0,0,0,0,0,24
Unclassified Saprospiraceae,0,16,0,0,0,96,43,11,0,52,11,0,13,10,0,0,7,0,0,2,0,17,57,0,0,0,0,0,0,0,0,0,0,54
Unclassified Sedimenticolaceae,0,0,0,0,0,0,0,0,0,0,0,0,0,0,0,0,0,0,0,0,0,0,0,0,0,0,0,0,0,0,0,0,0,43
Unclassified Selenomonadaceae,0,0,0,0,0,0,0,0,9,0,0,0,0,0,0,0,0,8,0,0,0,0,0,0,0,0,0,0,0,0,0,0,0,0
Unclassified Sh765B_TzT_20,0,0,0,0,0,0,0,0,0,0,0,0,0,3,0,0,0,0,0,0,0,0,0,0,0,0,0,0,0,0,0,0,0,0
Unclassified Silvanigrellaceae,0,0,0,0,0,1,0,0,0,0,1,0,0,0,0,0,0,0,0,0,0,0,0,0,0,0,0,0,0,0,0,0,0,0
Unclassified Simkaniaceae,0,0,0,0,0,3,0,11,0,0,2,0,1,2,0,0,0,0,0,0,0,0,0,0,182,0,0,0,0,0,0,0,0,0
Unclassified Solimonadaceae,0,0,0,0,0,2,5,0,0,0,0,0,0,0,0,0,0,0,0,0,0,0,0,0,0,0,0,0,0,0,0,0,0,0
Unclassified Solirubrobacteraceae,0,12,0,0,0,0,38,0,0,0,4,0,7,0,0,0,0,0,0,0,0,0,4,0,0,0,0,0,0,0,0,0,0,0
Unclassified Solirubrobacterales,0,13,0,0,0,0,4,6,0,0,0,0,1,2,0,0,0,0,0,0,0,4,0,0,0,6,0,0,0,0,0,0,0,0
Unclassified Sphingobacteriaceae,0,0,0,0,0,24,0,8,0,0,5,0,2,4,0,0,0,0,0,0,0,0,374,0,0,0,0,0,0,0,0,0,0,0
Unclassified Sphingomonadaceae,22,0,0,0,0,3,47,0,0,0,0,0,4,8,0,0,0,0,0,0,0,0,0,0,2,0,0,0,0,0,26,0,0,41
Unclassified Spirochaetaceae,14,0,0,0,0,0,0,0,0,0,1,0,3,0,0,0,0,0,0,0,0,0,0,0,0,0,0,0,0,0,1,0,0,0
Unclassified Spirosomaceae,10,0,0,0,0,0,0,0,0,0,0,0,0,0,0,0,0,0,0,0,0,0,0,0,0,0,0,0,0,0,0,0,0,0
Unclassified Sporichthyaceae,15,0,0,0,32,0,32,0,0,0,8,64,34,22,0,0,5,0,0,0,0,24,0,0,4,7,2,0,6,18,0,0,0,0
Unclassified Sporomusaceae,0,0,0,0,0,0,0,0,0,0,0,0,6,2,0,0,0,0,0,0,0,0,0,0,0,0,0,0,0,0,0,0,0,0
Unclassified Staphylococcaceae,0,0,0,0,0,0,0,0,0,0,0,0,0,0,0,0,0,0,0,0,0,0,0,0,0,0,0,0,0,0,0,0,0,2
Unclassified Stappiaceae,0,0,0,0,0,0,0,2,0,0,0,0,0,0,0,0,0,0,0,0,0,0,0,0,0,0,0,0,0,0,0,0,0,0
Unclassified Steroidobacteraceae,0,0,0,0,12,51,90,4,0,0,11,0,14,2,0,0,0,0,0,0,2,4,2,0,204,0,0,0,0,0,0,0,0,0
Unclassified Streptosporangiaceae,0,0,0,0,0,2,0,2,0,0,0,0,0,0,0,0,0,0,0,0,0,0,0,0,0,0,0,0,0,0,0,0,0,0
Unclassified Subgroup_13,44,0,0,0,0,0,0,0,0,0,0,0,0,0,0,0,0,0,0,0,0,0,0,0,0,0,0,0,0,0,0,0,0,0
Unclassified Subgroup_17,0,0,0,3,0,16,150,3,0,0,17,13,16,8,0,0,9,0,0,0,7,0,124,0,0,0,0,0,0,0,0,0,0,71
Unclassified Subgroup_2,212,0,0,0,0,52,74,89,0,0,19,0,26,72,0,0,1,0,4,86,0,0,2,0,221,0,0,2,0,14,1,0,0,33
Unclassified Subgroup_7,8,0,0,0,1,13,358,27,0,62,17,0,35,10,0,0,0,0,0,0,6,0,436,0,1,0,0,0,0,0,99,1,0,70
Unclassified Sumerlaeia,0,0,0,0,0,0,19,0,0,0,0,0,0,0,0,0,0,0,0,0,0,0,0,0,0,0,0,0,0,0,0,0,0,0
Unclassified Sutterellaceae,0,0,0,0,0,3,37,0,0,0,0,0,8,0,0,0,0,0,0,0,0,0,0,0,0,0,0,0,0,0,0,0,0,32
Unclassified Symbiobacteraceae,0,0,0,0,0,0,29,4,0,0,0,0,4,0,0,0,0,0,0,0,0,0,1,0,0,0,0,0,0,0,1,0,0,0
Unclassified Symbiobacteriales,0,0,0,0,0,0,0,0,0,0,0,0,3,0,0,0,0,0,0,0,0,0,0,0,0,0,0,0,0,0,0,0,0,0
Unclassified Synergistaceae,0,0,0,0,0,3,0,0,0,0,0,0,0,0,0,0,0,0,0,0,0,0,0,0,0,0,0,0,0,0,0,0,0,0
Unclassified Syntrophales,0,0,0,0,0,0,0,0,0,0,0,0,0,1,0,0,0,0,0,0,0,0,0,0,0,0,0,0,0,0,0,0,0,0
Unclassified Syntrophobacterales,0,0,0,0,0,0,9,1,0,0,0,0,0,0,0,0,0,0,0,0,0,0,0,0,0,0,0,0,0,0,1,0,0,0
Unclassified T34,0,0,0,0,0,0,0,0,0,0,2,0,0,0,0,0,0,0,0,0,0,0,0,0,0,0,0,0,0,0,0,0,0,0
Unclassified TRA3_20,22,0,0,0,0,5,104,0,0,0,3,0,6,6,0,0,0,0,0,0,30,0,0,0,0,0,0,0,0,0,19,0,0,34
Unclassified Tepidisphaerales,0,0,0,0,0,0,104,0,0,0,0,0,0,0,0,0,0,0,0,0,0,0,1,0,0,0,0,0,0,0,0,0,0,0
Unclassified Thalassobaculales,0,0,0,0,0,11,0,0,0,0,15,0,2,0,0,0,0,0,0,0,0,0,0,0,0,0,0,0,0,0,0,0,0,0
Unclassified Thermoactinomycetaceae,0,0,0,0,0,0,0,0,3,0,0,0,16,0,0,0,0,0,0,0,0,0,0,0,186,0,0,0,0,0,0,0,0,34
Unclassified Thermoanaerobaculaceae,0,0,0,0,0,0,0,0,0,0,2,0,0,0,0,0,0,0,0,0,0,0,0,0,0,0,0,0,0,0,0,0,0,0
Unclassified Thermodesulfovibrionia,0,0,0,0,0,0,0,4,0,0,3,0,8,7,0,0,0,0,0,0,0,0,0,0,237,0,0,0,0,0,0,0,0,109
Unclassified Thermoleophilia,10,0,0,0,0,0,1,0,0,0,0,0,0,3,0,0,0,0,0,0,0,0,0,0,0,0,0,0,0,0,0,0,0,0
Unclassified Thermomonosporaceae,0,0,0,0,0,1,0,0,0,0,4,0,0,0,0,0,0,0,0,0,0,0,0,0,0,0,0,0,0,0,0,0,0,0
Unclassified Thermoplasmata,0,0,0,0,0,0,0,5,0,0,0,0,2,0,0,0,0,0,0,0,0,0,0,0,0,0,0,0,0,0,0,0,0,0
Unclassified Thiotrichaceae,0,0,0,0,0,0,0,0,0,0,0,0,0,0,0,0,0,0,0,0,0,0,0,0,0,0,0,0,0,0,10,0,0,0
Unclassified UBA12409,0,0,0,0,0,0,0,0,0,0,0,0,0,0,0,0,0,0,0,0,0,0,0,0,0,0,0,0,0,0,0,0,0,102
Unclassified UCG_010,28,0,0,0,0,1,45,6,0,0,3,0,3,0,5,0,0,0,0,0,96,0,340,0,0,0,0,0,0,0,24,1,0,0
Unclassified UCG_011,0,0,0,0,0,0,1,0,0,0,0,0,0,0,0,0,0,0,0,0,0,0,0,0,0,0,0,0,0,0,0,0,0,0
Unclassified Vampirovibrionales,0,0,0,0,0,0,0,0,0,0,0,0,0,2,0,0,0,0,0,0,0,0,0,0,0,0,0,0,0,0,0,0,0,0
Unclassified Vermiphilaceae,0,0,0,0,0,1,0,1,0,0,2,0,3,2,0,0,0,0,0,0,0,0,0,0,0,0,0,0,0,0,0,0,0,0
Unclassified Verrucomicrobiaceae,0,0,0,1,0,0,0,1,0,0,3,0,5,4,0,0,0,0,3,0,0,7,0,0,0,0,0,0,0,0,0,0,0,0
Unclassified Verrucomicrobiae,0,0,0,0,0,0,0,1,0,0,0,0,0,0,0,0,0,0,0,0,0,0,0,0,0,0,0,0,0,0,0,0,0,0
Unclassified Verrucomicrobiota,0,0,0,0,0,0,0,2,0,0,0,0,3,0,0,0,0,0,0,0,0,0,0,0,0,0,0,0,0,0,0,0,0,0
Unclassified Vicinamibacteraceae,41,0,1,0,0,88,733,56,0,61,54,0,74,45,0,0,0,0,0,0,117,1,25,6,292,0,0,0,0,14,1,495,0,216
Unclassified Vicinamibacterales,109,11,0,4,25,104,1241,124,3,0,98,45,108,51,0,0,5,28,0,22,86,16,269,0,334,9,14,9,0,0,120,158,0,949
Unclassified Vicinamibacteria,0,0,0,0,0,0,8,0,0,0,0,0,0,0,0,0,0,0,0,0,0,0,0,0,0,0,0,0,0,0,0,0,0,0
Unclassified W27,0,0,0,0,0,2,0,0,0,0,2,0,0,0,0,0,0,0,0,0,0,0,0,0,0,8,0,0,0,0,0,0,0,0
Unclassified WCHB1_41,0,0,0,0,0,23,11,4,0,0,16,0,8,10,0,0,0,0,0,0,0,0,1,0,0,0,0,0,0,0,0,0,0,0
Unclassified WD2101_soil_group,0,0,0,0,0,6,54,5,0,0,11,0,17,7,0,0,0,0,0,0,1,0,0,0,0,0,0,0,0,0,0,0,0,91
Unclassified WD260,0,0,0,0,0,0,0,0,0,0,0,0,0,3,0,0,0,0,0,0,0,0,0,0,0,0,0,0,0,0,0,0,0,0
Unclassified WWH38,0,0,0,0,0,3,0,2,0,0,0,0,0,8,0,0,0,0,0,0,0,0,0,0,0,0,0,0,0,0,0,0,0,0
Unclassified WX65,0,0,0,0,0,0,0,0,0,0,1,0,0,3,0,0,0,0,0,0,0,0,0,0,0,0,0,0,0,0,0,0,0,0
Unclassified Weeksellaceae,0,0,0,0,0,0,0,0,0,0,0,0,1,76,0,0,0,0,0,0,0,0,0,0,0,0,0,0,0,0,0,0,0,0
Unclassified Woesearchaeales,0,0,0,0,0,2,131,9,7,0,1,0,3,3,0,0,0,2,0,0,1,0,1,0,0,0,0,0,0,0,3,0,0,17
Unclassified Xanthobacteraceae,7,0,0,0,3,0,39,0,0,0,0,0,23,4,0,0,0,0,0,20,0,0,0,0,0,0,0,18,0,0,0,0,0,35
Unclassified Xanthomonadaceae,0,0,0,0,0,2,0,4,0,0,5,0,1,0,0,0,0,0,0,0,0,0,74,0,0,0,0,0,0,0,0,0,0,7
Unclassified Xanthomonadales,0,0,0,0,0,4,0,0,0,0,0,0,0,1,0,0,0,0,0,0,0,0,0,0,0,0,15,0,0,0,0,0,0,0
Unclassified YM_S32_TM7_50_20,0,0,0,0,0,0,1,7,0,0,4,0,1,3,2,0,0,0,0,0,0,0,0,0,0,0,0,0,0,0,0,0,0,0
Unclassified Z4MB62,0,0,0,0,0,0,0,2,0,0,0,0,0,0,0,0,0,0,0,0,0,0,0,0,0,0,0,0,0,0,0,0,0,0
Unclassified [Clostridium]_methylpentosum_group,0,0,0,0,0,3,0,0,0,0,0,0,0,0,0,0,0,0,0,0,0,0,0,0,0,0,0,0,0,0,0,0,0,0
Unclassified [Eubacterium]_coprostanoligenes_group,0,6,0,0,0,29,177,7,0,0,41,0,10,15,0,0,0,0,0,0,94,0,3,0,0,0,0,0,0,0,56,151,0,0
Unclassified bacterium_YC_LK_LKJ27,0,0,0,0,0,0,0,0,0,0,0,0,0,0,0,0,0,0,0,0,0,0,0,0,0,0,0,0,0,0,0,0,0,157
Unclassified candidate_division_SR1_bacterium_MGEHA,0,48,0,25,0,0,0,0,13,0,21,66,5,6,14,169,24,0,12,0,11,27,0,24,0,8,0,0,5,0,0,249,7,0
Unclassified candidate_division_TM7_bacterium_JGI_0001002_L20,0,0,0,0,0,0,0,0,0,0,0,0,5,0,0,0,0,0,0,0,0,0,0,0,0,0,0,0,0,0,0,0,0,0
Unclassified cvE6,0,0,0,0,16,0,0,1,0,0,0,0,1,0,0,0,0,0,0,0,0,0,0,0,0,0,0,0,0,0,0,0,0,0
Unclassified env.OPS_17,0,0,0,0,0,4,113,4,0,0,2,0,4,2,0,0,0,0,0,0,57,0,0,0,0,0,0,0,0,0,0,0,0,420
Unclassified mle1_27,19,0,0,0,0,0,0,3,0,0,0,0,1,2,0,0,0,0,0,0,0,0,0,0,0,0,0,0,0,0,0,0,0,0
Unclassified mle1_8,0,0,0,0,0,0,0,0,0,0,0,0,0,0,0,0,5,0,0,0,0,0,0,0,0,0,0,0,0,0,0,0,0,0
Unclassified p_251_o5,0,0,0,0,0,0,0,0,0,0,0,0,4,0,0,0,0,0,0,0,0,0,0,0,0,0,0,0,0,0,0,0,0,0
Unclassified p_2534_18B5_gut_group,0,0,0,0,0,4,0,0,0,0,0,0,0,0,0,0,0,0,0,0,0,0,0,0,0,0,0,0,7,0,0,0,0,0
Urania_1B_19_marine_sediment_group,0,0,0,0,0,5,0,0,0,0,0,0,3,1,0,0,0,0,0,0,0,0,0,0,0,0,0,0,0,0,0,0,0,0
Ureaplasma,0,0,0,0,0,10,0,2,0,0,9,0,7,9,0,0,0,0,0,0,0,0,0,0,0,0,0,0,0,0,0,0,0,0
Ureibacillus,0,0,0,0,0,0,0,0,0,0,0,0,0,0,0,0,0,0,0,0,0,0,0,0,0,0,0,0,0,0,0,0,0,41
V9D2013_group,0,0,0,0,0,0,34,0,0,0,0,0,0,0,0,0,0,0,0,0,0,0,2,0,0,0,0,0,0,0,0,0,0,0
Vagococcus,0,0,0,0,0,0,0,0,0,0,0,0,0,0,0,0,0,10,0,0,0,0,0,0,0,0,0,0,0,0,0,0,7,35
Vampirovibrio,0,0,0,0,0,0,0,0,0,0,0,0,0,0,0,0,0,0,0,17,0,0,0,0,0,0,0,0,0,0,0,0,0,0
Variovorax,0,0,0,0,0,0,38,0,0,0,13,0,0,0,0,0,0,0,0,0,0,0,0,0,0,0,0,0,0,0,0,0,0,0
Veillonella,4255,1027,1173,865,204,451,7,514,1379,1626,621,572,1241,2039,4154,2584,298,5706,729,1162,1215,1036,0,1102,0,1114,6474,45,3429,950,1392,104,659,0
Veillonellaceae_UCG_001,0,0,0,0,0,1,0,0,0,0,0,0,0,0,0,0,0,0,0,0,0,0,0,0,0,0,0,0,0,0,0,0,0,0
Verminephrobacter,0,0,0,0,0,240,31,237,0,0,244,0,241,189,0,0,0,0,0,0,0,0,0,0,0,0,0,0,0,0,0,0,0,35
Verrucomicrobium,0,0,0,0,0,0,0,3,0,0,0,0,0,0,0,0,0,0,0,0,0,0,0,0,0,0,0,0,0,0,0,0,0,0
Verrucosispora,0,0,0,0,0,3,0,0,0,0,0,0,20,0,0,0,0,0,0,0,0,0,0,0,0,0,0,0,0,0,0,0,0,0
Vibrio,0,0,0,0,0,8,22,14,0,0,29,0,14,8,0,0,0,0,0,0,0,0,0,0,0,0,0,0,0,0,0,0,0,21
Vicinamibacter,0,7,0,0,0,3,60,0,0,0,0,0,16,0,0,0,0,0,0,21,0,0,0,0,0,0,0,0,0,0,0,0,0,41
W5053,0,0,0,0,0,0,0,0,0,0,0,0,0,0,0,0,2,0,1,0,0,1,0,0,0,0,11,9,0,0,13,0,0,0
WCHB1_32,0,0,0,0,0,0,31,0,0,0,2,0,0,2,0,0,0,0,0,0,0,0,0,0,0,0,0,0,0,0,0,0,0,0
Weissella,0,0,0,0,0,79,0,68,0,0,69,0,93,66,0,0,0,0,0,0,10,0,0,0,0,0,0,0,0,0,0,0,0,27
Winogradskyella,0,0,3,0,0,0,0,2,0,0,0,0,1,0,0,0,0,0,0,0,0,0,0,0,0,0,0,0,0,0,0,0,0,0
Woeseia,0,0,0,0,0,9,0,0,2,0,0,0,0,0,0,0,0,0,0,0,0,0,0,0,0,0,0,0,0,0,12,0,0,82
Wolbachia,0,0,0,0,0,7,29,5,0,0,7,0,0,2,0,0,0,0,0,0,0,0,0,0,0,0,0,0,0,0,0,0,0,0
Wolinella,0,0,0,2,0,0,0,0,0,0,5,0,0,0,1,0,4,2,18,9,28,35,0,1,0,0,15,0,0,5,0,0,0,0
Xanthobacter,0,0,0,0,0,23,0,8,0,0,13,0,15,10,0,0,0,0,0,0,0,0,0,0,0,0,0,0,0,0,0,0,0,0
Xanthomonas,0,10,3,0,0,0,84,5,0,0,0,0,0,0,0,0,0,0,0,0,0,0,0,0,0,0,0,0,0,0,4,0,0,0
Xenococcus_CRM,0,0,0,0,0,0,0,0,0,0,0,0,0,1,0,0,0,0,0,0,0,0,0,0,0,0,0,0,0,0,0,0,0,0
Xenophilus,0,0,0,0,0,0,0,0,0,0,2,0,0,0,0,0,0,0,0,0,0,0,0,0,0,0,0,0,0,0,0,0,0,0
Xylophilus,0,0,0,0,0,2,0,0,0,0,0,0,0,0,0,0,0,0,0,0,0,0,0,0,0,0,0,0,0,0,0,0,0,0
YC_ZSS_LKJ147,0,0,0,0,0,5,67,0,0,0,10,0,1,0,0,0,0,0,0,0,1,0,0,0,1,0,0,0,0,0,0,0,0,0
Yaniella,0,0,0,0,0,0,0,0,0,0,0,0,1,0,0,0,0,0,0,0,0,0,0,0,0,0,0,0,0,0,0,0,0,0
Yonghaparkia,0,6,0,0,0,0,0,0,0,0,1,0,0,0,0,0,0,0,0,0,0,0,0,0,3,0,0,0,0,0,0,0,0,0
Yoonia_Loktanella,10,0,0,0,0,0,0,0,0,0,0,0,0,0,0,0,0,0,0,0,0,0,0,0,0,0,0,0,0,0,0,0,0,0
ZOR0006,0,0,0,0,0,0,8,0,0,0,0,0,0,0,0,0,0,0,0,0,0,0,0,0,0,0,0,0,0,0,0,0,0,0
Zavarzinella,0,0,0,0,0,0,0,0,0,0,1,0,0,0,0,0,0,0,0,0,0,0,0,0,0,0,0,0,0,0,0,0,0,0
Zhizhongheella,0,0,0,0,0,0,0,0,0,0,0,0,0,0,0,0,0,0,0,0,1,0,0,0,0,0,0,0,0,0,0,0,0,0
Zoogloea,0,0,0,0,0,0,0,3,0,0,0,0,0,0,0,0,0,0,0,0,0,0,0,0,0,0,0,0,0,0,0,0,0,0
[Anaerorhabdus]_furcosa_group,0,0,0,0,0,5,0,0,0,0,0,0,0,0,0,0,0,0,0,0,0,0,0,0,0,0,0,0,0,0,0,0,0,0
[Aquaspirillum]_arcticum_group,0,0,0,0,0,0,15,0,0,0,0,0,0,0,0,0,0,0,0,0,0,0,0,0,0,0,0,0,0,0,0,0,0,0
[Clostridium]_innocuum_group,0,0,0,0,0,0,42,0,0,0,0,0,2,1,0,0,0,0,0,0,0,0,0,0,0,0,0,0,0,0,0,0,0,0
[Eubacterium]_brachy_group,0,59,0,9,0,0,0,50,0,1,9,4,0,3,3,0,36,60,14,8,0,7,0,0,0,0,52,9,3,49,18,80,0,0
[Eubacterium]_eligens_group,0,0,0,0,0,0,18,0,0,0,0,0,6,0,0,0,0,0,0,0,0,0,0,0,209,0,0,0,0,3,0,0,0,0
[Eubacterium]_fissicatena_group,0,0,0,0,0,6,10,0,0,0,0,0,0,0,0,0,0,0,0,0,128,0,0,0,0,0,0,0,0,0,12,0,0,67
[Eubacterium]_hallii_group,3,0,0,0,0,0,62,6,0,0,8,0,0,6,0,0,0,0,0,0,0,0,0,0,0,0,0,0,0,0,0,0,0,45
[Eubacterium]_nodatum_group,14,7,1,11,0,2,80,0,9,19,11,7,0,26,11,6,63,225,44,99,48,163,0,0,0,54,324,12,4,15,64,25,7,0
[Eubacterium]_oxidoreducens_group,0,0,0,0,0,0,38,0,0,0,0,0,0,0,0,0,0,0,0,0,0,0,165,0,0,0,0,0,0,0,0,0,0,0
[Eubacterium]_ruminantium_group,11,0,0,0,0,0,35,0,0,0,0,0,0,0,0,0,0,0,0,0,0,0,0,0,0,0,0,0,0,0,0,0,0,0
[Eubacterium]_saphenum_group,18,133,0,38,0,0,0,0,0,7,14,1,0,23,0,8,54,103,12,30,27,416,0,10,0,8,0,0,0,109,140,0,5,0
[Eubacterium]_siraeum_group,0,0,0,0,0,0,30,0,0,0,0,2,0,0,0,0,0,0,0,0,0,0,0,0,0,0,0,0,0,0,0,0,0,0
[Eubacterium]_ventriosum_group,0,0,0,0,0,0,0,0,0,0,1,0,0,3,0,0,0,0,0,0,0,0,0,0,0,0,0,0,0,0,0,0,0,0
[Eubacterium]_xylanophilum_group,0,0,0,0,0,0,0,0,0,0,0,0,2,0,0,0,0,0,0,0,0,0,0,0,0,0,0,0,0,0,0,0,0,0
[Eubacterium]_yurii_group,0,5,0,0,0,0,0,0,0,1,2,33,10,5,0,4,33,4,14,25,0,9,0,0,0,9,13,0,7,5,15,0,0,0
[Mycoplasma]_group,0,0,0,0,0,0,0,0,0,0,3,0,2,0,0,0,0,0,0,0,24,0,0,0,0,0,0,0,0,0,0,0,0,0
[Rhizobium]_sphaerophysae_group,0,0,0,0,0,14,0,0,0,0,0,0,0,0,0,0,0,0,0,0,0,0,0,0,0,0,0,0,0,0,0,0,0,0
[Ruminococcus]_gauvreauii_group,0,0,0,0,0,8,15,0,0,0,0,0,2,0,0,0,0,0,0,0,0,0,0,0,0,0,0,0,0,0,36,0,0,43
[Ruminococcus]_gnavus_group,0,0,0,0,0,0,0,1,0,0,0,0,0,0,0,0,0,0,0,0,136,0,0,0,0,0,0,0,0,0,0,0,0,36
[Ruminococcus]_torques_group,18,0,0,0,0,1,134,2,0,0,25,0,1,5,0,0,0,0,0,0,0,0,0,0,149,0,0,0,0,0,21,0,0,0
alphaI_cluster,0,0,0,0,0,0,0,0,0,12,3,0,0,0,0,0,0,0,0,0,0,0,0,0,0,0,0,0,0,0,0,0,0,0
alpha_proteobacterium_HIMB59,0,0,0,0,0,0,0,2,0,0,2,0,7,1,0,0,0,0,0,0,0,0,0,0,0,0,0,0,0,0,0,0,0,0
bacterium_Ellin6515,0,0,0,0,0,0,10,0,0,0,0,0,0,0,0,0,0,0,0,0,0,0,0,0,0,0,0,0,0,0,0,0,0,0
bacterium_Ellin6517,0,0,0,0,0,0,0,0,0,0,0,0,2,0,0,0,0,0,0,0,0,0,0,0,0,0,0,0,0,0,0,0,0,0
bacterium_Ellin6537,0,7,0,0,0,0,0,0,0,0,0,0,0,0,0,0,0,0,0,0,0,0,0,0,0,0,0,0,0,0,0,0,0,0
bacterium_LWQ8,0,0,0,0,0,3,0,0,0,0,0,0,0,0,0,0,0,0,0,0,0,0,0,0,0,0,0,0,0,0,0,0,0,0
bacterium_QTYC46b,0,0,0,0,0,0,0,0,0,0,0,0,4,0,0,0,0,0,0,0,0,0,0,0,0,0,0,0,0,0,0,0,0,0
bacterium_WX65,0,0,0,0,0,0,21,0,0,0,0,0,0,0,0,0,0,0,0,0,0,0,0,0,3,0,0,0,0,0,0,0,0,0
dgA_11_gut_group,0,0,0,0,0,5,24,0,0,0,0,0,0,0,0,0,0,0,0,0,0,0,0,0,0,0,0,0,0,0,0,0,0,0
hgcI_clade,1,1,2,0,0,0,341,13,0,0,13,0,19,11,0,0,0,0,0,0,0,0,2,0,25,0,0,0,0,0,0,0,0,0
mle1_7,1,0,0,0,0,0,22,0,0,0,0,0,0,0,0,0,0,0,0,0,0,0,0,0,0,0,0,0,0,0,0,0,0,0
possible_genus_04,8,0,0,0,0,0,15,0,0,0,3,0,1,3,0,0,0,0,0,0,0,0,44,0,0,0,0,0,0,0,0,0,0,0
