genus,H1,H2,H3,H4,H5,H6,H7,H8,H9,H10,H11,H12,H13,H14,H15,H16,P1,P2,P3,P4,P5,P6,P7,P8,P9,P10,P11,P12,P13,P14,P15,P16,P17,P18
28_4,0.00052880208700557,0.0,0.0,0.00016406890894175554,0.0,0.0015273147199612585,0.00232265175970396,0.00015428924089693478,0.0,0.0,0.0001651391297167864,0.0,0.0,0.00012304230897681532,0.0,0.0,0.0,0.0,0.0,0.0,0.000709576323803329,0.0,0.002780503761858031,0.0,0.0,0.0,0.0,0.0,0.0,0.0,0.0020647455992283577,0.0,0.0,0.0023665382498624108
Abiotrophia,0.000652189240640203,0.0,0.0,0.0,0.0,0.0,0.0,0.0,0.0,0.0,0.0,0.002217443891950007,5.243471877512497e-05,0.0,0.00017324198755807544,0.0007043344743551818,0.0,0.0,0.0,0.0,0.0,0.0005558901190531339,0.0,0.001782731369053468,0.0,0.0,0.0,0.0,0.0005056269051299462,0.0,0.0,0.0,0.0015997106610282663,0.0
Acholeplasma,0.0,0.0,0.0,0.0,0.0,0.0,0.0,0.0,0.0,0.0,0.007943192139377426,0.0,8.739119795854161e-05,7.030989084389447e-05,0.0,0.0,0.002358324036546962,0.0,0.00010950846343981728,0.001868523866145745,0.0030156993761641486,0.0003705934127020892,0.0,0.0,0.0,0.0,0.008679891819945343,0.0,0.0,8.389965601141036e-05,0.0,0.0,0.0,0.0
Achromobacter,0.0,7.004763239002522e-05,0.0,0.00021875854525567405,0.0,0.00018625789267820225,0.00027556885284623256,0.00037715147774806284,0.0,0.0,0.0003302782594335728,0.0,0.00038452127101758313,0.00038670439964141954,0.0,0.0,0.0,0.0,0.0,5.6621935337749844e-05,0.0,0.0,0.0,0.0,0.00048590864917395527,0.0,0.0,0.0,0.0,0.0,3.0142271521581867e-05,0.0,0.0,0.0035222894881673087
Acidibacter,0.001110484382711697,0.0,5.4386251155707835e-05,0.00010937927262783702,0.0,0.00018625789267820225,0.0028541059759074087,0.0002914352328053213,0.0,0.0022697611076434206,0.0006110147799521096,0.0,0.001625476282028874,7.030989084389447e-05,0.0,0.0,0.0,0.00010232272587741738,0.0,0.0,0.0003991366821393726,0.0,3.634645440337295e-05,0.0,0.0,0.0,0.0,0.00013693002875530603,0.0,0.0,0.0,0.0,0.0,0.0
Acidothermus,0.001269125008813368,0.00040627626786214627,0.0,0.0,0.00046987462890583286,0.0,0.0009251240059837808,0.0001714324898854831,0.0,0.0,0.0,0.0,0.0,0.0002812395633755779,0.0,0.0,0.0,0.0,0.0,0.0,0.0,0.0003705934127020892,0.0,0.0,0.0,0.00016708747957819693,0.0,0.0,0.0,0.0,0.0,0.0,0.0,0.0
Acidovorax,0.001180991327645773,0.0,0.00039430032087888183,0.0,0.0,0.0,0.0019486654594126447,0.00048001097167935265,0.0,0.0,6.605565188671456e-05,0.0,0.000489390708567833,0.00017577472710973615,0.0,0.0,0.0,0.0,0.00010950846343981728,0.0,0.0,0.0,0.0,0.0,0.0,0.0,0.0,0.0,0.0,0.0,0.0,0.0,0.0,0.0013392038158136122
Acinetobacter,0.001180991327645773,5.6038105912020176e-05,0.0,0.0002324309543341537,4.271587535507572e-05,0.028739592840246606,0.0012991103062750965,0.040886648837687715,4.2983637561968075e-05,0.0,0.022491949467426307,0.0,0.026252315866745903,0.022956179360531542,0.0007402157650208677,0.0002676471002549691,0.00022594721308234365,0.0,7.822033102844091e-05,2.8310967668874922e-05,0.0005469650829317328,0.00021617949074288537,0.0,0.0,0.0065492035323446145,0.0004455666122085252,5.6638772071421493e-05,0.0,0.0,0.0,0.000663129973474801,0.0,0.00022256843979523704,0.003247110621904238
Actinobacillus,0.0,0.13005043429532082,0.005669766682982542,0.0,0.011276991093739988,0.05030825681238243,0.0,0.0029657820750188576,0.0,0.0004539522215286841,0.00011559739080175047,0.001209514850154549,0.0009088684587688328,0.0006679439630169975,0.0,0.07680063108368902,0.04924237075113327,0.0007308766134101241,0.08831075373110979,0.035770907649623464,0.007524465600331136,0.2836274918546656,0.0,0.11969567231432221,0.0,0.014777959304916086,0.0,0.0106942352457894,0.013001834703341472,0.0,0.0,0.003102345753268543,0.29847818829290007,0.0
Actinomyces,0.14314672495240782,0.015634631549453628,0.03639799858595747,0.021561389116762374,0.021913244057153843,0.011734247238726741,0.0014368947326982128,0.003874374271411918,0.014012665845201593,0.016938092265789025,0.00934687474197011,0.02141289253236572,0.04102142832173943,0.007066144029811394,0.034081423734152294,0.022750003521672373,0.24701679070227217,0.0317785151510722,0.025531116047683114,0.04004586376762358,0.023401235845430624,0.008245703432621486,0.0076327554247083195,0.04025884697988461,0.0,0.04156765186395366,0.02065899211305099,0.005641517184718609,0.057106947313676486,0.016821881030287776,0.01926091150229081,0.015749153186235716,0.045278766970843536,0.0
Adhaeribacter,3.5253472467038e-05,0.0,0.0,0.0,0.0,3.725157853564045e-05,0.0016534131170773956,0.0,0.0,0.0,0.0,0.0,0.0,3.5154945421947234e-05,0.0,0.0,0.0,0.0,0.0,0.0,0.0,0.0,0.004597826482026678,0.0,0.0,0.0,0.0,0.0,0.0,0.0,0.0,0.0,0.0,0.001100715465052284
Aerococcus,0.0,0.0,0.0,0.0,0.0,0.0001490063141425618,9.841744744508306e-05,6.857299595419324e-05,0.0,0.0002553481246098848,0.00011559739080175047,0.0,3.495647918341665e-05,5.273241813292085e-05,0.0,0.0,0.0,0.0,0.0,0.0,0.0,0.0,0.0,0.0,0.006337938902268982,0.0,0.0,0.0,0.0,0.0,0.0,0.0,0.0,0.0017244542285819115
Aeromicrobium,0.0021328350842557994,0.0009386382740263379,0.0007342143906020558,0.0,0.0,0.0001490063141425618,0.0018699315014565783,3.428649797709662e-05,0.0011032466974238474,0.0,0.00023119478160350094,0.0,5.243471877512497e-05,0.0,0.0,0.0,0.0,0.0,0.0,8.493290300662476e-05,0.0024982999733908877,0.0,0.0,0.0,0.0,0.0,0.0,0.0,0.0,0.0,0.0,0.0,0.0,0.0022748119611080537
Aeromonas,0.0,0.0,0.0,0.0,0.0,0.0001490063141425618,0.000708605621604598,0.004525817732976754,2.8655758374645386e-05,0.0,0.0,6.719526945303051e-05,0.00019226063550879157,0.0,0.0,0.0,0.0,0.0,0.0,0.0,0.0,0.0,0.0,0.0,0.0,0.0,0.0,0.0,0.0,0.0,0.0,0.0,0.0,0.003485598972665566
Aggregatibacter,0.004195163223577522,0.008587839731017092,0.0074373198455430466,0.14645884604867376,0.01544178894085987,0.0,0.00025588536335721597,0.010783103613796887,0.021850015760667106,0.0043976621460591276,0.01045330691107258,0.02618375666353089,0.007270947670150662,0.004218593450633668,0.0230884321600126,0.033695361253151895,0.023314928049934333,0.04585519872535119,0.014924439160226526,0.016193873506596457,0.010436685095940632,0.024289309924182764,0.008941227783229746,0.06156739987927961,0.0,0.008094460121788207,0.01499511490590884,0.006394632342872792,0.026191473685731208,0.008655647845177169,0.010625150711357608,0.020529298173414798,0.012658580013354107,0.0
Agromyces,0.000193894098568709,0.0,0.0,0.0,0.0,0.000745031570712809,0.0015156286906542792,0.0009257354453816088,0.0,0.0,0.0005119313021220379,0.0,0.0002446953542839165,0.0006327890175950502,0.0,0.0,0.0,0.0,0.0,0.0,0.0,0.0,0.0036891651219423545,7.018627437218378e-05,0.0,0.0,0.0,0.0,0.0,0.0,0.0,0.0020893348950584063,0.0,0.0
Akkermansia,0.001251498272579849,0.0,0.0,0.0,0.0,0.0016018178770325392,0.007774978348161562,0.0008228759514503189,0.0,2.8372013845542756e-05,0.0019816695566014365,0.0,0.0009962596567273745,0.0004394368177743404,0.0,0.0,0.0,0.0,0.0,4.246645150331238e-05,5.9131360316944094e-05,0.0001852967063510446,1.8173227201686474e-05,0.0,0.003105590062111801,0.0,0.0,0.0,0.0,0.0,0.0012659754039064384,0.0,0.0,0.0023665382498624108
Alistipes,0.0008637100754424311,0.0,0.0,0.0,0.0,0.003520274171618022,0.007952129753562711,0.00042858122471370775,0.0,0.0,0.00047890347617868056,0.0,0.0008913902191771245,0.0005273241813292085,0.0,0.0,0.0,0.0,0.0,0.0,2.9565680158472047e-05,0.0,0.011576345727474286,0.0,8.450585203025309e-05,0.0,0.0,2.738600575106121e-05,0.0,0.0,0.002215456956836267,0.0,0.0,0.008860759493670886
Allobaculum,0.0,0.0,0.0,0.0,0.0,9.312894633910112e-05,0.0004330367687583655,0.00022286223685112803,0.0,0.0,0.0005119313021220379,0.0,0.0001573041563253749,0.000228507145242657,0.0,0.0,0.0,0.0,0.0,0.0,0.0,0.0,0.0,0.0,0.0,0.0,0.0,0.00016431603450636724,0.0,0.0,0.0021099590065107305,0.0,0.0,0.004109337736195194
Alloprevotella,0.0022033420291898754,0.003936676940319417,0.02016370261597868,0.0013398960896910035,2.135793767753786e-05,0.002067462608728045,0.01306983702070703,0.00699444558732771,0.005358626816058687,0.002510923225330534,0.00388076954834448,0.007861846526004568,0.002656692417939665,0.0074704259021637865,0.006079218836128829,0.12166673710011411,0.0016098738932116983,0.007878849892561138,0.0024404743280873565,0.01521714512202027,0.007894036602312035,0.0058368462500579055,0.0019990549921855122,0.003453164699111442,0.004901339417754679,0.01279147482548641,0.0026337029013210993,2.738600575106121e-05,0.004175033588072983,0.00753698576502503,0.006525801784422474,0.003561366298395011,0.0022395949254395728,0.001981287837094111
Allorhizobium_Neorhizobium_Pararhizobium_Rhizobium,0.0,0.0,0.0,0.00017774131802023518,0.0,0.00013038052487474158,0.0016140461380993623,0.00030857848179386956,0.0,0.0,0.00011559739080175047,0.0,0.00036704303142587476,0.00024608461795363063,0.0,0.0,0.0,0.0,0.0,0.0,0.0007687076841202732,0.0,0.0,0.0,0.0,0.0,0.0,0.0,0.0,0.0,0.0005727031589100555,0.0,0.0,0.0
Altererythrobacter,0.00052880208700557,0.0,0.00016315875346712352,0.0,0.0,0.0,0.004409101645539721,0.0,0.0,0.00024116211768711342,0.0,0.0,0.0,0.0,0.0,0.0,0.0,0.0,0.0,0.00042466451503312384,0.00025130828134701237,0.0,0.00252607858103442,0.0,0.00010563231503781637,0.0,0.0,0.0,0.0,0.0,0.0,0.0,0.0,0.0023665382498624108
Anaeroglobus,0.00021152083480222803,0.0,1.3596562788926959e-05,6.836204539239814e-05,0.0,0.0,0.0,0.0,7.163939593661346e-05,0.0,0.0,0.0,0.0,0.0,0.0,0.0,0.0,0.00045314350031427697,0.0003598135227308282,0.0,0.0,0.0001852967063510446,0.0,0.00023863333286542484,0.0,0.00020421803059557405,0.00028319386035710744,0.0,0.0004767339391225206,0.00040551500405515005,0.0010097660959729926,0.0,0.0,0.0
Aphanizomenon_NIES81,0.0,0.0,0.0,0.0,0.0,0.002980126282851236,0.0008070230690496811,0.0024000548583967634,0.0,0.0,0.0019981834695731154,0.0,0.0029538224909987066,0.0011249582535023115,0.0,0.0,0.0,0.0,0.0,0.0,0.0,0.0,0.0,0.0,0.0,0.0,0.0,0.0,0.0,0.0,0.0,0.0,0.0,0.0
Aquamicrobium,0.0,0.0,0.0,0.0,0.0,0.0028683715472443143,0.0,0.002160049372557087,0.0,0.0,0.00242754520683676,0.0,0.003670430314258748,0.003199100033397198,0.0,0.0,0.0,0.0,0.0,0.0,0.0,0.0,0.0,0.0,0.0,0.0,0.0,0.0,0.0,0.0,0.0,0.0,0.0,0.0
Arthrobacter,0.00035253472467038,7.004763239002522e-05,0.0,0.0,0.0,0.0001490063141425618,0.0013778442642311628,0.0,0.0,0.0,6.605565188671456e-05,0.0,0.0,0.0,0.0,0.0,0.00021182551226469717,0.0,0.0,5.6621935337749844e-05,0.00028087396150548445,0.0,0.0,0.0,0.0,0.0,0.0,0.0,0.0,0.0,0.0,0.0,0.0,0.0027884791781324528
Atopobium,0.000299654515969823,0.0,8.157937673356176e-05,0.0,0.0,9.312894633910112e-05,0.0,5.142974696564493e-05,0.0004155084964323581,0.0005106962492197696,0.00014862521674510775,0.0,0.000489390708567833,0.0001054648362658417,0.001653673517599811,0.00011269351589682908,0.0,0.0,4.6932198617064544e-05,8.493290300662476e-05,0.0006060964432486769,0.0,0.0,0.0,0.0,0.0005569582652606565,0.0007079846508927687,0.0,0.00011557186402970197,0.0005733143160779708,0.0,0.0,0.0,0.0
Bacillus,0.000687442713107241,0.0004202857943401513,5.4386251155707835e-05,5.468963631391851e-05,0.0,0.005773994673024269,0.014270529879537044,0.004885825961736269,2.8655758374645386e-05,8.511604153662827e-05,0.0046899512839567335,4.4796846302020335e-05,0.006064949138322788,0.0030760577244203827,0.0,0.0,0.00014121700817646478,0.0,4.6932198617064544e-05,5.6621935337749844e-05,0.010377553735623688,0.0,0.09095700214444082,7.018627437218378e-05,0.11311108294249377,0.0,0.00014159693017855372,0.00015062303163083663,0.0,8.389965601141036e-05,0.007806848324089704,0.03493304631359018,0.0,0.06132819666116309
Bacteroides,0.001956567721920609,0.0004483048472961614,5.4386251155707835e-05,0.0,0.00021357937677537857,0.003073255229190337,0.030037004960239352,0.0027943495851333743,1.4327879187322693e-05,0.0,0.002708281727355297,8.959369260404067e-05,0.0022022581885552486,0.0014940851804327573,0.0,0.0,0.002372445737364608,0.00027773311309584715,3.128813241137637e-05,0.00029726516052318666,0.012757590988380687,0.00026250366733064656,0.005379275251699196,1.4037254874436755e-05,0.02072506021041957,0.0,0.0,2.738600575106121e-05,0.0,1.3983276001901726e-05,0.011830841572220882,0.007835005856469023,0.00016692632984642778,0.016180517336268574
Bartonella,0.0,0.0,0.0,0.0,0.0,0.0025517331296913705,0.0,0.0021429061235685386,0.0,0.0,0.002823879118157047,0.0,0.0024119970636557486,0.0018456346346522297,0.0,0.0,0.0,0.0,0.0,0.0,0.0,0.0,0.0,0.0,0.0,0.0,0.0,0.0,0.0,0.0,0.0,0.0,0.0,0.0002201430930104568
Bdellovibrio,0.000334907988436861,0.0,0.0,5.468963631391851e-05,0.0,0.00011175473560692134,0.0007676560900716479,0.0,4.2983637561968075e-05,0.0,0.00013211130377342912,0.0,3.495647918341665e-05,8.788736355486808e-05,0.0,0.0,0.00016946040981175774,0.0,0.0,0.0,0.0005617479230109689,0.0,0.0002907716352269836,0.0,0.0,0.0,0.0,2.738600575106121e-05,0.0,2.7966552003803452e-05,0.0,0.0,0.0,0.0013575490735644835
Bergeyella,0.001216244800112811,0.00836368730736901,0.006104856692228205,0.006453377085042384,0.0042288716601524955,0.0037996610106353257,0.00025588536335721597,0.0005485839676335459,0.0032954122130842193,0.0026953413153265617,0.06597308232185617,0.0012767101196075796,0.000978781417135666,0.01288428749714366,0.002819119615717773,0.00887461437687529,0.002047646618558739,0.0010963149201151862,0.03585619974343732,0.004996885793556424,0.0054992165094758004,0.0028412161640493506,0.0,0.007102850966464998,0.0,0.0014295262141690182,0.001670843776106934,0.0020265644255785292,0.006645382181707863,0.0009928125961350225,0.008047986496262358,0.0030865174586090093,0.0027125528600044514,0.0
Bifidobacterium,0.000299654515969823,0.0,0.0,8.203445447087777e-05,0.00029901112748553,0.0010989215668013932,0.0037989134713802063,0.000720016457519029,0.0008166891136773935,0.0,0.0009743208653290397,0.0,0.001083650854685916,0.0005624791267511557,0.0,0.0,0.0,0.0,0.0,0.0,0.0011382786861011737,0.0,0.015592628939046995,0.0,6.337938902268983e-05,0.0,0.0,0.0,0.0006500917351670736,8.389965601141036e-05,0.002501808536291295,0.0,0.0003894947696416648,0.000825536598789213
Blastococcus,0.0,0.0,0.0,0.0,0.0,0.0,0.004487835603495788,0.0,0.0,0.0,9.908347783007183e-05,0.0,0.0,0.0,0.0,0.0,0.0,0.0,0.0,0.0,0.0,0.0,0.0,0.0,2.1126463007563273e-05,0.0,0.0,0.0,0.0,0.0,0.0003014227152158187,0.0013928899300389376,0.0,0.002017978352595854
Blautia,0.0,0.0,0.0,0.0,0.0,0.0005401478887667864,0.00488150539327612,0.0008400192004388672,0.0,0.0,0.0005284452150937165,0.0,0.0,0.00047459176319628764,0.0,0.0,0.0,0.0,0.0,0.0,0.0008721875646749254,0.0,0.005561007523716062,0.0,0.006739341699412684,0.0,0.0,0.0,0.0,0.00016779931202282072,0.00113033518205932,0.0020576783057393395,0.0,0.004402861860209136
Bombilactobacillus,0.0,0.00011207621182404035,0.0,0.0,0.0,0.0007077799921771685,0.0,0.000994308441335802,0.0,0.0,0.0012550573858475765,0.0,0.0015380850840703325,0.0006679439630169975,0.0,0.0,0.0,0.0,0.0,0.0,0.0,0.0,0.0,0.0,0.0,0.0,0.0,0.0,0.0,0.0,0.0,0.0,0.00026430002225684396,0.0
Bordetella,0.0,0.0,0.0,0.0,0.0,0.0014341857736221572,0.0,0.0010800246862785435,0.0,0.0,0.0013045991247626126,0.0,0.0018177369175376656,0.001511662653143731,0.0,0.0,0.0,0.0,0.0,0.0,0.0,0.0,0.0,0.0,0.0,0.0,0.0,0.0,0.0,0.0,0.0,0.0,0.0,0.0
Bradyrhizobium,0.00070506944934076,0.0,0.0,0.0,0.0,0.0018439531375142022,0.003188725297220691,0.0015086059109922514,0.0,0.0012199965953583385,0.0012715712988192551,0.0,0.001136085573461041,0.001599550016698599,0.0,0.0,0.0,0.0,0.0,0.0,0.0,0.0,9.086613600843237e-05,0.0,4.2252926015126546e-05,0.0001113916530521313,0.0,0.0,0.0,2.7966552003803452e-05,0.0,0.0,0.0,0.001375894331315355
Brevundimonas,0.000282027779736304,0.0,0.0,0.0,0.0,0.0036879062750284045,0.0010235414534288639,0.003582939038606597,0.0,2.8372013845542756e-05,0.003913797374287838,6.719526945303051e-05,0.004404516377110497,0.003251832451530119,0.0,0.0002676471002549691,5.648680327058591e-05,4.385259680460745e-05,4.6932198617064544e-05,0.0,0.002483517133311652,0.0,0.011667211863482718,0.0,0.005006971732792496,0.0,0.0,0.0,0.00014446483003712745,0.0,0.0,0.0,0.0,0.005283434232250963
Bryobacter,0.0008108298667418741,0.0003782572149061362,2.7193125577853917e-05,0.0,0.0,0.0006332768351058877,0.0054129596094795685,0.001765754645820476,0.0,0.0,0.0008917513004706465,0.00013439053890606102,0.000646694864893208,0.0010898033080803643,0.0,0.0,0.0005507463318882126,0.00036543830670506206,0.00020337286067394637,0.0,0.0003991366821393726,0.00021617949074288537,3.634645440337295e-05,0.0,0.0,0.0,2.8319386035710747e-05,0.0,0.00013001834703341473,0.00022373241603042762,0.0003014227152158187,0.0,0.0011545737814377922,0.00405430196294258
Buchnera,0.0,0.0,0.0,0.0,0.0,0.002030211030192404,0.0,0.001662895151889186,0.0,0.0,0.0019321278176864009,0.0,0.001468172125703499,0.0015643950712766518,0.0,0.0,0.0,0.0,0.0,0.0,0.0,0.0,0.0,0.0,0.0,0.0,0.0,0.0,0.0,0.0,0.0,0.0,0.0,0.0
Burkholderia_Caballeronia_Paraburkholderia,0.001463019107382077,0.0007845334827682824,0.0004350900092456627,0.0,0.0,0.0003166384175529438,0.0012400598378080466,0.00030857848179386956,0.0,0.0,0.0006605565188671456,0.0,0.0005243471877512496,0.0004394368177743404,0.0,0.0,0.000296555717170576,0.0,0.0,0.0,0.00025130828134701237,0.0,5.4519681605059426e-05,0.0,0.00023239109308319602,0.0,0.0,9.585102012871422e-05,0.0,0.0,0.0,0.0,0.0,0.0010273344340487984
Butyricimonas,0.0,0.0,0.0,0.0,0.0,0.00011175473560692134,0.002145500354302811,0.0,0.0,0.0,3.302782594335728e-05,0.0,3.495647918341665e-05,0.0,0.0,0.0,0.0,0.0,0.0,0.0,0.0,0.0,0.0,0.0,0.0,0.0,0.0,0.0,0.0,0.0,0.0,0.0,0.0,0.0024582645386167674
CL500_29_marine_group,0.0,0.0,0.00017675531625605047,0.0,0.0,0.0,0.003287142744665774,0.00030857848179386956,0.0,7.093003461385689e-05,0.0,0.0,0.000646694864893208,0.00019335219982070977,0.0,0.0,0.00048013782779998026,0.0,0.0,0.0,0.00026609112142624843,0.0,0.0,0.0,2.1126463007563273e-05,0.0002227833061042626,0.0,0.0,0.0,0.0,0.0,0.0,0.0,0.0
Campylobacter,0.009095395896495806,0.007873353880638834,0.011421112742698646,0.0251025430680886,0.0023493731445291643,0.0005215220994989663,0.0003149358318242658,0.002160049372557087,0.005688168037367109,0.0053055665891164954,0.0034514078110808354,0.0032477713568964746,0.004981298283636872,0.0061521154488407654,0.02083628632175762,0.004113313330234261,0.01290723454732888,0.028664980777945066,0.009965270173023372,0.018954192854311762,0.017902019335954825,0.023347385000231622,3.634645440337295e-05,0.01344769016971041,0.0,0.008391504529927225,0.025728162213443213,0.001656853347939203,0.006862079426763554,0.013759543585871298,0.020737882806848323,0.007138560891449555,0.00546683730247051,0.0016327279398275546
Candidatus_Alysiosphaera,0.0,0.0,0.0,0.0,0.0,7.45031570712809e-05,0.003405243681599874,3.428649797709662e-05,0.0,0.0,8.25695648583932e-05,0.0,8.739119795854161e-05,3.5154945421947234e-05,0.0,0.0,0.0,0.0,0.0,0.0,2.9565680158472047e-05,0.0,5.4519681605059426e-05,0.0,2.1126463007563273e-05,0.0,0.0,0.0,0.0,0.0,0.0,0.0,0.0,0.0009722986607961842
Candidatus_Cloacimonas,0.0,0.0,0.0,0.0,0.0,0.0034643968038145616,0.0,0.0024171981073853118,0.0,0.0,0.002526628684666832,0.0,0.002114866990596707,0.00291786047002162,0.0,0.0,0.0,0.0,0.0,0.0,0.0,0.0,0.0,0.0,0.0,0.0,0.0,0.0,0.0,0.0,0.0,0.0,0.0,0.0
Candidatus_Koribacter,0.0017097934146513432,8.405715886803026e-05,0.0,0.0,0.00032036906516306785,0.00026076104974948316,0.0005511377056924651,0.00010285949393128986,0.0,0.005333938602962039,0.00018165304268846503,0.0,0.00017478239591708322,0.00019335219982070977,0.0,0.0,0.0,0.0,0.00014079659585119363,0.00019817677368212446,0.0007539248440410371,0.0,0.0,0.0,0.004394304305573161,5.569582652606565e-05,0.00039647140449995043,0.0,0.0,0.0,0.0,0.0,6.955263743601157e-05,0.001284168042560998
Candidatus_Nitrocosmicus,1.7626736233519e-05,2.8019052956010088e-05,0.0,0.0,0.0,0.0013038052487474156,0.00039366978978033225,0.0011828841802098333,0.0,0.0,0.000412847824291966,0.0,0.001573041563253749,0.002249916507004623,0.0,0.0,0.0,0.0,0.0,0.0,0.0,0.0,0.0,0.0,0.0,0.0,1.4159693017855373e-05,0.0,0.0,0.0,0.0,0.0,0.0,0.001375894331315355
Candidatus_Saccharimonas,0.001445392371148558,0.00030820958251611097,8.157937673356176e-05,0.0,6.407381303261357e-05,0.0008195347277840898,0.0009448074954727974,0.00024000548583967633,0.00044416425480700344,0.0001844180899960279,0.0015192799933944348,0.0006495542713792949,0.000541825427342958,0.0002812395633755779,0.0013701866288684148,0.0014086689487103636,0.002188863626735204,0.00029235064536404967,0.0007352711116673445,0.0006936187078874356,0.0,0.0001852967063510446,0.00047250390724384834,0.00026670784261429836,0.0,0.00024134858161295114,0.0006230264927856365,0.0,0.00020225076205197844,0.0006991638000950863,0.0001808536291294912,0.0,0.0003755842421544625,0.0
Candidatus_Solibacter,0.001551152788549672,0.00030820958251611097,0.0,0.0,0.0,0.0005587736780346067,0.006062514762617117,0.00042858122471370775,0.0,0.002213017079952335,0.00026422260754685825,0.00040317161671818305,0.000646694864893208,0.00038670439964141954,0.0,0.0,0.0,0.0,0.0,0.00045297548270199875,0.0009904502853088136,0.0,0.010704030821793335,0.0,8.450585203025309e-05,0.0,0.0,0.0,0.0,0.0,0.0003466361224981915,0.0,0.0,0.0
Candidatus_Udaeobacter,0.0,0.00030820958251611097,0.0,0.0,0.0,0.00044701894242768535,0.0018896149909455949,0.0006171569635877391,0.0,0.0,0.0003302782594335728,0.0,0.00020973887510049988,0.00024608461795363063,0.0,0.0,0.0,0.0,0.0,0.0,0.0,0.0,5.4519681605059426e-05,0.0,0.0,0.0,0.0,0.00021908804600848968,0.0,0.00016779931202282072,0.0,0.0,0.0003616737146672602,0.0
Capnocytophaga,0.013308185856306847,0.015214345755113478,0.04940990917496057,0.028001093792726278,0.010678968838768928,0.0010244184097301123,0.00039366978978033225,0.0069258725913735174,0.006834398372352925,0.013944844805084265,0.001783502600941293,0.008981767683555077,0.004631733491802706,0.0012128456170571796,0.044318450271674935,0.020003099071687163,0.01739793540734046,0.008726666764116882,0.0046462876630893905,0.05219126889757092,0.054282588770954675,0.003566961597257609,0.003162141533093447,0.04580356265528713,0.0,0.015780484182385267,0.002463786585106835,0.010351910173901137,0.0095202322994467,0.015018038426042454,0.007580781287677839,0.019927822976352528,0.015551969730692188,0.0
Cardiobacterium,0.005816822957061271,0.002801905295601009,0.005425028552781857,0.002693464588460487,0.0038444287819568144,0.0007264057814449888,0.00045272025824738207,0.0031372145649043405,0.0038398716222024817,0.000751858366906883,0.0003963339113202873,0.0011199211575505085,0.0011186073338693328,0.004060396196234905,0.013197889597606111,0.0018453563228105763,0.016536511657464024,0.0010816973878469836,0.0009855761709583555,0.018034086405073327,0.007938385122549744,0.000602214295640895,0.0,0.00631676469349654,0.0,0.015446309223228873,0.0009062203531427439,0.0032726276872518142,0.0006211987691596481,0.0005033979360684622,0.0013111888111888112,0.0,0.006037168929445805,0.0
Catonella,0.000123387153634633,0.000322219108994116,0.00019035187904497744,0.0004375170905113481,0.0,0.00013038052487474158,0.0,0.00027429198381677297,0.00024357394618448576,0.00035465017306928446,0.000776153909668896,0.0007391479639833355,0.00033208655224245813,0.00012304230897681532,0.0005039766910780376,0.00036625392666469455,0.0008896671515117281,0.001330195436406426,0.0004693219861706455,0.0033973161202649907,0.0010347988055465216,0.0041846172850944245,0.0,0.0008001235278428951,0.0,0.0006497846428040992,0.004729337467963695,0.0,0.00030337614307796766,0.0003216153480437397,0.0018838919700988666,7.914147329766691e-05,0.00016692632984642778,0.0
Cellulosimicrobium,0.0,0.0,0.0,0.0,0.0,0.0007822831492484494,0.0,0.0003600082287595145,0.0,0.0,0.0008917513004706465,0.0,0.0008739119795854161,0.00026366209066460425,0.0,2.817337897420727e-05,0.0,0.0,0.0,0.0,0.0,0.0,0.0036528186675389815,0.0,0.0,0.0,0.0,0.0,0.0,0.0,0.0,0.0,0.0,0.0
Cetobacterium,0.0,0.0,0.0,0.0,0.0,0.0016763210341038202,0.000708605621604598,0.0010971679352670919,0.0,0.0,0.0010238626042440757,0.0,0.0010137378963190828,0.001335887926033995,0.0,0.0,0.00024006891389999013,2.9235064536404965e-05,0.0,0.0,0.0,0.0,0.0,0.0,0.000845058520302531,0.0,0.0,0.0,0.0,0.0,0.0,0.0,0.0,0.006384149697303247
Chelatococcus,0.0,0.0,0.0,0.0,0.0,0.0006519026243737078,0.0005511377056924651,0.000994308441335802,0.0,0.0,0.0008422095615556106,0.0,0.0009263466983605411,0.001195268144346206,0.0,0.0,0.0,0.0,0.0,0.0,0.0,0.0,0.0,0.0,0.0,0.0,0.0,0.0,0.0,0.0,0.0,0.0,0.0,0.0
Christensenellaceae_R_7_group,0.000193894098568709,0.0,0.0,0.0,0.0,0.0013038052487474156,0.009211873080859774,0.00025714873482822465,0.000974295784737943,0.0,0.00024770869457517957,0.0,0.0003146083126507498,0.0004921692359072613,0.0,0.0,0.0,0.0,0.0,0.0,0.0011678443662596458,0.0,0.0002180787264202377,0.0,0.009020999704229518,0.0,0.0,0.0,0.0,0.0,0.00043706293706293706,0.0,0.0,0.002017978352595854
Citrobacter,0.0,0.0,0.0,0.0,0.0,0.0,0.00027556885284623256,0.0,0.0,0.0,0.0,0.0,0.0,0.0,0.0,0.0,0.0,0.0,0.0,0.0,0.0,0.0,0.0,0.0,0.007309756200616893,0.0,0.0,0.0,0.0,0.0,0.0006480588377140101,0.0,0.0,0.0010640249495505413
Clostridium_sensu_stricto_1,0.00042304166960445606,0.0,8.157937673356176e-05,0.0,0.0,0.00024213526048166292,0.0,5.142974696564493e-05,0.00015760667106054963,0.0,0.00019816695566014366,0.0005599605787752543,3.495647918341665e-05,8.788736355486808e-05,0.0,0.0,0.0,0.0001754103872184298,0.0,0.00014155483834437461,0.0,0.0,0.0,0.0,4.2252926015126546e-05,0.0,0.0,0.0,0.0,0.0,0.0,0.0,0.0,0.001926252063841497
Collinsella,3.5253472467038e-05,0.0,0.0,0.0,0.0,0.0,0.0007282891110936147,0.00012000274291983816,0.00037252485887039,0.0,0.00011559739080175047,0.0005599605787752543,6.99129583668333e-05,3.5154945421947234e-05,0.0,0.0,0.0,0.0003215857099004546,0.0,0.0,0.0009608846051503415,0.0,0.0,0.0,0.010668863818819454,0.0,0.0,0.0,0.0,0.0,3.0142271521581867e-05,0.0,0.0,0.002293157218858925
Comamonas,0.00042304166960445606,0.0012608573830204539,0.0,0.0005332239540607055,0.0005125905042609086,0.0,0.00021651838437918274,0.0007543029554961257,0.0005014757715562943,0.0017874368722691936,0.0,0.0002911795009631322,0.0,3.5154945421947234e-05,0.002283644381447358,0.0001972136528194509,0.004589552765735105,0.0002484980485594422,0.0,0.004600532246192175,0.006696626555893918,0.0006176556878368153,0.0,0.0010949058802060669,0.006506950606329488,0.0002227833061042626,0.00042479079053566116,0.00010954402300424484,0.0,0.0002516989680342311,0.0005727031589100555,0.00028490930387160086,0.0,0.000550357732526142
Commensalibacter,0.0,0.0,0.0,0.0,0.001046538946199355,0.0005773994673024269,0.0,0.0,0.0,0.0,0.00026422260754685825,0.00015678896205707118,0.0,0.0005097467086182349,0.0,0.0,0.0,0.0,0.0,0.00031142064435762414,0.0,0.00021617949074288537,0.0,0.0,0.004394304305573161,0.0,0.0,0.00028755306038614266,0.0,0.0,0.0,0.0,0.00023647896728243935,0.0
Conexibacter,0.0008813368116759501,0.0007985430092462875,0.0,0.0,0.0,0.00011175473560692134,0.0011416423903629635,5.142974696564493e-05,0.0010459351806745565,0.0,0.00011559739080175047,0.0,0.0,0.0003163945087975251,0.0,0.0,0.0,0.0,0.0,0.0,0.0,0.0,0.0,0.0,0.0,0.0,0.0,0.0,0.0,0.0,0.0,0.0,0.0,0.0008622271142909557
Corynebacterium,0.044525135725869,0.012902773886242645,0.037635285799749826,0.037229969920700025,0.009482924328826808,0.033619549628415506,0.005216124714589402,0.0035486525406295,0.0040261340516376766,0.012951824320490269,0.0026257121624969036,0.0019710612372888948,0.012916419058272451,0.0015468175985656782,0.015875265768958185,0.014509290171716744,0.02365384886955785,0.04320942538480654,0.02426394668502237,0.05561689598550478,0.03200484877154599,0.006655240036441685,0.010885763093810199,0.11815157427813416,0.003253475303164744,0.00027847913263032826,0.0016566840830890787,0.010707928248664933,0.10946100171913148,0.06924518276141735,0.013669520135037376,0.017347810946848587,0.00852715334965502,0.006237387635296276
Cupriavidus,0.0,0.0,0.0,0.00013672409078479628,0.0,0.0005960252565702472,0.007814345327139595,0.0,0.0,0.0,0.0,0.0,0.00041947775020099976,0.0,0.0,0.0,0.0,0.0,0.0,0.0,0.0,0.0,0.00010903936321011885,0.0,0.0,0.0,0.0,0.0,0.0,0.0,0.0,0.0,0.0,0.0
Cutibacterium,0.000317281252203342,0.0,0.0,0.0,6.407381303261357e-05,0.0,0.0007873395795606645,0.00010285949393128986,7.163939593661346e-05,0.0002553481246098848,0.0,0.0,0.0,0.00033397198150849874,0.0,0.0,0.0,0.0,0.0,0.0,0.0008426218845164533,0.0,0.0024170392178243013,0.0,0.003570372248278193,0.0,7.079846508927686e-05,0.0,0.0,0.0,0.0,0.00030073759853113425,0.0,0.0004219409282700422
Cyanobium_PCC_6307,0.0,0.0,8.157937673356176e-05,0.0,0.0,9.312894633910112e-05,0.0,0.0,0.0,0.0,0.0,0.0,0.0001573041563253749,0.0,0.0,0.0,0.0,0.0,0.0,0.0,0.0,0.0,0.0,0.0,0.003781636878353826,0.0,0.0,0.0,0.0,0.0,0.0,0.0,0.0,0.0
Defluviitaleaceae_UCG_011,0.000193894098568709,0.0,5.4386251155707835e-05,0.00010937927262783702,0.0,0.0,0.0,0.0,0.0,0.0,3.302782594335728e-05,0.0,0.0,0.0003691269269304459,0.00042523033309709425,0.0,0.0004942595286176267,0.0017979564689889053,0.00034416945652514003,0.00039635354736424893,0.0,0.001652228964963481,0.0,0.0002526705877398616,0.0,0.0002227833061042626,0.00284609829658893,0.0005477201150212241,1.4446483003712747e-05,8.389965601141036e-05,0.0004973474801061008,0.0,0.0,0.0011557512383048982
Desulfovibrio,0.00044066840583797506,0.0,0.0,0.0,0.0,0.0003166384175529438,0.0005117707267144319,0.0,0.0,0.0,0.0,0.0,0.0002796518334673332,0.00017577472710973615,0.0,0.0,0.00040952932371174784,0.0,1.5644066205688184e-05,0.0029301851537285543,0.0009756674452295775,0.0,0.0,7.018627437218378e-05,0.0,0.0007983068468736076,7.079846508927686e-05,0.0,0.0,0.00012584948401711554,0.00015071135760790934,0.004273639558074013,0.0,0.0
Devosia,0.00021152083480222803,0.0,0.0,0.0,0.0,0.0,0.001830564522478545,0.00022286223685112803,0.0,0.002823015377631504,0.000412847824291966,0.0,0.0008564337399937078,0.0002109296725316834,0.0,0.0,0.0,0.0,0.0,0.0,0.00023652544126777638,0.0,0.007105731835859412,0.0,0.0,0.0,0.0,0.0,0.0,0.0,0.0006329877019532192,0.0,0.0,0.0015776921665749404
Dialister,0.000158640626101671,0.0021154384981787616,0.0006934247022352749,0.0005605687722176647,0.0,0.00018625789267820225,0.0,0.00013714599190838648,0.00042983637561968077,4.255802076831413e-05,9.908347783007183e-05,0.00026878107781212203,0.0004719124689761247,0.0006679439630169975,0.0007559650366170564,0.0006057276479454563,5.648680327058591e-05,0.012644165411995147,0.0019242201432996464,0.0018826793499801824,0.0007243591638825651,0.0015904633961797995,0.0,0.00018248431336767782,0.004056280897452149,0.00024134858161295114,0.0008920606601248885,0.00010954402300424484,0.0009390213952413286,0.0031322538244259865,0.0023510971786833857,0.0012979201620817373,2.782105497440463e-05,0.0
Dietzia,0.00070506944934076,0.0003642476884281311,0.0003671071953010279,0.0,6.407381303261357e-05,0.0,0.0,0.0,0.0,0.0012341826022811099,4.9541738915035914e-05,0.00047036688617121356,0.0,0.0,0.0,0.0,0.0,0.0,0.0,0.0,0.0,0.0,0.0,0.0,0.0,0.00031560968364770535,0.0,5.477201150212242e-05,0.0,0.0,0.0,0.0,0.0,0.0034305631994129516
Dongia,0.000669815976873722,0.0,0.0,0.0,0.0,0.0005028963102311461,0.001318793795764113,0.00010285949393128986,0.0,0.0,0.0002972504334902155,0.0,0.0,0.00024608461795363063,0.0,0.0,0.0,0.0,0.0,0.0,0.0,0.0,0.0,0.0,0.0,0.0,0.0,0.0,0.0,0.0,0.0,0.002405900788249074,0.0,0.0
Dubosiella,0.0008284566029753931,0.0,0.0,0.00020508613617719443,0.0,0.0009126636741231909,0.000866073537516731,0.0006343002125762875,0.0,0.0,0.0007100982577821815,0.0,0.0008389555004019995,0.0005273241813292085,0.0,0.0,0.0,0.0,0.0,0.0,0.000635662123407149,0.0,0.004216188710791263,0.0,0.0022182786157941437,0.0,0.0,0.0,0.0,0.0,0.0023812394502049673,0.0,0.0,0.008732342689414786
Eikenella,0.001216244800112811,0.0011627906976744186,0.0007070212650242019,0.0002871205906480722,0.00023493731445291643,0.0,3.9366978978033224e-05,0.0005485839676335459,0.00012895091268590422,0.0,0.0,0.0005599605787752543,0.0,0.0,0.0008819592093865659,0.00014086689487103637,0.0008755454506940816,0.00027773311309584715,0.00021901692687963456,0.0,0.0005617479230109689,0.00041691758928985036,0.0,0.0006316764693496539,0.0,0.00037130551017377096,0.0005380683346785041,0.00027386005751061206,0.0005345198711373716,0.00047543138406465867,0.0,0.0,0.001238036946361006,0.0
Ellin6067,0.000299654515969823,0.0,0.0,0.0,0.0,0.0003911415746242247,0.004271317219116605,0.00025714873482822465,0.0,0.0,0.0002146808686318223,0.0009183353491914169,0.00017478239591708322,0.00017577472710973615,0.0,0.0,0.0006637199384293844,0.0,6.257626482275274e-05,0.0005237529018741861,0.00010347988055465216,0.00030882784391840767,5.4519681605059426e-05,0.0,0.0,0.0,0.0,0.0,0.0001878042790482657,0.0004614481080627569,0.0,0.00020576783057393397,0.0,0.0013025133003118693
Enhydrobacter,0.0,0.00011207621182404035,0.0,0.0,0.00017086350142030287,7.45031570712809e-05,0.0004724037477363987,0.0,0.0,0.0004539522215286841,4.9541738915035914e-05,0.0,0.0001573041563253749,3.5154945421947234e-05,0.0,9.860682640972545e-05,0.0,0.0,0.0,0.0,0.0,0.0,0.001344818812924799,4.211176462331026e-05,0.0,0.0,0.0,0.0,4.333944901113824e-05,0.0,0.0,0.0009022127955934028,0.0,0.0
Ensifer,0.0,0.0,0.00016315875346712352,0.0,0.0,0.0,0.00039366978978033225,0.00030857848179386956,0.0,0.0,0.0,0.0,3.495647918341665e-05,0.00024608461795363063,0.0,0.0,0.0,0.00011694025814561986,0.0,0.0,0.0008721875646749254,0.0,0.0,0.0,0.0,0.0,0.0,0.0,0.0,0.0,0.0,0.0,0.0004451368795904741,0.0015410016510731975
Enterobacter,0.0,0.00014009526478005044,6.79828139446348e-05,5.468963631391851e-05,0.0,0.00333401627893982,0.0009841744744508306,0.0008400192004388672,0.0,0.0005674402769108551,0.0015192799933944348,0.0,0.0012584332506029993,0.0017577472710973616,0.0,0.0,0.0,0.0,0.0,0.0,0.0,0.0,0.0,0.0,0.0,0.0,0.0,0.0,0.0,0.0,0.0,4.7484883978600146e-05,0.0,0.0009906439185470555
Enterococcus,0.000299654515969823,0.0,0.0,0.0,0.0,0.0003911415746242247,0.007814345327139595,0.00022286223685112803,5.731151674929077e-05,0.0,0.0011394599950458261,0.0,0.0002272171146922082,0.00017577472710973615,0.0,0.0,0.0,0.0,0.0,0.0,0.0008426218845164533,0.0,0.04445171373532512,0.0,0.03542907846368361,0.0,0.0,0.0,0.0,0.0,0.006555944055944056,0.027921111779416887,0.0,0.016033755274261603
Escherichia_Shigella,0.0009165902841429881,0.0,8.157937673356176e-05,0.0,0.0,0.0048985825774367185,0.021769939374852373,0.0050744017006103,0.0005158036507436169,0.00015604607615048516,0.006209231277351168,0.0,0.0038801691893592476,0.0028123956337557784,0.0,0.0004930341320486273,7.060850408823239e-05,0.0,6.257626482275274e-05,0.00035388709586093653,0.007480117080093427,6.176556878368153e-05,0.09092065569003743,0.0001544098036188043,0.08761144209236489,7.42611020347542e-05,0.00028319386035710744,4.107900862659181e-05,4.333944901113824e-05,0.0,0.010579937304075235,0.061714520877520655,0.0,0.03237937993028802
Exiguobacterium,0.0,0.00023816195012608574,0.00016315875346712352,0.0,0.0,0.0,0.0019486654594126447,0.0,0.0,0.0,0.0,0.0,6.99129583668333e-05,0.0,0.0,0.0,0.0,0.0,0.0,0.00015571032217881207,0.0,0.0,0.0,0.0,0.0,0.0,0.0002548744743213967,0.0,0.0,0.0,0.0,0.0,0.0,0.0028618602091359385
F0058,0.000793203130508355,0.0013589240683664892,0.00339914069723174,0.0006699480448455017,0.0,0.0,0.0,0.0008057327024617706,0.00010029515431125885,0.00024116211768711342,0.00024770869457517957,0.0008959369260404067,0.0002272171146922082,0.00019335219982070977,0.0006142215922513584,5.634675794841454e-05,0.0033892081962351548,0.007981172618438555,0.0003598135227308282,0.007459939980748542,0.0061792271531206575,0.0001852967063510446,0.0006178897248573402,0.003144345091873833,0.0,0.002005049754938363,0.0006371861858034918,2.738600575106121e-05,0.0015024342323861255,0.0006991638000950863,0.000452134072823728,0.001946880243122606,0.00025038949476964166,0.0
F0332,0.04050623986462667,0.004679181843653684,0.0010877250231141567,4.1017227235438884e-05,0.0070481194335874926,0.0,0.0,0.0002914352328053213,0.00024357394618448576,7.093003461385689e-05,0.000412847824291966,0.0016126864668727322,0.0013807809277449575,0.0022147615615826757,0.00916607606898181,0.00108467509050698,0.024585881123522516,0.0024118928242534096,0.003598135227308282,0.0017269690278013702,0.001271324246814298,6.176556878368153e-05,0.0,0.03871474894369657,0.0,0.050868854893806624,0.006329382778981351,0.002286731480213611,0.007078776671819245,5.5933104007606904e-05,0.0008138413310827104,0.0038304473076070785,0.017235143556643667,0.0
Faecalibacterium,0.000722696185574279,0.0,0.00010877250231141567,0.0001914137270987148,0.0,0.0011920505131404943,0.0025194866545941263,0.0014228896660495097,0.0,0.00017023208307325653,0.0004293617372636446,0.0,0.0006117383857097913,0.0004394368177743404,0.0,0.0,0.0,0.0,0.0,0.0,0.0,0.0,0.0,0.0,0.008598470444078252,0.0,0.0,0.0,0.0,0.0,0.0,0.0,0.0,0.0019445973215923684
Faecalibaculum,0.0,0.0,0.0,0.0,0.0,0.0008195347277840898,0.0014959452011652627,0.00048001097167935265,0.0,0.0,0.000412847824291966,0.0,0.0009263466983605411,0.0003691269269304459,0.0,0.0,0.0,0.0,0.0,0.0,0.00023652544126777638,0.00016985531415512423,0.0,0.0,0.0,0.0,0.0,0.0,0.0,0.0,0.0,0.0,0.0,0.0008438818565400844
Family_XIII_AD3011_group,0.0,0.0,0.0,0.0,0.0,0.0,0.0009054405164947641,0.0,0.0,0.0,0.0,0.0,0.0,3.5154945421947234e-05,0.0,0.0,0.0001270953073588183,0.0,0.0,0.0,0.0,0.0,0.0,0.0,0.003760510415346263,0.0,4.247907905356612e-05,0.0,0.0,2.7966552003803452e-05,0.0,0.0,0.0,0.0
Ferruginibacter,0.0,9.80666853460353e-05,0.0,0.0,0.0003844428781956814,0.0,0.0005314542162034486,8.571624494274155e-05,5.731151674929077e-05,0.003404641661465131,0.00023119478160350094,0.0011647180038525289,0.0,0.000228507145242657,0.0,0.0,0.0,0.0,0.0,0.00021233225751656192,0.0,0.0,0.0,0.0,0.0,0.0,0.0,0.00012323702587977543,0.0,0.00020974914002852587,0.0,0.0,0.00031994213220565325,0.0
Filifactor,0.0,0.0010367049593723733,0.0002447381302006853,0.0006015859994531037,0.0,0.0,0.0,0.0,0.0007307218385534573,0.0,0.00023119478160350094,0.00024638265466111185,0.0,0.00033397198150849874,9.449562957713205e-05,0.00014086689487103637,0.0017369692005705167,0.004399877212728947,0.001626982885391571,0.0026187645093709304,0.0015374153682405464,0.00521919056222109,0.0,0.0003930431364842291,0.0,0.0013366998366255755,0.004601900230802996,0.0011502122415445707,4.333944901113824e-05,0.002293257264311883,0.0030292982879189774,0.0,8.346316492321389e-05,0.0
Flavisolibacter,0.0,0.0,0.0,0.0,0.0,0.0,0.00238170222817101,0.00044572447370225607,0.0,0.0,0.00014862521674510775,0.0,0.00020973887510049988,0.0001054648362658417,0.0,0.0,0.0,0.0,0.0,0.0,0.0016408952487951985,0.0,0.0,0.0,6.337938902268983e-05,0.0,0.0,0.0,0.0,0.0,0.0,3.165658931906676e-05,0.0,0.0012474775270592553
Flavobacterium,0.000722696185574279,0.0,0.00012236906510034264,0.0,0.0,0.0011734247238726742,0.0030312573813085584,0.0006514434615648358,0.0,0.0,0.00019816695566014366,0.0,0.0001398259167336666,0.000228507145242657,0.0,0.0,0.0,0.00013155779041382234,0.0,0.0,2.9565680158472047e-05,0.0,0.00023625195362192417,0.0,8.450585203025309e-05,0.0,0.0,0.0,0.0,0.0,0.0,0.0,0.0,0.0011740964960557695
Fretibacterium,0.000757949658041317,0.0018072289156626507,0.00019035187904497744,0.0007793273174733388,4.271587535507572e-05,0.0,0.0,0.0,0.000186262429435195,0.0,0.0011064321691024689,0.0002911795009631322,0.0,0.0030057478335764882,0.0018111662335616977,2.817337897420727e-05,0.016423538050922854,0.022057856192717544,0.0041769656769187445,0.026937885736934487,0.011663660822517222,0.003922113617763777,0.0,0.0006457137242240908,0.0,0.00217213723451656,0.01734562394687283,0.00015062303163083663,0.0004622874561188079,0.001775876052241519,0.0019140342416204485,0.0041786697901168126,0.0007650790117961273,0.0
FukuN18_freshwater_group,0.0,0.0,0.0,0.0,0.0,0.001415559984354337,0.0,0.0010285949393128986,0.0,0.0,0.0009908347783007183,0.0,0.0002621735938756248,0.00047459176319628764,0.0,0.0,0.0,0.0,0.0,0.0,0.0,0.0,0.0,0.0,0.0,0.0,0.0,0.0,0.0,0.0,0.0,0.0,0.0,0.0
Fusobacterium,0.017714869914686595,0.03310451106752592,0.0751482025343993,0.045283018867924525,0.00418615578479742,0.011249976717763415,0.0014959452011652627,0.04601248028526366,0.03435825429119982,0.02150598649492141,0.006258773016266204,0.013909420776777315,0.005890166742405705,0.022393700233780386,0.013434128671548941,0.018721210328360733,0.022001609873893213,0.08517636052681586,0.04320891086011076,0.04667063020214031,0.05616000946101765,0.06485384722286561,0.0007451023152691455,0.04268729207316217,0.004161913212489965,0.03961829793554136,0.04017104909165569,0.009283855949609749,0.026740440039872294,0.012011634085633582,0.02696226187605498,0.01718952800025325,0.04829735143556644,0.001981287837094111
Gaiella,0.0,0.00012608573830204538,0.0,2.7344818156959256e-05,0.0,0.0008754120955875506,0.003208408786709708,0.00012000274291983816,0.0,0.0,0.0004293617372636446,0.0,5.243471877512497e-05,0.0003163945087975251,0.0,0.0,0.0,0.0,0.0,0.0,0.0003695710019809006,0.0,0.0,0.0,0.0,0.0,0.0,0.0,0.0,0.0,0.0005877742946708464,0.0,0.0,0.0035589800036690514
Gardnerella,0.0,2.8019052956010088e-05,2.7193125577853917e-05,0.0,8.543175071015143e-05,0.0008567863063197303,0.0004724037477363987,0.0006857299595419324,0.0,0.0,0.0011724878209891834,0.0,0.0007865207816268745,0.00040428187235239316,0.0,0.0,0.0,0.0,0.0,0.0,0.00029565680158472046,0.0,0.0,0.0,0.0,0.0,0.0,0.0,0.0,0.0,0.0,0.0,0.0,0.0
Gemella,0.014630191073820771,0.05930232558139535,0.022828628922608365,0.014547443259502324,0.01672326520151214,0.017675874015161394,0.0008267065585386978,0.002040046629637249,0.007092300197724733,0.0066106792260114625,0.015324911237717778,0.010370469918917708,0.013038766735414408,0.004710762686540929,0.0030081108748720373,0.021454028088858837,0.004999082089446853,0.002762713598690269,0.033259284753293074,0.005039352245059736,0.0022765573722023473,0.04127484133969519,0.0,0.003551425483232499,0.0,0.0020421803059557406,0.0198943686900868,0.06109817883061756,0.023793357507114893,0.04358587129792768,0.03602001446829033,0.013833929532432176,0.028294012908969508,0.0
Gemmatimonas,0.001075230910244659,0.0,0.0,0.0001914137270987148,0.0,7.45031570712809e-05,0.0027753720179513426,0.0,7.163939593661346e-05,0.0006667423253702548,0.0005449591280653951,0.00031357792411414236,0.00010486943755024994,7.030989084389447e-05,0.0,0.0,0.0,0.0,0.0,0.0,0.00013304556071312422,0.0,0.010976629229818631,0.0,0.0,0.0,0.0,0.0,0.0001589113130408402,0.0,0.0014317578972751386,7.914147329766691e-05,0.0,0.0011557512383048982
Gilliamella,0.0,0.0,0.0,0.0,0.0,0.0010244184097301123,0.0013581607747421463,0.0008228759514503189,0.0,0.0,0.0010734043431591116,0.0,0.0014157374069283743,0.0005624791267511557,0.0,0.0,0.0,0.0,0.0,0.0,0.0,0.0,0.0,0.0,2.1126463007563273e-05,0.0,0.0,0.0,0.0,0.0,0.0,0.0,0.0,0.0
Granulicatella,0.012462102517097935,0.010381059120201737,0.0018627291020829934,0.0004648619086683074,0.002221225518463937,0.0005587736780346067,0.000708605621604598,0.00042858122471370775,0.018898472648078632,0.0045678942291323835,0.003979853026174552,0.006764323791605071,0.003565560876708498,0.0035506494876166705,0.029687376958815653,0.009649382298665991,0.002188863626735204,0.0055692797941851455,0.0037389318231594755,0.015415321895702395,0.02122815835378293,0.01488550207686725,0.0,0.008885582335518467,0.0,0.003286053765037873,0.011795024283873525,0.0005340271121456935,0.01057482555871773,0.025519478703470648,0.0034814323607427057,0.007375985311342556,0.005119074115290452,0.0
HSB_OF53_F07,0.002714517379961926,7.004763239002522e-05,0.0,6.836204539239814e-05,0.0,0.0006891542029093483,0.0,0.0,0.0,0.0,8.25695648583932e-05,0.0,6.99129583668333e-05,0.00014061978168778894,0.0,0.0,0.0,0.0,0.0,0.0,0.0,0.0,0.0,0.0,0.0,0.0,0.0,0.0,0.0,0.0,0.0,0.0,0.0,0.0
Haemophilus,0.13177748008178805,0.22981227234519475,0.2222086256594333,0.2125512715340443,0.472224002050362,0.09497289947661532,0.004625620029918904,0.2773606253857231,0.33396853597730464,0.14771889008681835,0.21575427297498143,0.11329122429780944,0.11997063655748592,0.2189274226151764,0.08487282463186077,0.2180619532603643,0.04396085464533348,0.051336773325927114,0.22751165482932323,0.08480550365211482,0.06275315613635692,0.06828183629035994,0.003889070621160906,0.06596106065497831,0.0,0.5202918461309965,0.1652436175183722,0.6156921812953581,0.14996894006154202,0.03755907934110803,0.05149807089462262,0.04374940643895027,0.07233474293345203,0.0
Haliangium,0.000246774307269266,0.0,2.7193125577853917e-05,0.00012305168170631667,0.0,0.00035388999608858425,0.002145500354302811,0.0002057189878625797,0.0,0.0011490665607444817,0.0004623895632070019,0.0004255700398691932,0.00036704303142587476,0.0002109296725316834,0.0,0.0,0.0,0.0,0.0,0.0,0.0,0.0,1.8173227201686474e-05,0.0,0.003845016267376516,0.0,0.0,0.0,0.0,0.0,0.0,0.0,4.1731582461606945e-05,0.0033755274261603376
Helicobacter,0.000564055559472608,0.0,0.0,0.0,0.0,0.0003911415746242247,0.0022242343122588775,0.00022286223685112803,0.0,0.0,0.0004623895632070019,0.0,0.0002272171146922082,0.0,0.0,0.0,0.0,0.0,0.0,0.0,0.0008278390444372173,0.0,0.0,0.0,2.1126463007563273e-05,0.0,0.0,0.0,0.0,6.991638000950863e-05,0.004054135519652761,0.004716831808540948,0.0,0.00288020546688681
Hyphomicrobium,0.0,0.0,0.0,8.203445447087777e-05,0.0,0.0011734247238726742,0.001476261711676246,0.0007885894534732222,0.0,0.00017023208307325653,0.0010899182561307902,0.00015678896205707118,0.0007340860628517495,0.0004218593450633668,0.0,0.0,0.00036716422125880843,0.0,0.0,0.0,5.9131360316944094e-05,0.00010808974537144268,0.0,0.0,0.0,0.0,7.079846508927686e-05,0.00020539504313295905,0.0,0.0,0.0,0.0,0.00033385265969285556,0.0
Iamia,0.000282027779736304,0.0,0.0,6.836204539239814e-05,0.0,0.00026076104974948316,0.000866073537516731,8.571624494274155e-05,0.0,0.0,0.0,0.0,6.99129583668333e-05,8.788736355486808e-05,0.0,0.0,0.0,0.0,0.0,0.0,0.0,0.0,0.0,0.0,0.0,0.0,0.0,0.0,0.0,0.0,0.0,0.0,0.0,0.0023298477343606677
Ileibacterium,7.0506944934076e-05,0.0,0.0,0.0,0.0,0.0,0.0,0.00010285949393128986,0.0,0.0,0.0,0.0,3.495647918341665e-05,0.0,0.0,0.0,0.0,0.0,0.0,0.0,0.0,0.0,0.0,0.0,0.0,0.0,0.0,0.0,0.0,0.0,0.0,0.0,0.0,0.018932305998899286
Ilumatobacter,0.0,0.0,0.0,2.7344818156959256e-05,0.0,3.725157853564045e-05,0.0037792299818911897,0.0001714324898854831,5.731151674929077e-05,0.0,0.0,0.0,0.0002446953542839165,5.273241813292085e-05,0.0,0.0,0.0,0.0,0.0,0.0,0.00011826272063388819,0.0,7.26929088067459e-05,0.0,0.005704145012042084,0.0,0.0,0.0,0.0,0.0,0.0,0.0,0.0,0.0
Intestinimonas,0.000387788197137418,0.0,0.0,0.0,0.0,0.0,0.002834422486418392,0.0,0.0,0.0,3.302782594335728e-05,0.0,0.0,0.0,0.0,0.0,0.0,0.0,0.0,0.0,0.0,0.0,5.4519681605059426e-05,0.0,2.1126463007563273e-05,0.0,0.0,0.0,0.0,0.0,0.0,0.0,0.0,0.0010456796917996697
Jeotgalibacillus,0.0,0.0,0.0,0.0,0.0,0.0,0.006082198252106133,0.0,0.0,0.0,0.0,0.0,0.0,0.0,0.0,0.0,0.0,0.0,0.0,0.0,0.00010347988055465216,0.0,7.26929088067459e-05,0.0,0.008218194109942114,0.0,0.0,0.0,0.0,0.0,0.0,0.0,0.0,0.0
Johnsonella,0.000370161460903899,0.0005743905855982068,0.008647413933757547,0.00809406617445994,0.0,0.0,0.0,0.0016457519029006377,0.00042983637561968077,0.0012625546161266527,0.00026422260754685825,0.00026878107781212203,0.00038452127101758313,0.00014061978168778894,0.0014016851720607922,0.0002535604107678654,0.0017369692005705167,0.010232272587741738,0.0013923218923062482,0.003977690957476927,0.002439168613073944,0.0005095659424653727,0.0,0.003439127444237005,0.0,0.0002599138571216397,0.001246052985571273,0.00021908804600848968,0.004059461724043281,0.00022373241603042762,0.0014016156257535568,0.0,0.0015997106610282663,0.0
Kingella,0.001322005217513925,0.001274866909498459,0.002624136618262903,0.0028165162701668032,0.0018367826402682556,0.0004656447316955056,0.0,0.0,0.0013181648852336877,0.00035465017306928446,0.0010899182561307902,0.002239842315101017,0.001782780438354249,0.0014940851804327573,0.03332545869753524,0.0006761610953809745,0.013330885571858275,0.0004092909035096695,0.0035512030286912175,0.0014013928996093087,0.0,0.0005250073346612931,0.0,0.0026109294066452363,0.0,0.002227833061042626,0.0025629044362318223,0.0,0.0007512171161930628,0.0,0.0014166867615143478,0.0018360821805058724,0.0014884264411306476,0.0
Klebsiella,0.000370161460903899,0.0,0.0,0.0,0.0,3.725157853564045e-05,0.00023620187386819936,0.004851539463759172,0.00021491818780984038,0.0,0.0009247791264140038,0.0,0.0018002586779459573,0.0006327890175950502,0.002267895109851169,5.634675794841454e-05,0.0,0.0,0.0,0.0,0.0,0.0,0.008523243557590958,0.0,0.003950648582414332,0.0,0.00022655508828568597,0.0,0.0,0.0,0.0,0.000870556206274336,0.0,0.0
Kouleothrix,0.00044066840583797506,4.202857943401513e-05,0.0,0.0,0.0,0.00011175473560692134,0.002736005038973309,0.00015428924089693478,0.0,0.0,0.00014862521674510775,0.0,0.0001398259167336666,0.00012304230897681532,0.0,0.0,0.0,0.0,0.0,0.0,7.391420039618012e-05,0.0,1.8173227201686474e-05,0.0,0.0,0.0,0.0,0.0,0.0,0.0,0.0,0.0030390325746304093,0.0,0.0005136672170243992
Lachnoanaerobaculum,0.0009165902841429881,0.0002661810030820958,0.004527655408712678,0.009666393218485097,6.407381303261357e-05,0.0006891542029093483,0.0006692386426265649,0.0025886305972707946,0.00031521334212109925,0.0030216194745503037,0.00034679217240525143,0.0002239842315101017,0.0009438249379522494,0.0005800565994621294,0.001984408221119773,0.0003944273056389018,0.0010167624588705464,0.011050854394761077,0.0009542880385469792,0.0066106109506822944,0.004153978062265322,0.00080295239418786,0.0,0.005207821558416036,0.0,0.001318134561116887,0.0019257182504283307,6.846501437765302e-05,0.005070715534303174,0.004474648320608552,0.00226067036411864,0.002785779860077875,0.004493100378366348,0.0
Lachnoclostridium,0.000282027779736304,0.0,0.0,0.0,0.0,0.0012106763024083145,0.005845996378237934,0.00022286223685112803,0.0,0.0,0.00011559739080175047,0.0,0.00034956479183416645,0.0,0.0,0.0,0.0,0.0,0.0,0.0,2.9565680158472047e-05,0.0,5.4519681605059426e-05,0.0,0.0048802129547471165,0.0,0.0,0.0,0.0,0.0,0.0028333735230286956,0.0,0.0,0.005778756191524491
Lachnospiraceae_NK4A136_group,0.000317281252203342,0.0003502381619501261,0.0,0.0,0.0,0.0016390694555681797,0.006751436894732698,0.00010285949393128986,0.0,0.0,0.0009908347783007183,0.0,0.0005068689481595414,0.0004921692359072613,0.0,0.0,0.0,0.0,0.0,0.0,0.0011382786861011737,0.0,0.0004906771344455348,0.0,0.0038027633413613895,0.0,0.0,0.0,0.0,0.0,0.004988545936821799,0.0,0.0,0.006329113924050633
Lactiplantibacillus,0.0,0.0,0.0,0.0,0.0,0.001918456294585483,0.0,0.0013371734211067683,0.0,0.0,0.0013211130377342912,0.0,0.001573041563253749,0.0009843384718145225,0.0,0.0,0.0,0.0,0.0,0.0,0.0,0.0,0.0,0.0,0.0,0.0,0.0,0.0,0.0,0.0,0.0,0.0,0.0,0.0
Lactobacillus,0.0008637100754424311,0.0004903334267301765,0.003983792897155599,0.00035548263604047036,0.00036308494051814357,0.013689955111847864,0.014624832690339344,0.009565932935609957,0.0008740006304266843,0.0,0.011179919081826438,0.0005823590019262644,0.010906421505225994,0.007839552829094232,3.149854319237735e-05,0.00015495358435814,0.0004942595286176267,0.0,0.0,0.0,0.012683676787984507,0.00041691758928985036,0.004652346163631737,0.0,0.02211940676891875,0.0004455666122085252,0.0,0.00032863206901273447,0.00030337614307796766,0.003579718656486842,0.0029690137448758138,0.005080882585710216,0.0009598263966169598,0.005705375160521006
Lactococcus,0.0,0.0,0.0,0.0,0.0,0.000335264206820764,0.0,0.00022286223685112803,0.0,0.0,0.0002972504334902155,0.0,0.00020973887510049988,0.00017577472710973615,0.0,0.0,0.0,0.0,0.0,0.0,0.0,0.0,0.0,0.0,0.0,0.0,4.247907905356612e-05,0.0,0.0,0.0,0.000904268145647456,0.0,0.0,0.0021830856723536966
Lautropia,0.02420150884862159,0.004819277108433735,0.06907053896774895,0.02649712879409352,0.13666944319856475,0.011920505131404944,0.0,0.013783172186792841,0.01442817434163395,0.03963570334222323,0.0036330608537693005,0.39085248398512745,0.004614255252210997,0.009263328118683096,0.017324198755807544,0.03611827184493372,0.03454168019996328,0.004677610325824795,0.0023622539970589154,0.06149142177679633,0.09047098128492446,0.006701564213029447,0.0016355904481517827,0.04406294305085697,0.0,0.005959453438289024,0.004162949747249479,0.0011775982472956319,0.022117565478684216,0.014416757557960678,0.00290872920183265,0.020465984994776663,0.06543512129979968,0.0
Lentimicrobium,0.0,0.0012048192771084338,5.4386251155707835e-05,0.0018321028165162701,0.0,0.0,0.0,0.00022286223685112803,0.0,0.0,4.9541738915035914e-05,0.00017918738520808134,0.0007340860628517495,0.0002812395633755779,0.0007087172218284905,0.0,0.004999082089446853,0.004560670067679174,0.0005788304496104628,0.00629919030632467,0.003207876297194217,0.0013125183366532326,0.0,0.0006457137242240908,0.0,0.0,0.003582402333517409,9.585102012871422e-05,0.0003611620750928187,4.194982800570518e-05,0.004234989148782252,0.0029124062173541423,9.73736924104162e-05,0.0011557512383048982
Leptotrichia,0.012603116406966087,0.004188848416923508,0.03347473758633818,0.04726551818430407,0.003993934345699579,0.0041721767959917305,0.0,0.010577384625934307,0.004871478923689715,0.013760426715088236,0.0009908347783007183,0.005957980558168705,0.005191037158737372,0.0012128456170571796,0.026852508071501694,0.005916409584583527,0.013570954485758265,0.06797152504714155,0.007399643315290511,0.033463563784610156,0.023696892647015345,0.005450811445159896,0.0033438738051103116,0.044076980305731414,0.0,0.007593197683053617,0.007094006201945542,0.0022730384773380803,0.08043801736467257,0.011759935117599351,0.01680431637328189,0.031609104435088166,0.014786890718896061,0.0016694184553292975
Leucobacter,0.0,0.0,0.0,0.0,0.0,0.002216468922870607,0.0,0.0015771789069464444,0.0,0.0,0.0014862521674510775,0.0,0.002446953542839165,0.0014940851804327573,0.0,0.0,0.0,0.0,0.0,0.0,0.0,0.0,0.0,0.0,0.0,0.0,0.0,0.0,0.0,0.0,0.0,0.0,0.0,0.0
Ligilactobacillus,0.000564055559472608,0.00011207621182404035,0.0,0.0,0.0,0.0035388999608858425,0.0015353121801432957,0.0015943221559349928,0.0,0.0006099982976791692,0.003434893898109157,0.0,0.0018876498759044988,0.0013183104533230213,0.0,0.0,0.0,0.0,0.0,0.0005237529018741861,0.0017000266091121425,0.0,0.003543779304328863,0.0,0.003845016267376516,0.00024134858161295114,0.0,9.585102012871422e-05,0.0,0.00015381603602091897,0.0004069206655413552,0.0020576783057393395,0.0,0.001999633094844983
Limnobacter,8.8133681167595e-05,0.0,0.00017675531625605047,5.468963631391851e-05,0.0,0.0048985825774367185,0.000354302810802299,0.006685867105533841,0.0,0.0,0.005862439104945917,0.0,0.006064949138322788,0.004675607741118982,0.0,0.0,0.00018358211062940422,0.0,0.0,0.0006228412887152483,0.0,0.0,0.004506960346018246,0.0,0.00010563231503781637,0.0,0.0,0.0,0.0,0.0,0.0,7.914147329766691e-05,0.0,0.0
Limosilactobacillus,0.000687442713107241,0.0,0.00019035187904497744,0.00016406890894175554,6.407381303261357e-05,0.005010337313043641,0.017164002834422487,0.0036686552835493384,0.0,0.0,0.003847741722401123,0.00033597634726515254,0.004719124689761247,0.0030936351971313563,0.0,0.0,0.0,0.0,0.0,0.0007077741917218731,0.010274073855069036,0.0,0.10071602515174645,0.0,0.0830692525457388,0.0,0.0,0.0,4.333944901113824e-05,0.002083508124283357,0.016879672052085844,0.07119566937858116,0.00033385265969285556,0.04401027334434049
Listeria,0.0,0.0,0.0,0.0,0.0,0.0006519026243737078,0.00842453350129911,6.857299595419324e-05,0.0,0.0,0.0005284452150937165,0.0,0.0,0.0,0.0,0.0,0.0,0.0,0.0,0.0,0.001951334890459155,0.0,0.04312506814960201,0.0,0.06792157856931592,0.0,0.0,0.0,0.0,0.0,0.006088738847359537,0.031292538541897494,0.0,0.01805173362685746
Luteimonas,0.000299654515969823,0.0,0.0,0.0,0.0,0.0009126636741231909,0.0014959452011652627,0.000720016457519029,0.00015760667106054963,0.0,0.0009578069523573611,0.0,0.0008913902191771245,0.0007382538538608918,0.0,0.0,0.0,0.0,0.0,0.0,0.0009313189249918694,3.0882784391840767e-05,0.00034529131683204303,0.0,4.2252926015126546e-05,0.0,0.0,0.0,0.0,0.0,0.0014468290330359296,0.0,0.0,0.0013942395890662264
Luteolibacter,0.000387788197137418,0.0,0.0,0.0,0.0,0.00013038052487474158,0.0005905046846704984,0.00013714599190838648,0.0,0.0,0.0004623895632070019,0.0,0.0001398259167336666,0.00026366209066460425,0.0,0.0,0.0,0.0,0.0,0.0,8.869704047541613e-05,0.0,0.0017809762657652747,0.0,0.0,0.0,0.0,0.0,0.0,0.0,0.00024113817217265494,0.0,8.346316492321389e-05,0.0011740964960557695
Lysobacter,0.00047592187830501306,0.0,0.0,0.0,0.0,9.312894633910112e-05,0.0025194866545941263,6.857299595419324e-05,0.00149009943548156,0.0,0.00019816695566014366,0.00013439053890606102,0.00040199951060929145,0.00012304230897681532,0.0,4.2260068461310905e-05,0.0,0.00019002791948663226,0.0,0.0,0.0023356887325192916,0.0,0.00034529131683204303,0.0,0.008344952887987494,0.0,5.6638772071421493e-05,0.0,2.8892966007425494e-05,0.0,0.0014166867615143478,0.00020576783057393397,0.0,0.00038525041276829937
MND1,0.0,0.0,0.0,0.0,0.00017086350142030287,0.0007264057814449888,0.011003070624360286,0.0002057189878625797,0.0,0.0,0.0004293617372636446,0.0004255700398691932,0.0007515643024434579,0.0002109296725316834,0.0,0.0,0.0,0.0,0.0,0.0,0.0006947934837240931,0.0,3.634645440337295e-05,0.0,0.00010563231503781637,0.0,0.0,0.0,0.0,0.00026568224403613277,0.0004069206655413552,0.00030073759853113425,0.0003755842421544625,0.005008255365987892
Marinobacter,0.0,0.0,0.0,0.0,0.0,0.005513233623274786,0.0012006928588300133,0.0046972502228622365,0.0,0.0,0.005433077367682272,0.0,0.006816513440766246,0.004447100595876325,0.0,0.0,0.0,0.0,0.0,0.0,0.0,0.0,0.0,0.0,6.337938902268983e-05,0.0,0.0,0.0,0.0,0.0,0.0006179165661924283,0.0,0.0,0.014474408365437534
Marivita,0.0,0.0,0.0,0.0,0.0,0.002607610497494831,0.0,0.0002914352328053213,0.0,0.0,0.0005779869540087524,0.0,0.0,0.00014061978168778894,0.0,0.0,0.0,0.0,0.0,0.0,0.0,0.0,0.0,0.0,0.0,0.0,0.0,0.0,0.0,0.0,0.0,0.0,0.0,0.0026233718583746103
Massilia,0.00035253472467038,0.00023816195012608574,0.00012236906510034264,0.00027344818156959256,0.0,0.0004656447316955056,0.00249980316510511,6.857299595419324e-05,0.00028655758374645385,0.00035465017306928446,0.00014862521674510775,0.00015678896205707118,0.00034956479183416645,0.000228507145242657,0.0,0.0,0.00014121700817646478,0.0,0.0,0.0,0.002483517133311652,0.0,0.0017264565841602151,0.0,0.00035914987112857565,0.0,0.0,5.477201150212242e-05,0.0,0.0,0.0009796238244514106,0.0006014751970622685,0.0,0.002806824435883324
Megasphaera,0.000158640626101671,0.0,0.0,0.0,0.0001922214390978407,0.0,0.0,0.00012000274291983816,4.2983637561968075e-05,0.0,0.00034679217240525143,0.0,0.0011186073338693328,8.788736355486808e-05,0.0030868572328529805,0.0004366873741002127,0.0,0.0,0.0,0.0,0.0,0.0,0.0,0.0001544098036188043,0.0,0.0004641318877172137,0.0008637412740891778,0.0,0.00030337614307796766,0.0007690801801045949,0.0,0.0,5.564210994880926e-05,0.0
Mesorhizobium,0.00045829514207149406,0.00014009526478005044,0.0,0.0,0.0,0.0004656447316955056,0.003011573891819542,0.0,0.0,0.0,0.0003137643464618941,0.0,0.0007515643024434579,0.00024608461795363063,0.0,0.00023947372128076182,0.0,0.0,0.0,0.0,0.0,0.0,0.00010903936321011885,0.0,4.2252926015126546e-05,0.0,0.0,0.0,0.0,0.0,0.0,0.0034980531197568773,0.0,0.0
Methanoculleus,0.0,0.0,0.0,0.00017774131802023518,0.000448516691228295,0.00011175473560692134,0.00027556885284623256,0.0,0.0,0.0009220904499801396,9.908347783007183e-05,0.00031357792411414236,0.0011535638130527493,5.273241813292085e-05,0.0,0.0,0.0002541906147176366,0.0001607928549502273,9.386439723412909e-05,0.00026895419285431174,0.0,0.0,0.0,0.0,0.0008873114463176575,0.00020421803059557405,7.079846508927686e-05,0.00024647405175955085,0.0001589113130408402,0.00018178258802472244,0.0,0.0,0.00043122635210327177,0.0
Methylobacterium_Methylorubrum,0.00010576041740111402,0.00021014289717007564,8.157937673356176e-05,0.0,0.0,0.0012106763024083145,0.000610188174159515,0.0008057327024617706,0.0,0.0,0.0007431260837255387,0.0,0.0009088684587688328,0.0006503664903060238,0.0,0.0,0.0,2.9235064536404965e-05,0.0,0.00028310967668874923,0.0,0.0,0.0,0.0,0.0,0.0,0.0,0.0,0.0,0.0,0.0,0.0,0.001112842198976185,0.0
Methyloceanibacter,0.0,0.0,0.0,0.0,0.0,0.0,0.00027556885284623256,0.0006171569635877391,0.0,0.0,0.0,0.0,0.0,0.0,0.0,0.0,0.0,0.0,0.0,0.0,0.0,0.0,0.004961291026060408,0.0,0.0,0.0,0.0,0.0,7.223241501856373e-05,0.0,0.0,0.0,0.0,0.0019629425793432397
Methylocystis,0.00045829514207149406,0.0,0.0,0.0,0.0,0.0,0.0,0.0,0.0,0.00011348805538217103,0.0,0.0,0.0,0.00012304230897681532,0.0,0.0,0.0,0.0,0.0,0.0,0.0,0.0,0.003253007669101879,0.0,0.0,0.0,0.0,0.0,0.0,0.0,0.0003617072582589824,0.0,0.0,0.000183452577508714
Methylophilus,0.00035253472467038,0.0,0.0,0.0,0.0,5.587736780346067e-05,0.0036808125344461066,3.428649797709662e-05,0.0004155084964323581,0.0,0.0,0.00033597634726515254,0.0,3.5154945421947234e-05,7.874635798094339e-05,0.0,0.0,0.0,0.0,0.0,0.0,0.0,1.8173227201686474e-05,0.0,2.1126463007563273e-05,5.569582652606565e-05,0.0,0.0,0.0,0.0,0.0,0.0,0.0,0.0
Methyloversatilis,0.0022033420291898754,0.0030260577192490895,0.0007886006417577637,0.0001914137270987148,0.0002562952521304543,0.0008940378848553707,0.0,0.002708633340190633,0.0011462303349858154,0.00278045735686319,0.0012550573858475765,0.0013663038122116204,0.0008039990212185829,0.001195268144346206,0.0003937317899047169,0.0019017030807589909,0.0016239955940293449,0.001330195436406426,0.0004380338537592691,0.0017977464469735576,0.004405286343612335,0.00023162088293880576,0.0,0.00019652156824211456,0.0,0.0005569582652606565,0.0007787831159820455,0.0003697110776393263,0.0007656635991967755,0.0003775484520513466,0.0023360260429225945,0.00031656589319066763,0.0006398842644113065,0.0019079068060906255
Micromonospora,0.0,0.0,0.0,0.0,0.0,0.0003725157853564045,0.0009251240059837808,0.00025714873482822465,0.0,0.0,0.0005779869540087524,0.0004479684630202034,3.495647918341665e-05,0.0,0.0,0.0,0.0,0.0,0.0,0.0,0.0,0.0,0.0,0.0,0.0006337938902268982,0.0,0.00018407600923211985,0.0,0.0,0.00020974914002852587,0.0,0.0,0.0005981526819496995,0.0
Microvirga,0.0,0.0,0.0,4.1017227235438884e-05,0.0,0.00013038052487474158,0.005058656798677269,0.0028629225810875678,0.0,0.0,0.00011559739080175047,0.0,8.739119795854161e-05,3.5154945421947234e-05,0.0,0.0,0.0,0.0,0.0,0.0,0.00020695976110930432,0.0,3.634645440337295e-05,0.0,6.337938902268983e-05,0.0,0.0,0.0,0.0,0.0,0.0,0.0,0.0,0.0013025133003118693
Moraxella,0.0,0.0,0.0,0.0,0.0,0.0,0.0,0.0,0.0,0.0,3.302782594335728e-05,0.00026878107781212203,0.0,0.0,0.0,0.005324768626125174,0.002993800573341053,0.0,0.0,0.0,0.0,0.0,0.0,0.0005193784303541599,0.0,0.0,0.0,0.0,0.0,0.0,0.0,0.014546202792111178,0.0,0.0
Muribaculum,0.000669815976873722,0.0,9.517593952248872e-05,0.0,0.0,0.0007822831492484494,0.006062514762617117,0.000497154220667901,0.0,0.0,0.0005119313021220379,0.0,0.0003146083126507498,0.0003515494542194723,0.0,0.0,0.0,0.0,0.0,0.0,0.00022174260118854033,0.0,0.0,0.0,0.0005281615751890819,0.0,0.0,0.0,0.0,0.0,0.0006028454304316373,0.0,0.0,0.0
Mycobacterium,0.0,0.00011207621182404035,0.0,0.0,0.0,0.016912216655180765,0.0013581607747421463,0.015480353836659124,0.00031521334212109925,0.000524882256142541,0.012732226901164231,0.00031357792411414236,0.013510679204390533,0.013534653987449685,3.149854319237735e-05,0.0,0.00036716422125880843,0.00021926298402303722,0.0,0.0,0.0,0.00026250366733064656,0.0,0.0,0.003845016267376516,0.0,0.00016991631621426448,0.0,0.0,0.0,0.0,0.0020893348950584063,0.0004034052971288671,0.002568336085121996
Mycoplasma,0.000616935768173165,0.0002942000560381059,5.4386251155707835e-05,0.0011348099535138092,0.0,0.002104714187263685,1.9683489489016612e-05,0.002057189878625797,0.0,0.0,0.0024605730327801173,2.2398423151010167e-05,0.0017128674799874156,0.0036033819057495913,0.0003464839751161509,0.00061981433743256,0.0031915043847881037,0.0049261083743842365,0.0005318982509933982,0.001443859351112621,0.002572214173787068,0.004153734500702584,0.0,0.0005474529401030334,0.0,0.0,0.007858629624909732,0.0,0.0,0.00023771569203232933,0.004385700506390162,0.0,0.0006955263743601157,0.0
NK4A214_group,0.0,0.0,0.0,0.0,0.0,0.0006891542029093483,0.005038973309188253,5.142974696564493e-05,0.0,0.0,8.25695648583932e-05,0.0,0.00020973887510049988,0.00014061978168778894,0.0,0.0,0.0,0.0,0.0,0.0,4.4348520237708066e-05,0.0,0.0,0.0,6.337938902268983e-05,0.0,0.0,0.0,0.0,0.0,0.0,0.0,0.0,0.0011557512383048982
Neisseria,0.06885003172812522,0.11735780330624825,0.09024038723010823,0.01394585726004922,0.06977638239251618,0.004488815213544674,0.0016337296275883788,0.025834876225742303,0.23155285554632205,0.3341088350451115,0.014499215589133845,0.11024503874927205,0.0438878596147796,0.024960011249582536,0.12326954878336877,0.10105791038048148,0.11222515639783656,0.00653403692388651,0.05581802822189544,0.13858218673914274,0.12365845726280933,0.026188601164280973,1.8173227201686474e-05,0.114417664481534,0.00012675877804537965,0.05257686024060597,0.07017543859649122,0.04103792961796522,0.026119241270712645,0.04206169421372039,0.022425850012056908,0.11678115799803729,0.05053694636100601,0.000550357732526142
Nitrospira,0.001216244800112811,0.0,0.0,0.0,0.0,0.0016018178770325392,0.005688528462325801,0.0006000137145991908,0.0,0.001276740623049424,0.0006275286929237883,0.0,0.0005767819065263746,0.0008085637447047863,0.0,0.0,0.0,0.0,1.5644066205688184e-05,0.0,2.9565680158472047e-05,0.0,0.0003634645440337295,0.0,0.003866142730384079,0.0,0.0,0.0,0.0,0.0,0.0008590547383650832,0.0,0.0,0.008952485782425242
Nocardioides,0.000493548614538532,0.00014009526478005044,0.0,0.0,0.0,0.001080295777533573,0.006023147783639084,0.0007714462044846739,0.0003438691004957446,0.0024541791976394486,0.001420196515564363,0.0,0.0009438249379522494,0.0010722258353693906,0.0,2.817337897420727e-05,0.0,0.0,0.0,0.00015571032217881207,0.0005913136031694409,0.0,0.0006724094064623996,0.0,4.2252926015126546e-05,0.0,0.0,0.0,0.0,0.0,0.0,0.00107632403684827,0.0,0.0033755274261603376
Nordella,0.00045829514207149406,0.0,4.078968836678088e-05,0.0,0.0,0.0011920505131404943,0.003759546492402173,0.0007885894534732222,0.0,0.0,0.0009743208653290397,0.0,0.0007166078232600413,0.0007206763811499182,0.0,0.0,0.0,0.0,0.0,0.0,2.9565680158472047e-05,0.0,0.0,0.0,0.0,0.0,0.0,0.0,0.0,0.0,0.0,0.0,0.0,0.0
Novosphingobium,0.0,0.0,0.00012236906510034264,4.1017227235438884e-05,0.0,0.0,0.0009644909849618141,6.857299595419324e-05,0.0,0.00029790614537819897,0.0002972504334902155,0.0,6.99129583668333e-05,0.0005097467086182349,0.0,0.0,0.0001270953073588183,0.0,0.0,0.00035388709586093653,0.00023652544126777638,0.0,0.0,0.0,0.0,0.0,0.0005522280276963595,0.0,0.0,0.0,0.0,0.0,0.0,0.001651073197578426
OM27_clade,8.8133681167595e-05,0.00011207621182404035,0.0,0.0,0.0,0.0,0.000866073537516731,0.0,0.0,2.8372013845542756e-05,3.302782594335728e-05,0.0,8.739119795854161e-05,8.788736355486808e-05,0.0,0.0,0.0,0.0,9.386439723412909e-05,0.0,4.4348520237708066e-05,0.0,0.0,0.0,0.00471120125068661,0.0,0.0,0.0,0.0,0.0,0.0,0.0,0.0,0.0
Oceanivirga,0.0,0.0,0.0,0.0,0.0,0.0,0.0,0.0,0.0,0.0,0.0,0.0009631321954934373,0.0,0.0,0.0,0.0003521672371775909,0.0,0.017219453011942523,0.0,0.0,0.0,0.0,0.0,0.0,0.0,0.0,0.013749061920337566,0.0,0.0,0.0,0.0,0.0,0.0,0.0
Oceanobacillus,0.0,0.0,0.0,0.0,0.0002562952521304543,0.00011175473560692134,0.0,0.0,8.596727512393615e-05,0.0,0.00013211130377342912,0.0,0.0,0.00017577472710973615,0.0,0.0,0.0,0.0,0.0,0.0,0.0,0.0,0.0,0.0,0.0,0.0,0.0,0.0,0.0,0.0,0.0,0.0,0.0,0.005797101449275362
Ochrobactrum,0.0,0.0,0.0,0.0,0.0,0.008083592542233977,0.0,0.006891586093396421,0.0,0.0,0.008174386920980926,0.0,0.007847729576677037,0.0053083967587140325,0.0,0.0,0.0,0.0,0.0,0.0,0.0,0.0,0.0,0.0,0.0,0.0,0.0,0.0,0.0,0.0,0.0,0.0,0.0,0.003247110621904238
Odoribacter,0.0,0.0,0.0,0.0,0.0,9.312894633910112e-05,0.001732147075033462,0.0001714324898854831,0.0,0.0,0.00011559739080175047,0.0,6.99129583668333e-05,5.273241813292085e-05,0.0,0.0,1.4121700817646478e-05,0.0,0.0,0.0,0.0015521982083197823,0.0,0.00023625195362192417,0.0,0.0,0.0,0.0,0.0,0.00014446483003712745,0.0,0.0025470219435736676,0.0,0.0,0.0
Ohtaekwangia,0.000282027779736304,0.0,0.0,0.0,0.0,0.0,0.0010629084324068972,0.0,0.0,0.00015604607615048516,6.605565188671456e-05,0.0,0.0,0.0,0.0,0.0,0.0,0.0,0.0,0.0,0.00016261124087159625,0.0,0.005706393341329553,0.0,0.0,0.0,0.0,0.0,0.0,0.00030763207204183795,0.0,0.0,0.0,0.0016143826820766833
Olsenella,0.00040541493337093706,0.00016811431773606052,0.00032631750693424703,0.00013672409078479628,0.0,0.0005773994673024269,0.001476261711676246,0.00027429198381677297,0.0002005903086225177,0.0003688361799920558,0.00013211130377342912,0.0,8.739119795854161e-05,3.5154945421947234e-05,3.149854319237735e-05,0.0,0.0,4.385259680460745e-05,0.00031288132411376365,0.00036804257969537396,0.0027791739348963724,4.632417658776115e-05,1.8173227201686474e-05,5.614901949774702e-05,0.0,0.0,7.079846508927686e-05,0.0,0.0004622874561188079,0.0006152641440836759,0.0005425608873884736,0.0,6.955263743601157e-05,0.00275178866263071
Oribacterium,0.0009694704928435451,0.00030820958251611097,0.0004758796976124436,0.00020508613617719443,0.0,0.0005401478887667864,0.0,0.000994308441335802,0.0008023612344900708,0.0006241843046019406,0.00023119478160350094,0.0006047574250772745,0.000489390708567833,0.000597634072173103,0.0016694227891959996,0.0008452013692262181,0.0,0.002280335033839587,0.00012515252964550547,0.0031142064435762413,0.0018035064896667948,0.00012353113756736307,0.0,0.00023863333286542484,0.0,0.0007240457448388534,0.002817778910553219,0.0,0.001199058089308158,0.001272478116173057,0.0017934651555341211,0.0,0.0007094369018473181,3.66905155017428e-05
Oscillibacter,0.0,0.0,0.0,9.57068635493574e-05,0.0,0.00011175473560692134,0.002184867333280844,5.142974696564493e-05,0.0,0.0,8.25695648583932e-05,0.0,0.00010486943755024994,8.788736355486808e-05,0.0,0.0,0.0,0.0,0.0,0.0,0.0,0.0,1.8173227201686474e-05,0.0,0.004394304305573161,0.0,0.0,0.0,0.0,0.0,0.0010248372317337834,0.0,0.0,0.0
P3OB_42,0.0,0.0,6.79828139446348e-05,0.0,0.0,7.45031570712809e-05,0.0016927800960554287,0.00027429198381677297,0.0,0.00041139420076036996,0.00018165304268846503,0.0,0.00017478239591708322,3.5154945421947234e-05,0.0,0.0,0.0,0.0,0.0,0.0,0.00010347988055465216,0.0,1.8173227201686474e-05,0.0,0.0,0.0,0.0,0.0,0.00010112538102598922,0.0,0.0023360260429225945,0.0,0.0,0.003907539900935608
Paenibacillus,0.0028379045335965593,0.00330624824880919,0.0009109697068581063,0.00021875854525567405,0.000747527818713825,0.0010989215668013932,0.00116132587985198,0.002451484605362408,0.0015474109522308507,0.008412302105203428,0.0013045991247626126,0.0023742328540070777,0.0016079980424371658,0.0011249582535023115,0.0,0.00201439659665582,0.001977038114470507,0.0013594305009428308,0.0005006101185820219,0.001868523866145745,0.007760991041598912,0.00080295239418786,0.0069603460182459205,0.0006176392144752172,0.0,0.0011696123570473786,8.495815810713224e-05,0.0010954402300424482,0.0006067522861559353,0.0006572139720893811,0.0010549795032553653,0.00112380892082687,0.001015468506565769,0.0013208585580627408
Pajaroellobacter,0.000299654515969823,0.0,0.0,0.0,0.0,0.00013038052487474158,7.873395795606645e-05,6.857299595419324e-05,0.0,0.0,0.00013211130377342912,0.0004255700398691932,0.00010486943755024994,8.788736355486808e-05,0.0,0.0,0.0,0.0,0.0,0.0,0.0018035064896667948,0.0,0.0,0.0,0.0023450373938395234,0.0,0.0,0.0,0.0,0.0,0.0,0.0,0.0,0.0
Parabacteroides,0.0,0.0,0.0,0.0,4.271587535507572e-05,0.002160591555067146,0.012813951657349816,0.0003428649797709662,0.0,0.0,0.0005614730410370737,0.0,0.0004369559897927081,0.0005624791267511557,0.0,0.0,0.0,0.0,0.0,2.8310967668874922e-05,0.003163527776956509,0.0,0.019917857013048375,0.0,4.2252926015126546e-05,0.0,0.0,0.0,0.0,0.0,0.0003014227152158187,0.004115356611478679,0.0,0.0036507062924234085
Paracoccus,0.0,0.0,2.7193125577853917e-05,0.0,0.0,0.009312894633910112,0.0,0.009051635465953507,0.0001719345502478723,0.0,0.008587234745272893,0.0,0.00957807529625616,0.0076286231565625496,4.724781478856603e-05,0.0,0.0,0.0,0.0,0.0,0.0,0.0,0.0,0.0,0.0,0.0,0.0,0.0,0.0,0.0,0.0,0.0,0.0,0.0013575490735644835
Parasutterella,8.8133681167595e-05,0.0,0.0,0.0,0.0,0.00011175473560692134,0.0027163215494842925,0.001714324898854831,0.0,2.8372013845542756e-05,0.00023119478160350094,0.0,0.0001398259167336666,0.0001054648362658417,0.0,0.0,0.0,0.0,0.0,0.0,0.0,0.0,1.8173227201686474e-05,0.0,0.0,0.0,0.0,0.0,0.0,0.0,0.0,0.0,0.0,0.0019079068060906255
Parvimonas,1.7626736233519e-05,0.0012048192771084338,8.157937673356176e-05,0.00020508613617719443,0.0,7.45031570712809e-05,0.0,0.0,0.00044416425480700344,0.0,0.0002146808686318223,0.00015678896205707118,6.99129583668333e-05,0.00038670439964141954,0.0005512245058666037,0.0012537153643522236,0.0008473020490587887,0.0017833389367207027,0.0006257626482275273,0.0033123832172583657,0.002040031930934571,0.0008338351785797007,0.0,0.00019652156824211456,0.0,7.42611020347542e-05,0.001061976976339153,0.0005203341092701629,0.0,0.0009089129401236122,0.001326259946949602,0.0006489600810408686,0.0,0.0
Paucibacter,0.001022350701544102,0.0,0.0009653559580138141,0.0013809133169264424,0.0009183913201341278,0.005867123619363371,0.002243917801747894,0.004731536720839333,0.0011605582141731381,0.003589059751461159,0.002972504334902155,0.0010751243112484881,0.006501905128115496,0.0029881703608655146,0.0003307347035199622,0.0002676471002549691,0.0001977038114470507,0.00020464545175483476,0.0014392540909233128,0.0005095974180397486,0.0034591845785412294,0.001327959728849153,0.000726929088067459,4.211176462331026e-05,0.000845058520302531,3.71305510173771e-05,0.000835421888053467,5.477201150212242e-05,0.00014446483003712745,0.002181391056296669,0.0003014227152158187,0.0015986577606128716,0.0006259737369241041,0.010144927536231883
Pedobacter,0.0,0.0,0.0,0.0,0.0,0.000167632103410382,0.0,0.0,0.0,0.0002553481246098848,3.302782594335728e-05,0.0,0.0002272171146922082,0.00014061978168778894,0.0,0.0,0.0,0.0,4.6932198617064544e-05,0.0,0.0011087130059427017,0.0,0.0,0.0,0.0006337938902268982,0.0,0.0,0.0,0.0,0.0,0.001341331082710393,0.0,0.0,0.000825536598789213
Pedomicrobium,0.0,0.0,0.0,0.0,0.0,7.45031570712809e-05,0.0033461932131328242,0.0,0.0,0.0,0.0002972504334902155,0.0,0.00019226063550879157,0.0004921692359072613,0.0,0.0,0.0,0.0,0.0,0.0,0.0,0.0,0.0,0.0,0.0,0.0,5.6638772071421493e-05,0.0,0.0002166972450556912,0.0,0.0,0.0,0.0,0.0
Peptoanaerobacter,0.0,0.0,0.0,8.203445447087777e-05,0.0,0.0,0.0,0.0,0.0,0.0,0.0,0.0,0.0,0.0001054648362658417,0.0,0.0,0.0,0.0003215857099004546,0.0,0.0006369967725496857,0.0018330721698252667,4.632417658776115e-05,0.0,0.00021055882311655133,0.0,0.0,9.911785112498761e-05,0.0,0.0,0.0,0.0004672052085845189,0.0,0.0,0.0
Peptococcus,0.000141013889868152,0.000644438217988232,0.0005438625115570784,8.203445447087777e-05,0.0,0.0,0.0,0.0,0.00021491818780984038,7.093003461385689e-05,6.605565188671456e-05,6.719526945303051e-05,0.0,0.00017577472710973615,9.449562957713205e-05,8.452013692262181e-05,0.0004518944261646873,0.002645773340544649,0.00031288132411376365,0.0003255761281920616,0.001936552050379919,0.0010808974537144269,0.0011267400865045615,0.00035093137186091887,0.0,0.00038987078568245953,0.0007646234229641901,0.00012323702587977543,5.778593201485099e-05,0.00023771569203232933,0.00037677839401977333,0.0019310519484630727,0.00016692632984642778,0.0
Peptostreptococcus,0.000317281252203342,4.202857943401513e-05,0.0008157937673356176,0.0002324309543341537,0.0,0.00013038052487474158,0.0,0.0008228759514503189,0.002091870361349113,0.0010781365261306247,0.000412847824291966,0.0,8.739119795854161e-05,0.0015468175985656782,0.000582723049058981,0.0017749228753750582,0.0003530425204411619,0.002952741518176901,0.001110728700603861,0.0023498103165166184,0.00017739408095083226,0.0005867729034449746,0.0,0.00022459607799098807,0.0,0.002376355265112134,0.000991178511249876,2.738600575106121e-05,0.0,0.0009368794921274156,0.0018537496985772848,0.0,0.00012519474738482083,0.0
Phascolarctobacterium,0.000123387153634633,0.0,0.0,0.0,0.0,7.45031570712809e-05,0.0010432249429178804,0.00025714873482822465,0.0,0.0,0.00019816695566014366,0.0,8.739119795854161e-05,0.00019335219982070977,0.0,0.0,0.0,0.0,0.0,0.0,0.0,0.0,0.0,4.211176462331026e-05,0.0,0.0,0.0,0.0,0.0,0.0,0.0,0.0021684763683560734,0.0,0.002054668868097597
Phenylobacterium,0.000387788197137418,0.0,4.078968836678088e-05,0.0,0.0,0.00011175473560692134,0.0005314542162034486,6.857299595419324e-05,0.0,0.0,0.0014862521674510775,0.0,0.0006292166253014996,0.0,0.0,0.0,0.0,0.0,0.0,7.077741917218731e-05,0.0011678443662596458,0.00016985531415512423,0.0,0.0,0.0,0.0,8.495815810713224e-05,4.107900862659181e-05,0.0001589113130408402,0.0,0.0003315649867374005,0.0,0.0,0.000733810310034856
Phocaeicola,0.0,0.0,0.0,1.3672409078479628e-05,0.0,0.0,0.0,0.0,0.0,0.0,9.908347783007183e-05,0.0,0.0,0.0,0.0,0.0,0.0008190586474234957,0.00043852596804607445,0.0,0.0022224109620066815,0.0007834905241995092,0.0,0.0,9.826078412105728e-05,0.0,0.00033417495915639387,0.0011469351344462852,0.0,0.00030337614307796766,0.0005313644880722655,7.535567880395467e-05,0.0,0.0,0.0
Porphyrobacter,0.0017626736233519002,0.00011207621182404035,0.0004078968836678088,0.0,0.0,0.00035388999608858425,0.0005905046846704984,0.0010114516903243502,0.0,0.00017023208307325653,0.0,0.0,0.0,0.0,0.0,0.0002676471002549691,9.885190572352535e-05,0.0,0.0,0.00015571032217881207,0.0,0.0,0.0,0.0,0.0,0.0,0.0,0.0,0.0,0.0,9.04268145647456e-05,0.0,0.0,0.0026967528893780957
Porphyromonas,0.0022385955016569134,0.01136172597366209,0.004853972915646924,0.002433688815969374,0.0005553063796159842,0.0035016483823502023,0.00013778442642311628,0.002725776589179181,0.002879903716651861,0.019392271463428475,0.009693666914375362,0.005980378981319715,0.003897647428950956,0.009421525373081859,0.021025277580911883,0.01662229359478229,0.02280654682049906,0.033050240458405815,0.010559744688839523,0.013291999320536776,0.009165360849126334,0.022776053488982567,0.0004361574528404754,0.00527800783278822,0.0,0.018732362988266745,0.04029848632881639,0.0064904833630015065,0.0077722078559974575,0.006236541096848169,0.03214673257776706,0.007550096552597423,0.004381816158468729,0.0
Prevotella,0.002097581611788761,0.009456430372653405,0.009694349268504921,0.02347552638774952,0.0004058008158732193,0.004079047849652629,0.0029918904023305253,0.003051498319961599,0.011462303349858155,0.006908585371389661,0.00655602344975642,0.005957980558168705,0.006833991680357954,0.010036736917965935,0.03345145287030475,0.020284832861429236,0.010718370920593676,0.03935039686600108,0.013234880010012202,0.022705396070437686,0.015285456641930048,0.013511218171430335,0.0005815432704539672,0.011398250958042646,0.0,0.01843531858012773,0.008127663792248984,0.0010132822127892646,0.012669565594256079,0.05152837206700786,0.01565891005546178,0.007328500427363956,0.004562653015802359,0.0
Prevotella_7,0.001128111118945216,0.002227514710002802,0.001685973785826943,0.007629204265791632,0.0005553063796159842,0.0009499152526588314,0.0,0.001045738188301447,0.008997908129638651,0.0021562730522612494,0.002097266947403187,0.0009183353491914169,0.00312860488691579,0.008208679756024679,0.03650681155996535,0.0034653256138274945,0.0026125146512645985,0.033167180716551434,0.008400863552454554,0.012003850291602967,0.007110546078112527,0.011133243773258597,0.001217606222512994,0.004449809795196451,0.0,0.00549532155057181,0.02230151650312221,0.0,0.021395241328498578,0.036538300192969206,0.016849529780564265,0.006774510114280288,0.0021422212330291564,0.003118693817648138
Prevotella_9,3.5253472467038e-05,0.00021014289717007564,0.0,0.00010937927262783702,0.0,0.0004656447316955056,0.00021651838437918274,0.0005657272166220942,0.0,0.0,0.0002972504334902155,0.0,0.000489390708567833,0.000457014290485314,0.00040948106150090556,0.0,0.0,0.0,0.0,0.0,0.0,0.0,0.006578708247010504,0.0,0.0,0.0,0.0,0.0,0.0,0.0,0.00010549795032553654,0.0,0.0,0.001008989176297927
Prevotellaceae_NK3B31_group,7.0506944934076e-05,0.0,0.0,0.0,0.0,0.0009685410419266517,0.0,0.00022286223685112803,0.0,0.0,0.0003963339113202873,0.0,0.000541825427342958,8.788736355486808e-05,0.0,0.0,0.0,0.0,0.0,0.0,0.0,0.0,0.0,0.0,0.0,0.00033417495915639387,0.0,0.0,0.0,0.0,0.0,0.0,0.0,0.0013025133003118693
Prevotellaceae_UCG_001,0.00021152083480222803,0.0,0.0,0.0,0.0,0.0004097673638920449,0.0033658767026218408,0.00024000548583967633,0.0,0.0,0.00024770869457517957,0.0,6.99129583668333e-05,0.0002812395633755779,0.0,0.0,0.0,0.0,0.0,0.0,0.0011530615261804097,0.0,0.0,0.0,0.005260489288883255,0.0,0.0,0.0,0.0,0.0,0.0,0.0,0.0,0.0010456796917996697
Prevotellaceae_UCG_004,0.0,0.0,0.0,0.0,0.0,0.00022350947121384268,0.007952129753562711,0.0,0.0,0.0,0.00014862521674510775,0.0,0.00017478239591708322,0.0,0.0,0.0,0.0,0.0,0.0,0.0,1.4782840079236024e-05,0.0,3.634645440337295e-05,0.0,4.2252926015126546e-05,0.0,0.0,0.0,0.0,0.0,0.0004672052085845189,0.0,0.0,0.0009722986607961842
Prochlorococcus_MIT9313,0.0,0.0,0.0,0.0,0.0,0.0,0.0,0.0,0.0,0.0,0.00019816695566014366,0.0,0.0,7.030989084389447e-05,0.0,0.0,0.0,0.0,0.0,0.0,0.0,0.0,0.0,0.0,0.003845016267376516,0.0,0.0,0.0,0.0,0.0,0.0016126115264046299,0.0,0.0,0.0
Pseudaminobacter,0.0,0.0,0.0,0.0,0.0,0.0028124941794408537,0.0,0.002451484605362408,2.8655758374645386e-05,0.0,0.002559656510610189,0.0,0.003617995595483623,0.0034451846513508287,0.0,0.0,0.0,0.0,0.0,0.0,0.0,0.0,0.0,0.0,0.0,0.0,0.0,0.0,0.0,0.0,0.0,0.0,0.0,0.0
Pseudarthrobacter,0.000511175350772051,9.80666853460353e-05,0.0,0.0,0.00032036906516306785,0.0004097673638920449,0.005609794504369735,0.0003942947267366111,0.0002292460669971631,0.0,0.0008091817356122534,0.0,0.00036704303142587476,0.0006327890175950502,0.0,0.0,0.0,0.0,0.0,0.0,0.0010643644857049937,0.0,0.0,0.0,0.0045633160096336675,0.0,0.0,0.0,0.0,0.0,0.0,0.002120991484377473,0.0,0.0016143826820766833
Pseudoalteromonas,0.000141013889868152,0.0,0.0,0.0,0.0,0.001322431038015236,0.0,0.0012514571761640266,0.0,0.0,0.0007431260837255387,0.0,0.0017478239591708323,0.0013183104533230213,0.0,2.817337897420727e-05,0.0,0.0,0.0,0.0,0.0,0.0,0.0,0.0,0.0,0.0,0.0,0.0,0.0,0.0,0.0005124186158668917,0.0,0.0,0.0017978352595853972
Pseudolabrys,0.001004723965310583,0.00018212384421406556,0.0,8.203445447087777e-05,0.0,0.0010244184097301123,0.0025785371230611764,8.571624494274155e-05,0.0005014757715562943,0.0,0.0002807365205185369,0.0,0.0004544342293844164,8.788736355486808e-05,0.0,0.0,0.0,0.0,0.00010950846343981728,0.0,0.0014487183277651302,0.00012353113756736307,0.0,0.0,0.0006126674272193349,0.0001485222040695084,2.8319386035710747e-05,0.0,0.00013001834703341473,0.0,0.0,0.0,0.0,0.0
Pseudomonas,0.000669815976873722,0.0005323620061641916,0.00032631750693424703,4.1017227235438884e-05,0.0006834540056812115,0.002104714187263685,0.013758759152822613,0.00476582321881643,0.0009456400263632977,0.003589059751461159,0.0019981834695731154,0.0,0.002586779459572832,0.0010898033080803643,0.00042523033309709425,0.00015495358435814,8.473020490587887e-05,0.0,0.00010950846343981728,0.00046713096653643624,0.002764391094817136,0.00013897252976328346,0.03801839130592811,0.0,0.06266108928043267,0.0,9.911785112498761e-05,5.477201150212242e-05,2.8892966007425494e-05,0.00030763207204183795,0.006405232698336147,0.025736807116401278,0.0008346316492321389,0.018950651256650155
Pseudopropionibacterium,0.00548191496862441,9.80666853460353e-05,4.078968836678088e-05,0.001175827180749248,0.00029901112748553,0.0,0.0,0.00012000274291983816,0.0002005903086225177,4.255802076831413e-05,0.0,0.0002911795009631322,0.0,0.00015819725439876256,0.0006457201354437358,0.0003521672371775909,0.0005225029302529196,0.0,7.822033102844091e-05,0.0003255761281920616,0.00011826272063388819,0.0001852967063510446,0.0,0.002007327447044456,0.0,0.0024320510916382,0.0,0.0003423250718882651,0.0010979327082821686,0.0,0.00012056908608632747,0.0,0.00282383707990207,0.0
Pseudoxanthomonas,0.0,0.0,0.0,0.0,0.0,0.0054759820447391454,0.00122037634831903,0.004714393471850785,2.8655758374645386e-05,0.0,0.004590867806126661,0.0,0.004666689970986122,0.003972508832680037,0.0,0.0,0.0,0.0,0.0,0.0,0.0,0.0,0.0,0.0,0.0,0.0,0.0,0.0,0.0,0.0,0.00042199180130214614,0.0,0.0,0.0003302146395156852
Psychrobacter,0.000193894098568709,0.0,8.157937673356176e-05,0.0,0.0,0.00249585576188791,0.000610188174159515,0.0003942947267366111,0.0,0.0,0.00026422260754685825,0.0,0.0005593036669346664,0.00033397198150849874,0.0,0.0,0.0,0.0,0.0,0.0,0.0,0.0,0.0,0.0,4.2252926015126546e-05,0.0,0.0,0.0,0.0,0.0,0.0,0.0,0.0,9.1726288754357e-05
RB41,0.001339631953747444,0.0,5.4386251155707835e-05,0.0,0.0,0.0005028963102311461,0.009369340996771908,0.00012000274291983816,0.0,0.0031351075299324745,0.0006440426058954669,0.0,0.0005243471877512496,0.0007382538538608918,0.0,0.0,0.0,0.0,0.0,0.0,0.0003104396416639565,0.0,0.0002725984080252971,0.0,0.0005492880381966452,0.0,0.0,0.0,0.0,0.0,0.0010700506390161563,0.0002690810092120675,0.0,0.006512566501559347
Rhodanobacter,0.00022914757103574703,0.0,0.0001359656278892696,0.0,0.0,0.0001490063141425618,0.0010235414534288639,5.142974696564493e-05,0.000186262429435195,0.0007093003461385689,0.0005449591280653951,0.0003583747704161627,0.0001398259167336666,0.00015819725439876256,0.0,0.0,0.0,0.0,0.0,4.246645150331238e-05,0.0,0.0,0.0,0.0,0.0,0.0,0.00033983263242852896,0.0,0.0,0.0,0.0006480588377140101,0.0,0.0002782105497440463,0.0007521555677857274
Rhodococcus,0.0,0.0002241524236480807,0.0,0.00010937927262783702,0.0,0.0010244184097301123,0.0005905046846704984,0.0025543440992936983,0.0,0.0,0.0011229460820741475,0.0,0.0011186073338693328,0.00082614121741576,0.0,0.0,0.0,0.0002631155808276447,0.0,0.00012739935450993716,0.0,0.0,5.4519681605059426e-05,0.0,0.0,0.00027847913263032826,0.0,0.00019170204025742844,0.0,0.0,0.00021099590065107307,0.0,0.0,0.0
Rikenellaceae_RC9_gut_group,0.000599309031939646,0.0002801905295601009,0.00010877250231141567,0.00017774131802023518,0.0,0.0023841010262809887,0.006830170852688765,0.0002914352328053213,0.0,0.0,0.0010403765172157544,0.00047036688617121356,0.0007515643024434579,0.0008437186901267336,9.449562957713205e-05,0.00038034061615179816,0.0009037888523293746,0.0024118928242534096,0.001877287944682582,0.001259838061264934,0.0014635011678443663,0.00023162088293880576,0.00010903936321011885,5.614901949774702e-05,0.0007816791312798411,0.0010953512550126243,0.0027611401384817977,0.00017800903738189784,8.667889802227648e-05,0.000559331040076069,0.005576320231492645,0.004336952736712147,0.0,0.0037240873234268943
Romboutsia,0.001339631953747444,0.0,2.7193125577853917e-05,0.0,0.0,0.0017880757697107414,0.003877647429336273,0.0012343139271754782,0.0004011806172450354,0.0,0.0015853356452811493,0.0,0.001625476282028874,0.0008437186901267336,0.0,0.0004507740635873163,0.0,0.0,0.0,0.00012739935450993716,0.0,0.0,0.0,0.0,0.0,0.0,0.0,4.107900862659181e-05,0.0,0.0,0.000904268145647456,0.0,0.0,0.0019445973215923684
Roseburia,0.000141013889868152,0.00012608573830204538,0.0,0.0,0.0,5.587736780346067e-05,0.0024801196756160933,0.0,0.0,0.00015604607615048516,0.00024770869457517957,8.959369260404067e-05,0.0,0.00047459176319628764,0.0,5.634675794841454e-05,0.000593111434341152,0.0,0.0005631863834047745,0.0006369967725496857,0.0015965467285574905,0.0007411868254041784,0.0,0.0003088196072376086,0.0,0.0,0.002534585050196112,0.0,0.0,0.0,0.0007836990595611285,0.003482224825097344,0.0,0.0
Rothia,0.06054783896213777,0.05605211543849818,0.05801653342035133,0.08079026524473612,0.043377971423079385,0.011268602507031236,0.0015353121801432957,0.009823081670438182,0.09727197180273375,0.08660557226351927,0.004838576500701841,0.03236572145320969,0.08898171776138707,0.012726090242744898,0.03885345302779746,0.009776162504049923,0.019304365017722733,0.0072064434082238235,0.044695097149651135,0.05144102825434573,0.03303964757709251,0.014391377526597799,0.0,0.04213983913305914,0.0,0.015631961978315758,0.06243008651572434,0.05110228673148021,0.028791840626399504,0.019017255362586347,0.004943332529539426,0.0069961062395137545,0.021505675495214777,0.0
Rubrobacter,8.8133681167595e-05,0.0,0.0,0.0,0.0,0.00011175473560692134,0.000708605621604598,3.428649797709662e-05,0.0,0.0,0.0,0.0,3.495647918341665e-05,0.0,0.0,0.0,0.0,0.0,0.0,0.00028310967668874923,0.0,0.0,0.006269763384581834,0.0,0.0,0.0,0.0,0.0,0.0,0.0,0.0,0.0,0.0,0.0023665382498624108
Ruminococcus,0.000264401043502785,0.0,2.7193125577853917e-05,0.0,0.0,0.0005773994673024269,0.0020273994173687112,0.00024000548583967633,0.0,0.0,0.00036330608537693006,0.0,0.00020973887510049988,8.788736355486808e-05,0.0,0.0,8.473020490587887e-05,0.0,0.0,0.0,0.0007687076841202732,0.0,0.0,0.0,0.0,0.0,0.0,0.0,0.0,0.0,0.002727875572703159,0.0,0.0,0.0
SM1A02,0.0,0.0,0.0,5.468963631391851e-05,0.0,0.00026076104974948316,0.002539170144083143,0.0003257217307824179,0.0,0.0,0.0005119313021220379,0.0,0.00041947775020099976,0.00014061978168778894,0.0,0.0,0.00032479911880586897,0.0,7.822033102844091e-05,0.0,0.0,0.0,0.0,0.0,0.011450542950099294,0.0,0.0,4.107900862659181e-05,0.0,0.0,0.0,0.0,0.0,0.0
Salmonella,0.0,0.0,0.0,0.0,0.0,0.0,0.012754901188882764,0.0,0.0,0.0,0.0017009330360828999,0.0,0.0,3.5154945421947234e-05,0.0,0.0,0.0,0.0,0.0,0.0,0.004094846701948378,0.0,0.020063242830661868,0.0,0.033612202645033167,0.0,0.0,0.0,0.0,0.0,0.008439836026042922,0.031783215676343034,0.0,0.021537332599523024
Sedimenticola,0.0,0.0,0.0,0.0,0.0,0.0008940378848553707,0.0,0.0007371597065075773,0.0,0.0,0.0005779869540087524,0.0,0.0009438249379522494,0.0007206763811499182,0.0,0.0,0.0,0.0,0.0,0.0,0.0,0.0,0.0,0.0,0.0,0.0,0.0,0.0,0.0,0.0,0.0,0.0,0.0,0.0007521555677857274
Selenomonas,0.010346894169075653,0.0026197814513869433,0.011516288682221135,0.013480995351380913,0.0014523397620725743,0.0007077799921771685,9.841744744508306e-05,0.0017828978948090243,0.0016477061065421096,0.0028655733983998185,0.00036330608537693006,0.0012991085427585898,0.0031635613660992066,0.0008964511082596544,0.013465627214741318,0.0018453563228105763,0.009630999957634898,0.026004589905132217,0.0017208472826257001,0.01743955608402695,0.011353221180853265,0.003736816911412733,0.0,0.007678378416316905,0.0,0.007927372642210011,0.005465641504892174,0.00032863206901273447,0.02434232386125598,0.054157227955365386,0.016246684350132625,0.0030073759853113426,0.003714110839083018,0.0
Serratia,0.0,0.0,0.0,0.0,0.0,7.45031570712809e-05,0.003011573891819542,0.0009771651923472537,0.0,0.0,0.0,0.0,0.00019226063550879157,0.0010898033080803643,0.0,0.0,5.648680327058591e-05,0.0,0.0,0.0,0.0,0.0,0.001799149492966961,0.0,0.0010140702243630372,0.0,0.0,0.0,0.0,0.0,0.0,0.0,0.0,0.0001100715465052284
Snodgrassella,0.0,0.0,0.0,0.0,0.0,0.0001490063141425618,0.0,0.0002057189878625797,0.0,0.000978834477671225,0.00011559739080175047,0.00031357792411414236,0.0006292166253014996,0.0002812395633755779,0.0,0.0,0.0005083812294352732,0.0,0.0,0.0,0.0,4.632417658776115e-05,0.0,0.0,0.0,0.0,0.00018407600923211985,0.0,0.0,0.0,0.0,0.0,0.00023647896728243935,0.0
Sodalis,0.0,0.0,0.0,0.00012305168170631667,0.0,0.00011175473560692134,0.0,0.0030000685729959543,0.00035819697968306733,0.0,0.0,0.0,0.0,0.0004921692359072613,0.0,0.00046486075307442,0.000593111434341152,0.00030696817763225213,0.0,0.0,0.002513082813470124,0.0,0.0,0.00019652156824211456,0.0,0.0006126540917867221,0.0,0.0,0.0001878042790482657,0.00033559862404564144,0.0,0.0,0.0,0.0
Solirubrobacter,0.0,0.0,0.0,0.0,0.0,0.0,0.002283284780725927,0.00015428924089693478,0.0,2.8372013845542756e-05,0.00018165304268846503,0.0,0.0002971300730590415,0.00015819725439876256,0.0,0.0,0.0,0.0,0.0,0.0,0.0003991366821393726,0.0,0.0,0.0,0.0,0.0,2.8319386035710747e-05,0.0,0.0,0.0,0.0,0.00533413530026275,6.955263743601157e-05,0.0008805723720418272
Solobacterium,0.00045829514207149406,0.00016811431773606052,0.00010877250231141567,6.836204539239814e-05,0.0,0.0,0.0,0.0001714324898854831,0.0001719345502478723,0.0,0.0002807365205185369,0.0,0.0002621735938756248,0.00026366209066460425,0.00029923616032758485,0.0002676471002549691,0.0,0.00011694025814561986,0.0,0.00012739935450993716,0.00029565680158472046,0.0,0.0,0.0,0.0,0.0001485222040695084,0.0,0.0,4.333944901113824e-05,9.788293201331208e-05,0.0006480588377140101,0.0,0.0,0.0
Sphingobacterium,0.0,2.8019052956010088e-05,0.0,0.0,0.0,0.00048427052096332583,0.0006692386426265649,5.142974696564493e-05,0.0,0.0,0.00013211130377342912,0.0,0.0002446953542839165,0.00015819725439876256,0.0,0.0,0.0,0.0,0.0,0.0,0.0030009165360849127,0.0,7.26929088067459e-05,0.0,0.0,0.0,0.0,0.0,0.0,0.0,0.0,0.0015511728766342714,0.0,0.0
Sphingobium,0.0,0.0,0.0,0.0,0.00021357937677537857,0.0002980126282851236,0.00019683489489016613,0.0002914352328053213,0.0,0.0,0.00034679217240525143,0.0,0.00040199951060929145,0.00024608461795363063,0.0,0.0,0.0,0.0,0.00012515252964550547,0.0,0.0003547881619016645,0.0,0.004561480027623305,0.0,0.0018802552076731315,0.0,0.0,0.0,0.0,0.00012584948401711554,0.0,0.0,0.0,0.0
Sphingomonas,0.0017803003595854192,0.0002661810030820958,0.00028552781856746613,0.0,0.00023493731445291643,0.002756616811637393,0.01116053854027242,0.0010800246862785435,0.00014327879187322692,0.0024967372184077625,0.001882586078771365,0.00047036688617121356,0.0018177369175376656,0.0009316060536816017,0.0,0.00016904027384524362,0.0,0.0003800558389732645,0.0,0.00012739935450993716,0.0030896135765603287,0.0003860348048980096,0.0005633700432522808,2.807450974887351e-05,6.337938902268983e-05,0.0,0.00016991631621426448,0.0,0.00010112538102598922,0.0002516989680342311,0.0011906197251024837,3.165658931906676e-05,0.000486868462052081,0.008842414235920014
Staphylococcus,0.000493548614538532,9.80666853460353e-05,0.00019035187904497744,8.203445447087777e-05,0.0,0.0016763210341038202,0.011573891819541769,0.005125831447575945,0.0,0.0,0.0020312112955164726,0.0,0.00291886601181529,0.0020038318890509923,0.0037798251830852823,0.0,0.0,0.0,0.0,0.0,0.007125328918191763,0.0,0.06193435830334751,9.826078412105728e-05,0.059238602273207416,9.282637754344274e-05,0.00022655508828568597,0.0,0.0,2.7966552003803452e-05,0.010519652761032072,0.05232834214441736,0.00026430002225684396,0.025371491469455144
Stenotrophobacter,0.00035253472467038,0.0,0.0,0.0,0.0,3.725157853564045e-05,0.0021061333753247774,0.0,0.0,0.0,0.0003302782594335728,0.0,0.0002446953542839165,0.0002812395633755779,0.0,0.0,0.0,0.0,0.0,0.0,0.00042870236229784465,0.0,0.0,0.0,0.0,0.0,5.6638772071421493e-05,0.0,0.0,0.0,0.0,0.0,0.0,0.001192441753806641
Stenotrophomonas,0.0,0.0,0.00017675531625605047,0.0,0.0,0.0020115852409245843,0.0009054405164947641,0.00253720085030515,0.0,0.0,0.0018990999917430436,0.0,0.0018701716363127906,0.0014061978168778892,0.0014961808016379242,0.0,0.0,0.0,0.0,0.0,0.0,0.00013897252976328346,0.0,0.0,0.0048802129547471165,0.0,0.0,0.0,0.0,0.0,0.0009796238244514106,0.0,0.0,0.0026417171161254816
Stomatobaculum,0.00042304166960445606,0.0,0.0008565834557023984,0.0002324309543341537,0.0,0.0005028963102311461,0.0,0.0,0.00021491818780984038,0.002255575100720649,0.0,0.0,0.0001573041563253749,0.0,0.0,0.0,0.00015533870899411126,0.0,0.0,0.0,0.0,0.0,0.0,0.00018248431336767782,0.0,0.0002227833061042626,8.495815810713224e-05,0.0,0.00039005504110024413,0.0007970467321083984,0.0004069206655413552,4.7484883978600146e-05,0.0,0.0
Streptococcus,0.12938024395402947,0.1613897450266181,0.14208408114428672,0.15842220399234344,0.13278229854125287,0.10283298254763545,0.025431068419809463,0.037406569293012414,0.09343210018053127,0.10426715088236962,0.1758896870613492,0.16267974734578686,0.06210018526933967,0.1190522226714243,0.2062524608236869,0.11342602375015848,0.049821360484656775,0.03902881115610063,0.22245862144488596,0.05073325406262386,0.03549359903024569,0.19706304720433596,0.009868062370515756,0.07004590182343941,8.450585203025309e-05,0.055862914005643846,0.09193888676493493,0.13738189785019855,0.18323919041909248,0.39174147719327684,0.29001386544489993,0.039317483934280924,0.19316158468729133,0.01480462300495322
Streptomyces,0.0016216597334837483,9.80666853460353e-05,0.0,0.0,0.0,0.000670528413641528,0.003405243681599874,0.00030857848179386956,0.0005444594091182623,0.0,0.0002972504334902155,0.0,0.0003146083126507498,0.00017577472710973615,0.0,0.0,0.0,0.0,0.0,4.246645150331238e-05,0.00023652544126777638,3.0882784391840767e-05,0.010922109548213571,0.0,0.0,0.0,0.0,0.0,0.0,0.0,0.000904268145647456,0.0,0.0,0.0024582645386167674
Subdoligranulum,0.000141013889868152,0.00018212384421406556,0.0,0.0,0.0,0.00026076104974948316,0.0019289819699236281,0.00027429198381677297,2.8655758374645386e-05,0.0,0.0001651391297167864,0.0,0.0007690425420351663,0.0002109296725316834,0.0,0.0,0.0,0.0,0.0,0.0,0.0,0.0,0.0,0.0,0.0,0.0,0.0,0.0,0.0,0.0,0.0,0.0,0.0,0.0
Subgroup_10,0.00010576041740111402,0.0,0.0,0.0,0.00017086350142030287,0.0005215220994989663,0.0025785371230611764,0.00044572447370225607,0.0,0.0,0.0,0.0,0.0002446953542839165,8.788736355486808e-05,0.0,0.0,0.0,0.0,0.0,0.0,0.0,0.00010808974537144268,0.0,0.0,0.0,0.0,0.0,0.0,0.00026003669406682946,0.0,0.0,0.0,0.0,0.0044395523757108785
TM7a,0.00070506944934076,0.00014009526478005044,0.0003807037580899549,0.0010117582718074925,0.0,0.00020488368194602246,0.0,0.00018857573887403142,0.0010029515431125885,0.0014327866991999093,0.0007100982577821815,6.719526945303051e-05,0.0004369559897927081,0.0005097467086182349,0.002330892196235924,0.00042260068461310907,0.00016946040981175774,0.00033620324216865707,0.00017208472826257001,0.0015146367702848084,0.0003252224817431925,0.0016213461805716404,0.0,0.0010949058802060669,0.0,0.0,0.0007504637299463348,0.00027386005751061206,0.0014157553343638492,0.001076712252146433,0.000693272244996383,0.0006806166703599354,0.0,0.003962575674188222
TM7x,0.001286751745046887,0.0007284953768562622,0.0005710556371349323,0.0016680339075745146,0.0,0.001415559984354337,0.0,0.0,0.0003008854629337765,0.0001986040969187993,0.0,0.0,0.00012234767714195825,8.788736355486808e-05,0.0,0.0,0.0006354765367940914,0.002484980485594422,0.00025030505929101094,0.0006086858048808108,0.0015374153682405464,0.0,0.0,0.0032004941113715803,0.0,0.00012995692856081984,0.0,0.0,0.0019502752055012207,0.0019157088122605363,0.0008590547383650832,0.004732660103200481,0.0008902737591809482,0.0
Tannerella,5.288020870055701e-05,0.0008265620622022975,0.0036438788274324252,0.011074651353568499,6.407381303261357e-05,5.587736780346067e-05,0.0,0.0015428924089693479,0.000186262429435195,0.0016030187822731658,0.0002146808686318223,0.0004479684630202034,0.0002796518334673332,0.00038670439964141954,0.00044097960469328295,4.2260068461310905e-05,0.0029231920692528207,0.029995176214351493,0.0020963048715622163,0.0056763490176094215,0.0033704875380658134,0.0048331557573230806,0.0,0.009418998020747063,0.0,0.0009096984999257388,0.004049672203106636,0.0011912912501711626,0.011427168055936783,0.009270911989260845,0.0016728960694477935,0.0030073759853113426,0.0017805475183618963,0.0
Terrimonas,0.0,0.0,8.157937673356176e-05,0.0,0.0,0.00020488368194602246,0.0013778442642311628,0.00015428924089693478,0.0,0.0,0.00014862521674510775,0.0,0.0002796518334673332,0.0002109296725316834,0.0,0.0,0.0,0.0,0.0,0.0009767283845761848,0.0,0.0,0.0,0.0,0.0,0.0,0.0,0.0,0.0,0.0,0.0,0.0,0.0,0.0007154650522839846
Treponema,0.0016569132059507862,0.010170916223031661,0.0025017675531625607,0.0062209461307082305,0.0006407381303261357,9.312894633910112e-05,0.00021651838437918274,0.0030000685729959543,0.003180789179585638,0.0010781365261306247,0.007678969531830567,0.0028893965864803116,0.000489390708567833,0.02177848868889631,0.01190644932671864,0.00340897885587908,0.06911160380156187,0.084825539752379,0.04150370764369075,0.02625842251288149,0.02461342873192798,0.04025570945476444,0.0,0.00899788037451396,0.0,0.00881850586662706,0.09244863571357773,0.004861016020813364,0.006342006038629895,0.03474844086472579,0.0643236074270557,0.013454050460603375,0.005870242599599377,0.0007521555677857274
Turicibacter,0.0,0.0,0.0,0.0,0.0,0.0012851794594795954,0.00045272025824738207,0.00030857848179386956,0.0,0.0,0.0006770704318388242,0.0,0.000489390708567833,0.0004218593450633668,0.0,0.0,0.0,0.0,0.0,0.0,0.0011234958460219378,0.0,0.0,0.0,0.0,0.0,0.0,0.0,0.0,0.0,0.0,0.0,0.0,0.0
UCG_002,0.00035253472467038,0.0,0.0,0.0,0.0,0.0,0.0004133532792693489,0.00012000274291983816,7.163939593661346e-05,0.0,8.25695648583932e-05,0.0,0.0008739119795854161,0.00012304230897681532,0.0,0.0,0.0,0.0,0.0,0.0,0.0,0.0,0.0,0.0,0.0,0.0,0.0002548744743213967,0.0,0.0,0.0,0.0016578249336870027,0.0,0.0,0.000733810310034856
UCG_005,0.000299654515969823,0.00011207621182404035,0.0,0.0,0.0,0.0005587736780346067,0.007755294858672546,0.00037715147774806284,0.0,0.0,0.0002146808686318223,0.0,0.00019226063550879157,0.0001054648362658417,0.0,0.0,0.0,0.0,0.0,0.0,0.00044348520237708067,0.0,0.005742739795732926,0.0,0.0,0.0,0.0,0.0,0.0,0.0,0.0,0.0,0.0,0.0
Unclassified 67_14,0.000370161460903899,0.0002801905295601009,0.0,0.0,0.0,0.0004656447316955056,0.005649161483347768,0.00042858122471370775,0.0,0.0,0.00023119478160350094,0.0,0.000489390708567833,0.00019335219982070977,0.0,7.043344743551818e-05,0.0,0.0,0.0,7.077741917218731e-05,0.0004582680424563167,0.0,9.086613600843237e-05,0.0,0.012189969155364008,0.0,0.0,0.0,0.0,0.0,0.0,0.0001741112412548672,0.0,0.0033755274261603376
Unclassified A4b,0.0,0.0,0.0,0.0,0.00032036906516306785,0.0005960252565702472,0.005767262420281868,0.0004114379757251594,0.0,0.0,0.0014532243415077202,0.0,0.0005068689481595414,0.0012480005624791268,0.0,0.0,0.0,0.0,0.0,0.0,1.4782840079236024e-05,0.0,0.0,0.0,4.2252926015126546e-05,0.0,0.0,0.0,0.0,0.0,0.0,1.582829465953338e-05,0.00029212107723124864,0.004714731241973949
Unclassified Absconditabacteriales__SR1,0.0,0.0010787335388063883,8.157937673356176e-05,0.0,0.0004058008158732193,0.00011175473560692134,0.0,0.0025200576013166016,0.00015760667106054963,0.0006525563184474834,0.0002972504334902155,0.0,8.739119795854161e-05,0.00038670439964141954,0.0,0.004366873741002127,0.0003954076228941014,0.00458990513221558,0.00037545758893651636,0.00042466451503312384,0.0,0.0007411868254041784,0.0,0.00023863333286542484,0.0,0.0,0.0,0.0,0.0001878042790482657,5.5933104007606904e-05,0.0005576320231492645,0.0,0.0006259737369241041,0.0
Unclassified Acidimicrobiia,0.000669815976873722,0.0,0.0,0.00016406890894175554,0.0,0.0001490063141425618,0.005924730336194,0.0001714324898854831,0.0,0.0,0.0002146808686318223,0.0,0.00020973887510049988,0.00015819725439876256,0.0,0.0,0.0,0.0,0.0,0.0,0.0,0.0,0.010867589866608513,0.0,0.0,3.71305510173771e-05,0.0,0.0,0.00023114372805940395,0.0,0.0,3.165658931906676e-05,0.0,0.0
Unclassified Acidobacteriales,0.001286751745046887,0.00018212384421406556,0.0,4.1017227235438884e-05,0.0,0.00013038052487474158,0.00116132587985198,0.00030857848179386956,0.0,0.005163706519888782,0.0007431260837255387,0.00031357792411414236,0.0004719124689761247,8.788736355486808e-05,0.0,0.0,0.0,0.0,0.0004693219861706455,0.0,0.0,0.00012353113756736307,0.0,0.0,0.004901339417754679,0.0,0.0002973535533749628,0.0006024921265233465,0.00023114372805940395,0.0,0.001115264046298529,0.0,0.0009180948141553528,0.0007154650522839846
Unclassified Actinobacteria,0.00017626736233519,0.0,0.0,0.0,0.0,0.00044701894242768535,0.003208408786709708,0.00018857573887403142,0.0,0.0,0.00014862521674510775,0.0006271558482282847,0.00017478239591708322,0.00017577472710973615,0.0,7.043344743551818e-05,0.0,0.0,0.0,0.0005237529018741861,0.0,0.0,0.0015447243121433504,0.0,0.0,0.0,0.0,0.0,0.0,5.5933104007606904e-05,0.0,0.0027541232707588084,0.0,0.002531645569620253
Unclassified Actinobacteriota,3.5253472467038e-05,0.00018212384421406556,0.0,0.0,0.00029901112748553,7.45031570712809e-05,0.00122037634831903,0.0002914352328053213,0.0,0.0,0.00019816695566014366,0.0,0.00010486943755024994,0.00024608461795363063,0.0,0.0,0.00015533870899411126,0.0,0.0,0.0,0.0,0.0,3.634645440337295e-05,0.0,4.2252926015126546e-05,0.0,0.0,0.0,0.0,0.0,0.0,0.0027224666814397416,0.00022256843979523704,0.001100715465052284
Unclassified Alphaproteobacteria,0.0016216597334837483,0.0001961333706920706,0.0,0.0,0.0002562952521304543,0.0005215220994989663,0.005924730336194,0.0003600082287595145,2.8655758374645386e-05,0.0013192986438177383,0.000412847824291966,0.0,0.00036704303142587476,0.0006679439630169975,0.0,0.0,5.648680327058591e-05,0.0,1.5644066205688184e-05,0.0,0.0,0.0003705934127020892,0.0002180787264202377,0.0,2.1126463007563273e-05,0.0,0.0,0.00013693002875530603,0.00027448317707054216,0.0,0.0,0.002405900788249074,0.0006259737369241041,0.0013392038158136122
Unclassified Anaerolineaceae,0.00017626736233519,0.0,0.0,0.0,0.00042715875355075713,0.0009499152526588314,0.003523344618533974,0.00044572447370225607,0.0,0.0006809283322930261,0.0007431260837255387,0.0,0.00041947775020099976,0.00024608461795363063,0.0,0.0,0.0,0.0,0.0,0.0,0.00025130828134701237,0.00021617949074288537,3.634645440337295e-05,0.0,0.008661849833100942,0.0,0.0,0.0,8.667889802227648e-05,0.0,0.0,0.006062236854601285,0.0,0.0028251696936341954
Unclassified Anaerolineae,0.00045829514207149406,0.0,0.0,0.0,0.0,0.00011175473560692134,0.002342335249192977,8.571624494274155e-05,0.0,0.0,0.0006440426058954669,0.0,0.00040199951060929145,0.0001054648362658417,0.0,0.0,0.0,0.0,0.0,0.001104127739086122,0.0,0.000200738098546965,0.0,0.0,0.0,0.0,0.0,0.0,0.0,0.0,0.0,0.0,0.0,0.0024032287653641534
Unclassified Anaerovoracaceae,0.000123387153634633,0.0002241524236480807,0.0,0.00010937927262783702,0.0,0.0,0.0008857570270057476,0.0,0.0002005903086225177,9.930204845939965e-05,8.25695648583932e-05,0.0,0.0,0.0,3.149854319237735e-05,0.0,0.0,0.0011109324523833886,0.0004223897875535809,0.0008776399977351225,0.00017739408095083226,0.00013897252976328346,3.634645440337295e-05,0.00022459607799098807,0.0,0.0001113916530521313,0.0008071025020177562,0.0,0.0,0.00020974914002852587,0.0006028454304316373,0.0,0.0,0.002201430930104568
Unclassified Archaea,7.0506944934076e-05,2.8019052956010088e-05,6.79828139446348e-05,0.0,0.00010678968838768928,0.008009089385162696,9.841744744508306e-05,0.004525817732976754,0.0,0.0,0.0032202130294773346,0.0005375621556242441,0.004561820533435872,0.004095551141656852,0.0,0.0,0.0,5.847012907280993e-05,0.0,2.8310967668874922e-05,0.0,6.176556878368153e-05,0.0,0.0,0.0,0.0,0.0,1.3693002875530605e-05,0.0,0.0,0.0001356402218471184,0.0007755864383171357,0.0,0.0
Unclassified B1_7BS,0.000158640626101671,0.0,0.0,0.0,0.0,0.000167632103410382,0.0009644909849618141,0.0,0.0,0.0,0.0,0.0,0.0,0.0,0.0,0.0,0.0,0.0,0.0,0.0,0.0,0.0,0.0047432122996401704,0.0,0.0,0.0,0.0,0.0,0.0,0.0,0.0,0.0,0.0,0.0
Unclassified Bacilli,0.0,0.0,0.0,0.0,0.0,3.725157853564045e-05,5.905046846704984e-05,0.00010285949393128986,0.0,0.0,6.605565188671456e-05,0.0,0.0,0.0001054648362658417,0.0,0.0,0.00026831231553528306,0.003274327228077356,0.00031288132411376365,0.00024064322518543683,0.0003547881619016645,0.00026250366733064656,0.0,0.00018248431336767782,0.006887226940465627,0.00016708747957819693,0.0006655055718392026,0.0,8.667889802227648e-05,0.00033559862404564144,0.0010399083674945745,0.0047010035138814145,1.3910527487202315e-05,0.005246743716749221
Unclassified Bacteria,0.012232954946062188,0.002984029139815074,0.001373252841681623,0.0018321028165162701,0.004207513722474958,0.2598483860753599,0.08615463349342571,0.19466159226496604,0.004040461930824999,0.010483459115928049,0.13331681942036167,0.004681270438561125,0.2074667039535778,0.20157845704944544,9.449562957713205e-05,0.0009860682640972546,0.003954076228941014,0.0035228252766367984,0.0022058133350020335,0.006879565143536606,0.020400319309345712,0.001976498201077809,0.0689310507759968,0.00021055882311655133,0.023894029661554062,0.0019307886529036091,0.0017982810132676323,0.0016842393536902643,0.002802617702720273,0.0015940934642167967,0.015417771883289124,0.025594352464465477,0.0065657689739594925,0.07022564667033572
Unclassified Bacteroidales,0.000370161460903899,0.0,0.0,2.7344818156959256e-05,0.0,3.725157853564045e-05,0.0019092984804346114,0.00015428924089693478,0.00015760667106054963,0.0,0.000412847824291966,0.0,0.0007515643024434579,0.0002109296725316834,0.0003464839751161509,0.0,0.0,0.0,0.0,0.0,0.0,9.26483531755223e-05,3.634645440337295e-05,0.0,0.004140786749482402,0.0,0.0,0.0,0.0,0.0,0.0006329877019532192,0.0,0.0,0.00038525041276829937
Unclassified Bacteroidia,0.000299654515969823,4.202857943401513e-05,0.0014820253439930386,9.57068635493574e-05,0.0,0.0009499152526588314,0.0008070230690496811,0.00022286223685112803,2.8655758374645386e-05,0.0,0.0004293617372636446,0.0004479684630202034,0.000489390708567833,0.00024608461795363063,0.0004567288762894716,0.0,0.0,0.000394673371241467,0.0005788304496104628,0.0,0.0,0.00030882784391840767,0.0,0.0,0.0,0.0,0.0005380683346785041,0.0,0.0,0.00011186620801521381,0.0,0.0,0.00012519474738482083,0.0
Unclassified Beijerinckiaceae,0.0,0.0,0.0,0.0,0.0,0.0011175473560692134,0.0007479726005826313,0.0015428924089693479,0.0,0.0,0.0013376269507059699,0.0,0.0017478239591708323,0.001371042871455942,0.0,0.0,0.0,0.0,0.0,0.0,0.0,0.0,0.0,0.0,0.0,0.0,0.0,0.0,0.0,0.0,0.0,0.0,0.0,0.0
Unclassified Burkholderiales,0.0,0.0,0.0,0.0,0.0,0.0002980126282851236,0.001968348948901661,0.0001714324898854831,0.0,0.0,0.00011559739080175047,0.0,0.0009962596567273745,0.0002109296725316834,0.0,0.0,0.0,0.0,0.0,0.0,0.0,0.0,0.0,1.4037254874436755e-05,0.004056280897452149,0.0,0.0,0.0,0.0,0.0,3.0142271521581867e-05,0.0,0.0,3.66905155017428e-05
Unclassified Caldilineaceae,0.000141013889868152,0.0,0.0,0.0,0.0,0.001247927880943955,0.0004330367687583655,3.428649797709662e-05,0.0,0.0011490665607444817,0.00014862521674510775,0.0008959369260404067,0.0006117383857097913,0.0002812395633755779,0.0,0.0,0.0006354765367940914,0.0,9.386439723412909e-05,0.0,0.0,0.0,0.0,0.0,0.0,0.0,0.0,0.00021908804600848968,0.0,2.7966552003803452e-05,0.0,0.0,0.0,0.0
Unclassified Candidatus_Adlerbacteria_bacterium_GW2011_GWC1_50_9,0.0,0.0,0.0,0.0,0.0,0.00013038052487474158,0.0,3.428649797709662e-05,0.0,0.0,0.0,0.0,0.0,5.273241813292085e-05,0.0,0.0,0.0,0.0,0.0,0.0,0.0007243591638825651,0.0,0.0,0.0,0.0,0.0,0.0,0.0,0.0,0.0,0.0,0.0037354775396498782,0.0,0.0
Unclassified Candidatus_Campbellbacteria,5.288020870055701e-05,0.0,0.0,0.0,0.0,0.002998752072119056,0.0,0.0012857436741411231,0.0,0.0,0.0027413095532986542,0.0,0.003093648407732373,0.0008612961628377072,0.0,0.0,0.0,0.0,0.0,0.0,0.0,0.0,0.0,0.0,0.0,0.0,0.0,0.0,0.0,0.0,0.0,0.0,0.0,0.0
Unclassified Candidatus_Falkowbacteria,0.0,0.0,0.0,0.0,0.0,0.0027379910223695727,0.0,0.0015257491599807995,0.0,0.0,0.0006275286929237883,0.0,0.0030062572097738316,0.00026366209066460425,0.0,0.0,0.0,0.0,0.0,0.0,0.0,0.0,0.001217606222512994,0.0,0.0,0.0,0.0,0.0,0.0,0.0,0.0,0.0,0.0,0.0
Unclassified Candidatus_Nomurabacteria,0.0,0.0,0.0,0.0,0.0,0.0008195347277840898,0.0,0.00044572447370225607,0.0,0.0,0.000776153909668896,0.0,0.002009997553046457,0.000685521435727971,0.0,0.0,0.0,0.0,0.0,0.0,0.0,0.0,0.0,0.0,0.0,0.0,0.0,0.0,0.0,0.0,0.0,0.0,0.0,0.0
Unclassified Candidatus_Saccharibacteria_bacterium_UB2523,1.7626736233519e-05,0.00030820958251611097,0.00025833469298961224,6.836204539239814e-05,0.0,3.725157853564045e-05,0.0,0.00018857573887403142,7.163939593661346e-05,0.0,1.651391297167864e-05,0.0,3.495647918341665e-05,0.0,0.0003622332467123396,0.0,0.00024006891389999013,0.00036543830670506206,0.00020337286067394637,0.0011749051582583092,0.0014930668480028382,0.0,0.0,5.614901949774702e-05,0.0,0.0,0.00011327754414284299,0.0,0.0008812354632264775,0.0005733143160779708,0.000904268145647456,0.0,5.564210994880926e-05,0.0
Unclassified Chitinophagaceae,0.000722696185574279,4.202857943401513e-05,0.0,0.0,0.0,0.00048427052096332583,0.004074482324226439,0.00024000548583967633,0.00021491818780984038,0.0,0.00026422260754685825,0.0,0.0001398259167336666,0.00015819725439876256,0.0,0.0,0.0,0.0002484980485594422,0.0,0.0,0.0030896135765603287,0.0,0.0006178897248573402,0.0,0.0008661849833100943,0.0,0.0,0.0,0.0,0.0,0.0,0.0,0.0,0.0
Unclassified Chloroflexi,0.0017803003595854192,0.0007985430092462875,0.0,0.0,0.0,0.0015086889306934381,0.005353909141012519,0.000942878694370157,0.0,9.930204845939965e-05,0.001601849558252828,0.0,0.0009613031775439578,0.000597634072173103,0.0,0.00029582047922917633,0.0,0.0,0.0,0.0005095974180397486,8.869704047541613e-05,0.0,0.005797259477337986,0.0,0.00458444247264123,0.0,0.0,0.0,0.0,0.0,0.003345792138895587,3.165658931906676e-05,0.0,0.0021647404146028252
Unclassified Clostridia,0.000334907988436861,0.0,0.0,0.0,0.0,0.00027938683901730334,0.005176757735611369,0.0002914352328053213,0.0003438691004957446,0.0,0.00013211130377342912,0.0,0.00020973887510049988,0.0002812395633755779,0.0,0.0,0.0,0.0,0.0,0.0,0.0009165360849126334,0.0,5.4519681605059426e-05,0.0,0.004183039675497528,0.0,0.0,0.0,0.0,0.0,0.0012358331323848565,0.0,0.0,0.0013575490735644835
Unclassified Clostridia_UCG_014,0.00022914757103574703,0.0001961333706920706,6.79828139446348e-05,4.1017227235438884e-05,0.0,0.003520274171618022,0.008522950948744194,0.00042858122471370775,0.0,0.0,0.0007431260837255387,4.4796846302020335e-05,0.0007690425420351663,0.0005800565994621294,0.00011024490117332074,0.0004085139951260054,0.0,0.00029235064536404967,3.128813241137637e-05,0.0005095974180397486,0.0011826272063388819,4.632417658776115e-05,3.634645440337295e-05,0.0,0.003887269193391642,0.0,2.8319386035710747e-05,0.0,0.0,8.389965601141036e-05,0.002125030142271522,0.0,6.955263743601157e-05,0.003687396807925151
Unclassified Clostridia_vadinBB60_group,0.000141013889868152,0.0,0.0,0.0,0.0,0.00020488368194602246,0.0022636012912369105,5.142974696564493e-05,0.0,0.0,0.00011559739080175047,0.0,5.243471877512497e-05,3.5154945421947234e-05,0.0,0.0,0.0,0.0,0.0,0.0006936187078874356,0.0028974366555302605,0.0,0.0,0.0,0.0,0.0,0.0,0.0,0.0,0.0,0.00678201109235592,0.0,0.0,0.002439919280865896
Unclassified Clostridiales_bacterium_feline_oral_taxon_148,8.8133681167595e-05,0.0,8.157937673356176e-05,0.0006289308176100629,0.0,0.0,0.0,0.0,0.00010029515431125885,0.0,0.0007596399966972174,0.00024638265466111185,0.0,0.0006503664903060238,0.0001889912591542641,0.00018312696333234728,0.004631917868188044,0.005452339536039526,0.00025030505929101094,0.0,0.0,0.004323589814857707,0.0035619525315305493,0.0002526705877398616,0.0,0.0,0.005678036900160005,0.0,7.223241501856373e-05,0.001118662080152138,0.0,0.0,0.0005564210994880925,0.0
Unclassified Clostridiales_bacterium_oral_taxon_075,0.00010576041740111402,0.00040627626786214627,1.3596562788926959e-05,0.0002324309543341537,0.0,0.0,0.0,0.0,1.4327879187322693e-05,0.0,0.0,0.0006943511176813153,0.0,0.0,0.0001889912591542641,8.452013692262181e-05,0.0003530425204411619,0.005437722003771323,0.00025030505929101094,0.0,0.0,0.00026250366733064656,0.0,0.0005614901949774703,0.0,0.0001113916530521313,0.0,0.0,0.0007656635991967755,0.00013983276001901726,0.0,0.0,0.00043122635210327177,0.0
Unclassified Cyanobacteriales,0.000546428823239089,0.0,0.0,6.836204539239814e-05,0.0,0.013559574586973122,0.002539170144083143,0.0013371734211067683,0.0,0.0,0.0038312278094294445,4.4796846302020335e-05,0.001677911000803999,0.001371042871455942,0.0,0.0,0.0006072331351587985,0.0,0.0,0.0,0.002690476894420956,0.0,5.4519681605059426e-05,0.0,0.0,0.0,0.0,0.0,0.0,0.0,0.00042199180130214614,0.0,0.0,0.003302146395156852
Unclassified Cyanobacteriia,0.0,0.0,0.0,0.0,0.0,0.000670528413641528,0.000866073537516731,0.0005314407186449976,0.0,0.0,0.0008752373874989679,0.0,0.0011535638130527493,3.5154945421947234e-05,0.0,0.0,0.0,0.0,0.0,0.0,0.0,0.0,0.0,0.0,0.0,0.0,0.0,0.0,0.0,0.0,0.0,0.0,0.00013910527487202314,0.0
Unclassified Dehalococcoidia,0.000387788197137418,0.0,0.0,0.0,0.0,0.00048427052096332583,0.0010038579639398474,0.00015428924089693478,0.0,0.0,3.302782594335728e-05,0.0,3.495647918341665e-05,0.0006679439630169975,0.0,0.0,0.0,0.0,0.0,0.0,0.00042870236229784465,0.0,0.0,0.0,0.0,0.0,0.0,0.0,0.0,0.0,0.0,0.0,0.0,0.002513300311869382
Unclassified Desulfobacterota,0.0,0.0,0.0,0.0,0.0,3.725157853564045e-05,0.000354302810802299,0.0,0.0,0.0,0.0,0.0,0.0,0.0,0.0,0.0,0.0,0.0,0.0,0.0,0.0,0.0,0.0,0.0,0.004098533823467275,0.0,0.0,0.0,0.0001878042790482657,0.0,0.0,0.0,0.0,0.0
Unclassified Desulfovibrionaceae,0.0,0.0,0.0,0.0,0.0,3.725157853564045e-05,0.0010825919218959137,0.0003600082287595145,0.0,0.0,0.00026422260754685825,0.0,0.0002272171146922082,0.0002109296725316834,0.0,0.0,0.0,0.00011694025814561986,0.0,0.0,0.0,0.0,0.0,0.0,0.0,0.0,0.0,0.0,0.0,0.0,0.0,0.0,0.0,0.0020913593835993395
Unclassified Elsterales,0.001180991327645773,0.0007425049033342673,0.0,0.0,0.0005553063796159842,0.000335264206820764,0.0013581607747421463,0.00012000274291983816,0.0,0.004879986381433354,0.0002972504334902155,0.0,0.0,0.0002109296725316834,3.149854319237735e-05,0.0,0.0008190586474234957,0.0,6.257626482275274e-05,0.00038219806352981145,0.0010052331253880495,0.00041691758928985036,0.0,0.0,0.0,0.0,0.0004106310975178058,0.0,0.0002166972450556912,8.389965601141036e-05,0.0008439836026042923,0.0,0.0019752949031827285,0.0009722986607961842
Unclassified Enterobacteriaceae,0.0,0.0,0.0,0.0,0.0,0.0,0.0004724037477363987,6.857299595419324e-05,0.0,0.0,3.302782594335728e-05,0.0,0.0,0.0,0.0,0.0,0.0,0.0,0.0,0.0,0.0,0.0,0.0044342674372115,0.0,0.007605526682722779,0.0,0.0,0.0,0.0,0.0,0.0,0.0,0.0,3.66905155017428e-05
Unclassified F082,0.00021152083480222803,0.00014009526478005044,0.0,0.0,0.0,9.312894633910112e-05,0.0,0.00013714599190838648,0.0,0.0,0.00019816695566014366,0.0007167495408323254,0.0002796518334673332,0.00017577472710973615,0.0,0.0,0.0,0.0,0.0,0.0,0.0022026431718061676,0.0,0.005633700432522808,0.0,0.0,0.0,0.0,0.0,0.0,0.0,0.00037677839401977333,0.0,2.782105497440463e-05,0.0028251696936341954
Unclassified Gaiellales,0.00158640626101671,0.00030820958251611097,0.0,0.0,0.0,0.00018625789267820225,0.003700496023935123,0.0015428924089693479,0.0,0.00041139420076036996,0.0005449591280653951,0.00013439053890606102,0.0004544342293844164,0.000457014290485314,0.0,0.0,0.0,0.0,6.257626482275274e-05,0.0009201064492384349,0.0009461017650711055,0.0,0.0,0.0,0.0008661849833100943,0.0,7.079846508927686e-05,0.0,0.00014446483003712745,0.0,0.0,0.0,0.0,0.001192441753806641
Unclassified Gammaproteobacteria,0.000687442713107241,4.202857943401513e-05,0.0,0.0,0.0,0.0001490063141425618,0.0014959452011652627,0.00010285949393128986,0.0,0.0,0.0003963339113202873,0.0,0.0003146083126507498,0.00019335219982070977,0.0,0.0,0.0,0.0,0.0,0.0,0.00047305088253555275,0.0,0.0,0.0,0.0,0.0,0.0,0.0,0.0,0.0,0.0006480588377140101,0.0,0.0,0.0026050266006237385
Unclassified Gastranaerophilales,0.0,0.0,0.0,0.0,0.0,0.00026076104974948316,0.0029918904023305253,3.428649797709662e-05,0.0,0.0,6.605565188671456e-05,0.0,0.00012234767714195825,7.030989084389447e-05,0.0,0.0,0.0,0.0,0.0,0.0,0.0,0.0,0.0,0.0,0.005091477584822749,0.0,0.0,0.0,0.0,0.0,0.0,0.0,0.0,0.0
Unclassified Geminicoccaceae,0.0,0.00025217147660409076,0.0,0.0,0.0,0.00022350947121384268,0.0012991103062750965,0.00012000274291983816,0.0,0.0,0.00014862521674510775,0.0,0.0001573041563253749,7.030989084389447e-05,0.0,0.0,0.0,0.0,0.0,0.0,0.0,0.0,0.005379275251699196,0.0,0.0,0.0,0.0,0.0,0.0,0.0,0.0003315649867374005,0.0,0.0,0.00497156485048615
Unclassified Gemmataceae,0.002573503490093774,0.0009246287475483328,0.0,0.0,0.0,0.0009685410419266517,0.005531060546413669,0.0006171569635877391,0.0,0.0,0.0006605565188671456,0.0,0.0010661726150942078,0.0005624791267511557,0.0,0.0,0.0008896671515117281,0.0,0.0,0.0,5.9131360316944094e-05,9.26483531755223e-05,1.8173227201686474e-05,0.0,0.0017112435036126252,0.0,0.0,0.0,0.00033226910908539317,0.0,0.000889197009886665,0.0,0.00026430002225684396,0.00183452577508714
Unclassified Gemmatimonadaceae,0.0008989635479094691,0.0,6.79828139446348e-05,0.0,0.00036308494051814357,0.0018998305053176629,0.01858121407763168,0.0011485976822327368,0.0,0.0,0.001651391297167864,0.00047036688617121356,0.0012059985318278743,0.0014061978168778892,0.0001889912591542641,0.0,0.00032479911880586897,0.0,0.0,0.00041050903119868636,0.0008130562043579812,0.00021617949074288537,0.003598298985933922,0.0,0.0003802763341361389,0.0,8.495815810713224e-05,0.00016431603450636724,0.0,0.0,0.0014468290330359296,0.002769951565418342,0.0,0.011887727022564668
Unclassified IMCC26256,0.00047592187830501306,0.0,0.0,4.1017227235438884e-05,0.00010678968838768928,0.00024213526048166292,0.003936697897803322,0.0026743468422135365,0.0,0.0,0.00014862521674510775,0.0,0.00012234767714195825,0.00015819725439876256,0.0,0.0,0.0,0.0,0.0,5.6621935337749844e-05,0.001892203530142211,0.0,0.0,0.0,0.004753454176701736,0.0,0.00015575662319640911,0.0,0.0,0.0,0.0,0.0027224666814397416,0.0,0.0009722986607961842
Unclassified Ilumatobacteraceae,0.0,7.004763239002522e-05,0.0,0.0,0.0,0.0005401478887667864,0.0018502480119675616,0.0,0.0,0.0,0.0,0.0,3.495647918341665e-05,7.030989084389447e-05,0.0,0.0,0.0,0.0,0.0,0.0,0.0,0.0,7.26929088067459e-05,0.0,0.002070393374741201,0.0,0.0,0.0,0.0,0.0,0.0,0.0,0.0,0.0029902770133920383
Unclassified Isosphaeraceae,0.00042304166960445606,0.0005603810591202018,0.0,0.0,0.0,0.000745031570712809,0.0004133532792693489,0.0006171569635877391,0.00011462303349858154,0.0,0.0007926678226405746,0.0,0.0010661726150942078,0.0002109296725316834,0.0,0.0,0.0,0.0,0.0,0.0,0.0,0.0,9.086613600843237e-05,0.0,0.0,0.0,0.0,0.0,0.0,0.0,0.0,0.0,0.0,0.0014125848468170977
Unclassified JG30_KF_AS9,0.001180991327645773,0.0,0.0,0.0,0.000747527818713825,0.0003166384175529438,0.0015549956696323125,0.00015428924089693478,0.0,0.0,0.00013211130377342912,0.0004927653093222237,3.495647918341665e-05,0.000685521435727971,0.0,0.0,0.0,0.0,0.0,0.00039635354736424893,0.0,0.00015441392195920383,0.0,0.0,0.0,0.0,0.0,0.0,0.0,0.0,0.0,0.0,0.000486868462052081,0.0013208585580627408
Unclassified JG30_KF_CM45,0.0,0.0,0.0,0.0,0.00021357937677537857,0.013857587215258246,0.009349657507282892,0.01023451964616334,0.00012895091268590422,0.00041139420076036996,0.007992733878292461,0.0,0.010993812703184535,0.011495667152976745,1.5749271596188676e-05,0.0,0.0,0.0,0.0,0.0,0.0018626378499837389,0.0,0.0036528186675389815,0.0,0.002767566653990789,0.0,0.0,0.0,0.0,0.0,0.0,0.0,0.0,0.012474775270592552
Unclassified LWQ8,0.000299654515969823,4.202857943401513e-05,0.0,0.0,0.0,0.0008940378848553707,0.0022045508227698605,0.00022286223685112803,0.0,0.0017165068376553368,0.0002146808686318223,0.0,0.0006816513440766246,0.00024608461795363063,0.0,0.0,0.0005083812294352732,0.0,0.0,0.0,0.0009165360849126334,0.0,3.634645440337295e-05,0.0,6.337938902268983e-05,0.0,0.0,0.0,0.0,0.0,0.0,0.0,0.0007233474293345204,0.0
Unclassified Lachnospiraceae,0.0008813368116759501,0.0,5.4386251155707835e-05,0.0,0.0006407381303261357,0.0008940378848553707,0.0062790331469962995,0.000497154220667901,0.0,0.0,0.00036330608537693006,0.0,0.0006641731044849163,0.000597634072173103,9.449562957713205e-05,0.0,0.00015533870899411126,0.0001754103872184298,0.0,0.0,0.0024539514531531797,0.0,0.0,0.0,0.004140786749482402,0.0,0.0,0.00013693002875530603,0.0,0.00018178258802472244,0.004234989148782252,0.001994365127101206,0.0,0.001375894331315355
Unclassified Lactobacillales,0.0,0.0,0.0,0.0,0.0,0.0,3.9366978978033224e-05,0.0,0.0,0.0,0.0,0.0,0.0007515643024434579,0.0,0.0,0.0,0.0,0.0,0.0,0.0,0.0,0.0,0.0,0.0,0.0,0.0,0.0,5.477201150212242e-05,0.0,0.0,0.0007083433807571739,0.0027224666814397416,0.0,0.0
Unclassified Limnochordaceae,0.0,0.0,0.0,0.0,0.0,0.0001490063141425618,0.000708605621604598,0.0,0.0,0.0,3.302782594335728e-05,0.0,0.0,0.00012304230897681532,0.0,0.0,0.0,0.0,0.0,0.0,0.0011087130059427017,0.0,0.0,0.0,6.337938902268983e-05,0.0,0.0,0.0,0.0,0.0,0.0,0.00037987907182880117,0.0,0.09585397174830307
Unclassified Longimicrobiaceae,0.0,0.0,0.0,0.0,0.0,0.0001490063141425618,0.0017911975435005118,0.00013714599190838648,0.0026936412872166663,0.0,0.0003302782594335728,0.0,0.0006292166253014996,0.00014061978168778894,0.0,0.0,9.885190572352535e-05,0.0,0.0,0.0,0.0003252224817431925,0.0,0.0003634645440337295,0.0,6.337938902268983e-05,0.00020421803059557405,0.0,0.0,0.0,0.0,0.000678201109235592,0.0,0.0,0.0022197761878554392
Unclassified MWH_UniP1_aquatic_group,0.0,0.0,2.7193125577853917e-05,0.0,0.0,0.0,0.004684670498385954,0.0,0.0,0.0,3.302782594335728e-05,0.0,5.243471877512497e-05,0.0,0.0,0.0,0.0,0.0,0.0,0.0,0.0,0.0,7.26929088067459e-05,0.0,0.007457641441669835,0.0,0.0,0.0,0.0,0.0,0.0,0.0,0.0,0.0
Unclassified Microscillaceae,0.0008637100754424311,0.0,0.0,0.0,0.0001922214390978407,0.0016204436663003596,0.004409101645539721,0.0013886031680724132,0.0,0.0,0.0011064321691024689,0.0,0.0013807809277449575,0.0015468175985656782,0.0,0.0,0.0,0.0,0.0,0.0,1.4782840079236024e-05,0.0,0.0009450078144876967,0.0,0.003971775045421896,0.0,0.0,0.0,0.0,0.0,0.00025620930793344586,0.0,0.00012519474738482083,0.000550357732526142
Unclassified Microtrichales,0.00040541493337093706,0.0,0.0,0.0,8.543175071015143e-05,0.0003725157853564045,0.002893472954885442,0.00030857848179386956,0.00012895091268590422,0.0016030187822731658,0.00019816695566014366,0.0,0.00017478239591708322,0.0,0.0,0.0,0.0,0.0,0.0,0.0,0.0,0.0,0.0,0.0,4.2252926015126546e-05,0.0,0.0,0.0,0.0,0.0,0.0,0.0,0.0,0.002513300311869382
Unclassified Muribaculaceae,0.0037368680815060284,0.0002241524236480807,5.4386251155707835e-05,0.0,0.00021357937677537857,0.003948667324777887,0.02586410518856783,0.004662963724885141,0.0,0.0,0.00242754520683676,0.0,0.002429475303247457,0.002197184088871702,0.0003622332467123396,0.0,1.4121700817646478e-05,0.0001607928549502273,0.0,5.6621935337749844e-05,0.0043905035035330985,0.0,0.04256169810634972,0.0,0.01259137195250771,0.0,1.4159693017855373e-05,0.0,0.0,0.0,0.014905353267422233,0.00015828294659533381,0.0,0.04771601541001651
Unclassified NS11_12_marine_group,0.0,0.0,0.0,0.0,0.0,0.0008009089385162696,0.0019486654594126447,3.428649797709662e-05,0.0,0.0,0.00011559739080175047,0.0,8.739119795854161e-05,0.00015819725439876256,0.0,0.0,0.0,0.0,0.0,0.0,0.0,0.0001852967063510446,1.8173227201686474e-05,0.0,0.0,0.0,0.0,0.0,0.0,0.0,0.0,3.165658931906676e-05,0.0,0.001284168042560998
Unclassified NS9_marine_group,5.288020870055701e-05,0.0,0.0,0.0,0.0,0.00022350947121384268,0.0010432249429178804,0.00015428924089693478,8.596727512393615e-05,0.0011490665607444817,0.0003137643464618941,0.0004927653093222237,0.0001573041563253749,3.5154945421947234e-05,0.0,0.0,0.0,0.0,0.0,0.0,0.0,0.0,0.00536110202449751,0.0,0.0,0.0001485222040695084,0.00014159693017855372,0.0,0.0,0.0,0.0017181094767301664,0.0,0.0005425105720008903,0.0
Unclassified Nitrosopumilaceae,0.0,0.0,0.0,0.0,0.0,0.00018625789267820225,0.003405243681599874,6.857299595419324e-05,0.0,0.0,0.0,0.0,0.00012234767714195825,0.00012304230897681532,0.0,0.0,0.0,0.0,0.0,0.0,0.0,0.0,0.0,0.0,0.0030422106730891114,0.0,0.0,0.0,0.0,0.0,0.0,0.0,0.0,0.0
Unclassified Nitrososphaeraceae,0.0,0.0,0.0,0.0,0.0,0.000335264206820764,0.00021651838437918274,0.0003942947267366111,0.0,0.0,0.0005119313021220379,0.0,0.0013108679693781243,0.00012304230897681532,0.0,0.0,0.0,0.0,0.0,0.0,0.00013304556071312422,0.0,0.0,0.0,0.002176025689779017,0.0,0.0,0.0,0.0,0.0,0.00024113817217265494,0.0,0.0,0.0020363236103467255
Unclassified Oscillospiraceae,0.000564055559472608,0.0,0.0,0.0,0.0,0.0008940378848553707,0.004802771435320053,0.0002057189878625797,0.0,0.0,0.0002146808686318223,0.0003583747704161627,0.00041947775020099976,5.273241813292085e-05,0.0,0.0,0.0,0.0,0.0,0.0,2.9565680158472047e-05,0.0,0.0,0.0,0.0005915409642117716,0.0,0.0,0.0,0.0,0.0,0.003421147817699542,0.0,0.0,0.00275178866263071
Unclassified Parcubacteria,3.5253472467038e-05,0.0,0.0,0.0,0.0,0.008437482538322561,0.0,0.0053658369334156205,0.0,0.0,0.004623895632070019,0.0,0.009525640577481035,0.0023202263978485175,0.0,0.0,0.0,0.0,0.0,0.0,7.391420039618012e-05,0.0,0.0,0.0,0.0,0.0,0.0,0.0,0.0,0.0,0.0,0.0,0.0,0.0
Unclassified Pedosphaeraceae,0.00047592187830501306,0.0,0.0,0.0,0.0002562952521304543,0.00048427052096332583,0.0021258168648137944,0.0003600082287595145,0.0,0.0,0.0007100982577821815,4.4796846302020335e-05,0.0005243471877512496,0.0003515494542194723,0.00029923616032758485,0.0,0.0,0.0,0.0,9.908838684106223e-05,0.0005173994027732608,0.0,0.0,0.0,0.0,0.0,0.0,0.0,0.0,0.0,0.0,0.005065054291050682,0.0,0.001008989176297927
Unclassified Peptococcaceae,0.000282027779736304,0.0,0.0,0.0,0.0,0.0,0.0004724037477363987,1.714324898854831e-05,0.0,0.0,0.00023119478160350094,0.0,0.0,3.5154945421947234e-05,0.0,0.0,0.0,0.0,0.0,0.0,1.4782840079236024e-05,0.0,0.014938392759786282,0.0,0.0,0.0,0.0,0.0,0.0,0.0,0.0,0.0,0.0,0.0
Unclassified Pirellulaceae,0.000123387153634633,0.0,0.0,0.0,0.0,0.005941626776434651,0.00013778442642311628,0.004148666255228691,0.0,0.0,0.0031376434646189413,0.0,0.005855210263222288,0.0016347049621205463,0.0,0.0,0.0,0.0,0.0,0.0,0.0,0.0,0.0,0.0,0.0,0.0,0.0,0.0,0.0,0.0,0.0,0.0,0.0,0.0
Unclassified Prevotellaceae,0.00021152083480222803,0.0007705239562902774,0.0,6.836204539239814e-05,0.0,0.00018625789267820225,0.0016927800960554287,0.0005314407186449976,0.0,0.0,0.0011724878209891834,0.0013439053890606102,0.0006641731044849163,0.0006327890175950502,3.149854319237735e-05,0.0028032512079336235,0.0053097595074350756,0.009516013506599816,0.008072338162135102,0.0,0.0,0.015580364725683667,0.004052629665976084,9.826078412105728e-05,0.0,0.00944972523392247,0.016637639295980063,6.846501437765302e-05,0.0022103118995680502,0.00016779931202282072,0.0004672052085845189,0.011776251226692836,0.000792900066770532,0.0016327279398275546
Unclassified Propionibacteriaceae,0.0,0.0,0.0,0.0,0.00023493731445291643,0.0,0.0,0.0,0.0,0.003745105827611644,0.0002146808686318223,0.00031357792411414236,0.0009088684587688328,0.0,0.0,0.0,0.0,0.0,0.0,0.0006794632240529981,0.0,9.26483531755223e-05,0.0,0.0,0.0,0.0,7.079846508927686e-05,0.0,0.0,0.0,0.0,0.0,0.00011128421989761852,0.0
Unclassified RBG_13_54_9,0.0,0.0,0.0,0.0,0.0,5.587736780346067e-05,0.0016730966065664121,0.0002057189878625797,0.0,0.0,3.302782594335728e-05,0.0,0.00012234767714195825,5.273241813292085e-05,0.0,0.0,0.0,0.0,0.0,0.0,0.0,0.0,0.0,0.0,0.0001478852410529429,0.0,0.0,0.0,0.0,0.0,0.0,3.165658931906676e-05,0.0,0.0018712162905888828
Unclassified RF39,0.0,2.8019052956010088e-05,2.7193125577853917e-05,0.00015039649986327592,0.0,0.0003166384175529438,0.002243917801747894,0.00048001097167935265,0.0,0.0,0.00011559739080175047,6.719526945303051e-05,8.739119795854161e-05,7.030989084389447e-05,0.0,0.00016904027384524362,0.00011297360654117183,0.00014617532268202483,0.0,0.00014155483834437461,0.0,3.0882784391840767e-05,0.0,0.00023863333286542484,4.2252926015126546e-05,0.0,0.0,0.0,0.0,0.0,0.0,0.0,0.0,0.0
Unclassified Rhizobiales,0.00022914757103574703,0.0,0.0,0.0,0.0,0.00026076104974948316,0.001732147075033462,0.00010285949393128986,5.731151674929077e-05,0.0,0.0,0.0,3.495647918341665e-05,0.0008612961628377072,0.0,0.00016904027384524362,0.000296555717170576,0.0,0.0,0.0,0.0003991366821393726,0.0,0.0,0.0,0.0,0.00024134858161295114,0.0,0.0,0.0,0.0,0.0,0.0025800120295039414,0.0,0.0026784076316272243
Unclassified Rhodospirillales,0.000158640626101671,0.0,2.7193125577853917e-05,0.0,0.0,3.725157853564045e-05,0.0045075190929848045,5.142974696564493e-05,0.0,0.0,3.302782594335728e-05,0.0,3.495647918341665e-05,5.273241813292085e-05,0.0008189621230018111,2.817337897420727e-05,0.0,0.0021049246466211574,0.0014392540909233128,8.493290300662476e-05,0.0007243591638825651,0.0,3.634645440337295e-05,0.0,4.2252926015126546e-05,0.0,0.0006230264927856365,0.0,0.0,0.0,0.002034603327706776,0.0,0.00034776318718005787,0.0005687029902770134
Unclassified Rokubacteriales,0.0017450468871183812,0.0,0.0,0.0,0.000448516691228295,0.00044701894242768535,0.006613652468309582,0.0023657683604196666,0.0,0.0,0.0008091817356122534,0.0,0.0006641731044849163,0.0003515494542194723,0.0,0.0,0.0,0.0,0.0,0.0,0.0009165360849126334,0.0,0.00012721259041180533,0.0,0.0,0.0,0.0,4.107900862659181e-05,0.0,0.0002796655200380345,3.0142271521581867e-05,0.002928234512013676,0.0,0.006622638048064575
Unclassified Roseiflexaceae,0.000334907988436861,0.0,0.0,0.0,0.0,0.00026076104974948316,0.003523344618533974,0.00042858122471370775,0.0,0.0,0.0002972504334902155,0.0,0.00038452127101758313,0.0004394368177743404,0.0,0.0,0.0,0.0,0.0,0.0,0.0005617479230109689,0.0,0.0004361574528404754,0.0,0.0,0.0,0.0,0.0,0.0,0.0002516989680342311,0.0,0.0,0.0,0.000825536598789213
Unclassified Ruminococcaceae,0.0,0.00023816195012608574,0.0,0.0,0.00010678968838768928,0.000335264206820764,0.0030312573813085584,0.00010285949393128986,0.0,0.0,0.00023119478160350094,0.0,0.0002446953542839165,0.0001054648362658417,0.0,0.0,0.0,0.0,0.0,0.0,0.0,0.0,1.8173227201686474e-05,0.0,0.0,5.569582652606565e-05,0.00014159693017855372,0.0,0.0,0.0,0.0,0.0020260217164202727,0.0,0.002660062373876353
Unclassified S085,0.0,0.0,0.0,0.0,0.0,0.0,0.0009251240059837808,6.857299595419324e-05,0.0,0.0,0.0,0.0,0.0001573041563253749,0.0,0.0,0.0,0.0,0.0,0.0,0.0,1.4782840079236024e-05,0.0,0.007087558608657726,0.0,0.0,0.0,0.0,0.0,0.0,0.0,0.0,0.0,0.0,3.66905155017428e-05
Unclassified SAR202_clade,3.5253472467038e-05,0.0,0.0,0.0,0.0,0.0005215220994989663,0.00011810093693409968,0.00024000548583967633,0.0,0.0,0.00018165304268846503,0.0,0.0001398259167336666,3.5154945421947234e-05,0.0,0.0,0.0006072331351587985,0.0,0.0,0.001104127739086122,0.0,0.0,5.4519681605059426e-05,0.0,0.0,0.0,0.0,0.0,0.0,0.0002516989680342311,0.0,0.0024533856722276743,0.0,0.002201430930104568
Unclassified SBR1031,0.0,0.0,0.0,0.00017774131802023518,0.0,0.0001490063141425618,0.00464530351940792,0.0005657272166220942,0.0,0.0,0.0005119313021220379,0.0,0.00036704303142587476,0.0005097467086182349,0.0,0.0,0.0,0.0,0.0,7.077741917218731e-05,0.0013748041273689501,0.00040147619709393,0.0012539526769163667,0.0,0.004288671990535345,0.0001485222040695084,0.0,0.0,7.223241501856373e-05,0.0,0.0006480588377140101,3.165658931906676e-05,0.0011684843089249945,0.0
Unclassified SC_I_84,0.0008989635479094691,0.0,0.0,0.0,0.0,0.0009126636741231909,0.0018502480119675616,0.0003600082287595145,0.00035819697968306733,0.0,0.0011064321691024689,0.0,0.0006816513440766246,5.273241813292085e-05,0.0,0.0,0.0,0.0,0.0,0.0,0.0005765307630902049,0.0001852967063510446,0.0,0.0,0.0,0.0,0.0,0.0,0.0,0.0,0.0,0.0,0.00033385265969285556,0.0022381214456063106
Unclassified SM2D12,0.0,0.0,0.0,0.0,0.0,3.725157853564045e-05,5.905046846704984e-05,6.857299595419324e-05,0.0,0.0003262781592237417,0.0,0.0,0.0,0.0,0.0,0.0,0.0,0.0,0.0,0.0,0.0,0.0,0.004815905208446916,0.0,0.0,0.0,0.0,0.0,0.0,0.0,0.0,0.0,0.0,0.0
Unclassified SR1_bacterium_oral_taxon_875,0.000158640626101671,0.0,0.0,0.0,0.0,0.0,0.0,0.0,0.0,0.0011065085399761675,0.0006605565188671456,0.00038077319356717286,0.0,0.0005273241813292085,0.0,0.014748763892997507,0.0002541906147176366,0.0,0.0,0.00043881999886756127,0.0,0.00033971062831024846,0.0,0.00022459607799098807,0.0,0.0,0.0,0.0,0.0,0.0,0.0,0.0,0.0,0.0
Unclassified Saccharimonadaceae,0.007209335119509271,0.0012608573830204539,0.0017267634741937239,0.0027481542247744053,0.00023493731445291643,0.0001490063141425618,0.0,0.0007714462044846739,0.001533083073043528,0.0,0.0,0.0006495542713792949,0.012916419058272451,0.00015819725439876256,0.0057327348610126784,0.00018312696333234728,0.04939770946012738,0.010407682974960168,0.005741372297487563,0.004090934828152426,0.0016704609289536706,0.00040147619709393,0.0,0.0016844705849324106,0.0,0.00033417495915639387,0.00019823570224997521,0.0,0.010387021279669464,0.007257320244986995,0.0014468290330359296,0.003529709709075944,0.00029212107723124864,0.0
Unclassified Saccharimonadales,0.001568779524783191,0.0006164191650322219,0.0005302659487681514,0.0012988788624555647,0.0,0.001341056827283056,0.0007873395795606645,0.0004628677226908044,0.0003008854629337765,0.0004539522215286841,0.0008917513004706465,0.002127850199345966,0.002481910022022582,0.0005800565994621294,7.874635798094339e-05,0.0043950471199763344,0.0,0.005057666164798059,0.005240762178905541,0.00024064322518543683,8.869704047541613e-05,0.00120442859128179,0.0,0.0003930431364842291,0.002070393374741201,0.00012995692856081984,0.0007646234229641901,0.00012323702587977543,0.00017335779604455296,0.0,0.0,0.001978536832441673,0.0,0.005246743716749221
Unclassified Sandaracinaceae,0.00035253472467038,0.0002241524236480807,0.0,0.0,0.0,0.000167632103410382,0.0032674592551767577,0.0,0.0,0.0,0.00013211130377342912,0.0,0.00017478239591708322,8.788736355486808e-05,0.0,0.0,0.0,0.0,0.0,0.0,0.001256541406735062,0.0,1.8173227201686474e-05,0.0,0.005915409642117717,0.0,0.0,0.0,0.0,0.0,0.0,0.0,0.0,0.0006971197945331132
Unclassified Saprospiraceae,0.0,0.000322219108994116,0.0,0.0,0.0,0.002253720501406247,0.0011810093693409968,0.00024000548583967633,0.0,0.0010639505192078533,0.0003302782594335728,0.0,0.0003146083126507498,0.0002812395633755779,0.0,0.0,0.00015533870899411126,0.0,0.0,2.8310967668874922e-05,0.0,0.00041691758928985036,0.0013084723585214263,0.0,2.1126463007563273e-05,0.0,0.0,0.0,0.0,0.0,0.0,0.0,0.0,0.0015410016510731975
Unclassified Simkaniaceae,0.0,0.0,0.0,0.0,0.0,9.312894633910112e-05,0.0,0.0002914352328053213,0.0,0.0,4.9541738915035914e-05,0.0,5.243471877512497e-05,5.273241813292085e-05,0.0,0.0,0.0,0.0,0.0,0.0,0.0,0.0,0.0,0.0,0.004225292601512655,0.0,0.0,0.0,0.0,0.0,0.0,0.0,0.0,0.0
Unclassified Sphingobacteriaceae,0.0,0.0,0.0,0.0,0.0,0.0005215220994989663,0.0,0.00018857573887403142,0.0,0.0,9.908347783007183e-05,0.0,3.495647918341665e-05,0.00012304230897681532,0.0,0.0,0.0,0.0,0.0,0.0,0.0,0.0,0.008759495511212882,0.0,0.0,0.0,0.0,0.0,0.0,0.0,0.0,0.0,0.0,0.0
Unclassified Sphingomonadaceae,0.000581682295706127,0.0,0.0,0.0,0.0,0.00013038052487474158,0.0012597433272970632,0.0,2.8655758374645386e-05,0.0,0.0,0.0,6.99129583668333e-05,0.000228507145242657,0.0,0.0,0.0,0.0,0.0,0.0,0.0,0.0,0.0,0.0,4.2252926015126546e-05,0.0,0.0,0.0,0.0,0.0,0.0005425608873884736,0.0,0.0,0.001100715465052284
Unclassified Sporichthyaceae,0.000387788197137418,0.0,0.0,0.0,0.000747527818713825,0.0,0.0010825919218959137,0.0,0.0,0.0,0.0001651391297167864,0.0014334990816646507,0.0008214772608102912,0.0004921692359072613,0.0,0.0,0.00011297360654117183,0.0,0.0,0.0,0.0,0.0004632417658776115,0.0,0.0,0.00010563231503781637,0.00012995692856081984,5.6638772071421493e-05,0.0,0.00010112538102598922,0.0003915317280532483,0.0,0.0,0.0,0.0
Unclassified Steroidobacteraceae,0.0,0.0,0.0,0.0,0.0002776531898079921,0.0011361731453370337,0.0025194866545941263,6.857299595419324e-05,0.0,0.0,0.00026422260754685825,0.0,0.00038452127101758313,3.5154945421947234e-05,0.0,0.0,0.0,0.0,0.0,0.0,2.9565680158472047e-05,9.26483531755223e-05,3.634645440337295e-05,0.0,0.004542189546626104,0.0,0.0,0.0,0.0,0.0,0.0,0.0,0.0,0.0
Unclassified Subgroup_17,0.0,0.0,0.0,6.836204539239814e-05,0.0,0.0003725157853564045,0.004605936540429887,5.142974696564493e-05,0.0,0.0,0.0003798199983486087,0.0002911795009631322,0.00034956479183416645,0.00017577472710973615,0.0,0.0,0.00018358211062940422,0.0,0.0,0.0,0.00010347988055465216,0.0,0.003016755715479955,0.0,0.0,0.0,0.0,0.0,0.0,0.0,0.0,0.0,0.0,0.0019079068060906255
Unclassified Subgroup_2,0.0047415920468166116,0.0,0.0,0.0,0.0,0.0013596826165508764,0.0023029682702149436,0.002040046629637249,0.0,0.0,0.0004293617372636446,0.0,0.000594260146118083,0.0016347049621205463,0.0,0.0,4.2365102452939434e-05,0.0,7.822033102844091e-05,0.0018826793499801824,0.0,0.0,3.634645440337295e-05,0.0,0.005091477584822749,0.0,0.0,9.585102012871422e-05,0.0,0.00029364879603993626,3.0142271521581867e-05,0.0,0.0,0.0009722986607961842
Unclassified Subgroup_7,0.000158640626101671,0.0,0.0,0.0,4.271587535507572e-05,0.000335264206820764,0.00994016219195339,0.0005828704656106426,0.0,0.0013760426715088237,0.0004623895632070019,0.0,0.0006816513440766246,0.00026366209066460425,0.0,0.0,0.0,0.0,0.0,0.0,8.869704047541613e-05,0.0,0.010376912732162978,0.0,4.2252926015126546e-05,0.0,0.0,0.0,0.0,0.0,0.002305883771401013,1.582829465953338e-05,0.0,0.0017794900018345257
Unclassified TRA3_20,0.000493548614538532,0.0,0.0,0.0,0.0,0.00011175473560692134,0.0029918904023305253,0.0,0.0,0.0,6.605565188671456e-05,0.0,0.0001573041563253749,0.0001054648362658417,0.0,0.0,0.0,0.0,0.0,0.0,0.0007982733642787452,0.0,0.0,0.0,0.0,0.0,0.0,0.0,0.0,0.0,0.0004672052085845189,0.0,0.0,0.0008622271142909557
Unclassified Thermoactinomycetaceae,0.0,0.0,0.0,0.0,0.0,0.0,0.0,0.0,5.731151674929077e-05,0.0,0.0,0.0,0.00034956479183416645,0.0,0.0,0.0,0.0,0.0,0.0,0.0,0.0,0.0,0.0,0.0,0.004457683694595851,0.0,0.0,0.0,0.0,0.0,0.0,0.0,0.0,0.0010456796917996697
Unclassified Thermodesulfovibrionia,0.0,0.0,0.0,0.0,0.0,0.0,0.0,8.571624494274155e-05,0.0,0.0,4.9541738915035914e-05,0.0,0.00019226063550879157,0.00014061978168778894,0.0,0.0,0.0,0.0,0.0,0.0,0.0,0.0,0.0,0.0,0.005556259770989141,0.0,0.0,0.0,0.0,0.0,0.0,0.0,0.0,0.0028251696936341954
Unclassified UCG_010,0.000652189240640203,0.0,0.0,0.0,0.0,3.725157853564045e-05,0.0011810093693409968,0.00015428924089693478,0.0,0.0,4.9541738915035914e-05,0.0,8.739119795854161e-05,0.0,9.449562957713205e-05,0.0,0.0,0.0,0.0,0.0,0.001980900570617627,0.0,0.00825064514956566,0.0,0.0,0.0,0.0,0.0,0.0,0.0,0.0005727031589100555,4.7484883978600146e-05,0.0,0.0
Unclassified Vicinamibacteraceae,0.001004723965310583,0.0,4.078968836678088e-05,0.0,0.0,0.0020860883979958653,0.021238485158648925,0.001268600425152575,0.0,0.0013051126368949669,0.0012055156469325406,0.0,0.001625476282028874,0.0011425357262132851,0.0,0.0,0.0,0.0,0.0,0.0,0.002542648493628596,3.0882784391840767e-05,0.0006360629520590266,9.826078412105728e-05,0.007056238644526133,0.0,0.0,0.0,0.0,0.00033559862404564144,1.5071135760790934e-05,0.0110956345563329,0.0,0.00576041093377362
Unclassified Vicinamibacterales,0.0025911302263272934,0.00025217147660409076,0.0,5.468963631391851e-05,0.00059802225497106,0.002663487865298292,0.03621762065979057,0.0029657820750188576,7.163939593661346e-05,0.0,0.0021798365122615805,0.0010079290417954576,0.002534344740797707,0.0011073807807913379,0.0,0.0,0.00016946040981175774,0.0004969960971188844,0.0,0.00039635354736424893,0.0017887236495875587,0.00040147619709393,0.006360629520590267,0.0,0.007880170701821102,0.00020421803059557405,0.0004106310975178058,0.00020539504313295905,0.0,0.0,0.0024565951290089223,0.0035930228877140776,0.0,0.024674371674922032
Unclassified WD2101_soil_group,0.0,0.0,0.0,0.0,0.0,0.00020488368194602246,0.001476261711676246,0.00012000274291983816,0.0,0.0,0.0002807365205185369,0.0,0.00038452127101758313,0.0002109296725316834,0.0,0.0,0.0,0.0,0.0,0.0,2.9565680158472047e-05,0.0,0.0,0.0,0.0,0.0,0.0,0.0,0.0,0.0,0.0,0.0,0.0,0.002439919280865896
Unclassified Woesearchaeales,0.0,0.0,0.0,0.0,0.0,5.587736780346067e-05,0.003759546492402173,0.0001714324898854831,0.00011462303349858154,0.0,3.302782594335728e-05,0.0,6.99129583668333e-05,8.788736355486808e-05,0.0,0.0,0.0,4.385259680460745e-05,0.0,0.0,2.9565680158472047e-05,0.0,3.634645440337295e-05,0.0,2.1126463007563273e-05,0.0,0.0,0.0,0.0,0.0,6.0284543043163735e-05,0.0,0.0,0.0004035956705191708
Unclassified [Eubacterium]_coprostanoligenes_group,0.0,9.80666853460353e-05,0.0,0.0,0.0,0.0006891542029093483,0.00511770726714432,0.00013714599190838648,0.0,0.0,0.0008917513004706465,0.0,0.00020973887510049988,0.0003163945087975251,0.0,0.0,0.0,0.0,0.0,0.0,0.001921769210300683,0.0,9.086613600843237e-05,0.0,2.1126463007563273e-05,0.0,0.0,0.0,0.0,0.0,0.0014317578972751386,0.003197315521225743,0.0,0.0
Unclassified candidate_division_SR1_bacterium_MGEHA,0.0,0.0010927430652843933,0.0,0.0005332239540607055,0.0,0.0,0.0,0.0,0.00032954122130842193,0.0,0.00044587565023532325,0.001478295927966671,0.0001573041563253749,0.00012304230897681532,0.0003622332467123396,0.0035498457507501164,0.0005366246310705661,0.0,0.00028159319170238727,0.0,0.00020695976110930432,0.0004941245502694523,0.0,0.0006457137242240908,0.0,0.00018565275508688548,0.0,0.0,8.667889802227648e-05,0.0,0.0,0.005919782202665484,0.0001808368573336301,0.0
Unclassified env.OPS_17,0.0,0.0,0.0,0.0,0.0,0.00013038052487474158,0.0034446106605779073,8.571624494274155e-05,0.0,0.0,3.302782594335728e-05,0.0,0.0001398259167336666,3.5154945421947234e-05,0.0,0.0,0.0,0.0,0.0,0.0,0.0014043698075274222,0.0,0.0,0.0,0.0,0.0,0.0,0.0,0.0,0.0,0.0,0.0,0.0,0.011282333516785911
Veillonella,0.0983395614468025,0.023269823479966378,0.025615924294338392,0.018512441892261415,0.004698746289058329,0.010523570936318427,0.00025588536335721597,0.012137420283892203,0.03086225176949308,0.03725245417919764,0.014185451242671952,0.012811898042377817,0.028943964763868985,0.04710762686540929,0.0922119851956847,0.05717787262815366,0.006481860675299733,0.12806420020172193,0.016660930509057915,0.025904535417020553,0.027983916269993792,0.023548123098778587,0.0,0.02470556857900869,0.0,0.025415862171394625,0.14571740084674964,0.0009585102012871423,0.07630632322561072,0.02131051262689823,0.031709669640704125,0.0024217290829086076,0.01520420654351213,0.0
Verminephrobacter,0.0,0.0,0.0,0.0,0.0,0.005699491515952989,0.000866073537516731,0.005262977439484331,0.0,0.0,0.005598216497399059,0.0,0.005715384346488622,0.004693185213829955,0.0,0.0,0.0,0.0,0.0,0.0,0.0,0.0,0.0,0.0,0.0,0.0,0.0,0.0,0.0,0.0,0.0,0.0,0.0,0.0009539534030453127
Weissella,0.0,0.0,0.0,0.0,0.0,0.0018812047160498427,0.0,0.0017314681478433794,0.0,0.0,0.0016348773841961854,0.0,0.002342084105288915,0.0016874373802534671,0.0,0.0,0.0,0.0,0.0,0.0,0.0001921769210300683,0.0,0.0,0.0,0.0,0.0,0.0,0.0,0.0,0.0,0.0,0.0,0.0,0.0006787745367822417
[Eubacterium]_brachy_group,0.0,0.0012048192771084338,0.0,0.00024610336341263333,0.0,0.0,0.0,0.0009771651923472537,0.0,5.674402769108551e-05,0.00019816695566014366,8.959369260404067e-05,0.0,5.273241813292085e-05,7.874635798094339e-05,0.0,0.0008614237498764351,0.0013594305009428308,0.0002972372579080755,0.00018402128984768698,0.0,0.00016985531415512423,0.0,0.0,0.0,0.0,0.001288532064624839,0.00021908804600848968,5.778593201485099e-05,0.0009788293201331208,0.0003315649867374005,0.001741112412548672,0.0,0.0
[Eubacterium]_eligens_group,0.0,0.0,0.0,0.0,0.0,0.0,0.0004724037477363987,3.428649797709662e-05,0.0,0.0,0.0,0.0,0.00010486943755024994,0.0,0.0,0.0,0.0,0.0,0.0,0.0,0.0,0.0,0.0,0.0,0.004859086491739553,0.0,0.0,0.0,0.0,6.991638000950863e-05,0.0,0.0,0.0,0.0
[Eubacterium]_fissicatena_group,0.0,0.0,0.0,0.0,0.0,0.00013038052487474158,0.0003149358318242658,0.0,0.0,0.0,0.0,0.0,0.0,0.0,0.0,0.0,0.0,0.0,0.0,0.0,0.0028678709753717883,0.0,0.0,0.0,0.0,0.0,0.0,0.0,0.0,0.0,0.0002712804436942368,0.0,0.0,0.0018161805173362686
[Eubacterium]_nodatum_group,0.000317281252203342,0.00023816195012608574,8.157937673356176e-05,0.00021875854525567405,0.0,3.725157853564045e-05,0.0023620187386819936,0.0,0.00025790182537180844,0.00041139420076036996,0.0002972504334902155,0.00015678896205707118,0.0,0.0006152115448840766,0.0002519883455390188,0.00023947372128076182,0.0013133181760411224,0.005262311616552893,0.0010637965019867964,0.0022790328973444312,0.0013304556071312421,0.0033971062831024846,0.0,1.4037254874436755e-05,0.0,0.0012067429080647558,0.007193124053070529,0.0003560180747637957,8.667889802227648e-05,0.0003775484520513466,0.0014166867615143478,0.0005698186077432017,0.00011128421989761852,0.0
[Eubacterium]_saphenum_group,0.000387788197137418,0.0031101148781171196,0.0,0.0008613617719442166,0.0,0.0,0.0,0.0,0.0,0.0001276740623049424,0.000412847824291966,2.2398423151010167e-05,0.0,0.0005624791267511557,0.0,0.0001267802053839327,0.0013133181760411224,0.002426510356521612,0.00031288132411376365,0.0005662193533774985,0.000635662123407149,0.009712635691233922,0.0,0.00016844705849324105,0.0,0.00020421803059557405,0.0,0.0,0.0,0.002391140196325195,0.003134796238244514,0.0,8.346316492321389e-05,0.0
[Eubacterium]_yurii_group,0.0,0.00016811431773606052,0.0,0.0,0.0,0.0,0.0,0.0,0.0,4.255802076831413e-05,4.9541738915035914e-05,0.0007391479639833355,0.00019226063550879157,0.0001054648362658417,0.0,9.860682640972545e-05,0.0007766935449705563,0.00011694025814561986,0.0003285253903194518,0.00043881999886756127,0.0,0.00021617949074288537,0.0,0.0,0.0,0.00018565275508688548,0.00031151324639281823,0.0,0.0001589113130408402,9.788293201331208e-05,0.0003315649867374005,0.0,0.0,0.0
[Ruminococcus]_torques_group,0.00042304166960445606,0.0,0.0,0.0,0.0,3.725157853564045e-05,0.00366112904495709,5.142974696564493e-05,0.0,0.0,0.0005779869540087524,0.0,3.495647918341665e-05,8.788736355486808e-05,0.0,0.0,0.0,0.0,0.0,0.0,0.0,0.0,0.0,0.0,0.0035914987112857567,0.0,0.0,0.0,0.0,0.0,0.0005274897516276826,0.0,0.0,0.0
hgcI_clade,3.5253472467038e-05,2.8019052956010088e-05,6.79828139446348e-05,0.0,0.0,0.0,0.009782694276041257,0.0002914352328053213,0.0,0.0,0.0003137643464618941,0.0,0.00041947775020099976,0.000228507145242657,0.0,0.0,0.0,0.0,0.0,0.0,0.0,0.0,3.634645440337295e-05,0.0,0.0005492880381966452,0.0,0.0,0.0,0.0,0.0,0.0,0.0,0.0,0.0
