genus,H1,H2,H3,H4,H5,H6,H7,H8,H9,H10,H11,H12,H13,H14,H15,H16,P1,P2,P3,P4,P5,P6,P7,P8,P9,P10,P11,P12,P13,P14,P15,P16,P17,P18
28_4,1.488152331782977,-1.6808435631536354,-1.383044420927625,1.8583221526699423,-0.9785742293400536,1.7019017586189444,1.5457222093603065,-0.4140701195927097,-1.3985219511026452,-1.5787252079567922,-0.5295589478493294,-1.309768246599715,-3.500597642082193,-0.6891615154303792,-1.2032624532941631,-1.234661600719579,-1.6464616284153388,-1.488203533555342,-1.272137903934682,-1.7699575795495175,1.8080501237410203,-1.4807819331134986,3.7903605771335345,-1.2139295564753239,-1.9452482844217474,-1.1625003191440884,-1.5153378909106479,-0.9386124430093021,-1.3111357611460654,-1.4154263142219485,3.145206381546989,-1.8910323518915115,-1.4101942025104273,2.421404683756054
Abiotrophia,1.6947665811459762,-1.6808435631536354,-1.383044420927625,-1.3605536721982587,-0.9785742293400536,-3.404043715281636,-3.922337931774825,-3.3585090987591504,-1.3985219511026452,-1.5787252079567922,-3.5740813855727525,3.9835365781247773,-1.5546874930268797,-3.3972117165325892,1.9322317626349865,3.3804589161216807,-1.6464616284153388,-1.488203533555342,-1.272137903934682,-1.7699575795495175,-2.7666608547623626,2.8096775080348926,-1.9364871704536624,4.327333988683103,-1.9452482844217474,-1.1625003191440884,-1.5153378909106479,-0.9386124430093021,2.95154411589525,-1.4154263142219485,-2.4715647161195826,-1.8910323518915115,4.0322235080113655,-3.1354233779434844
Acholeplasma,-2.6227215323903343,-1.6808435631536354,-1.383044420927625,-1.3605536721982587,-0.9785742293400536,-3.404043715281636,-3.922337931774825,-3.3585090987591504,-1.3985219511026452,-1.5787252079567922,3.2959720262253733,-1.309768246599715,-1.1027023692838225,-1.1999871391963697,-1.2032624532941631,-1.234661600719579,4.167668903409727,-1.488203533555342,1.435912297167528,3.8097722464367045,3.2470543012804396,2.411038364997128,-1.9364871704536624,-1.2139295564753239,-1.9452482844217474,-1.1625003191440884,5.596989553800263,-0.9386124430093021,-1.3111357611460654,1.149523043239588,-2.4715647161195826,-1.8910323518915115,-1.4101942025104273,-3.1354233779434844
Achromobacter,-2.6227215323903343,0.7170517096447352,-1.383044420927625,2.1359538892682215,-0.9785742293400536,-0.35952127755821284,-0.5550421017883509,0.44815339101116924,-1.3985219511026452,-1.5787252079567922,0.1394906811315555,-1.309768246599715,0.3060648476881265,0.4094507732377304,-1.2032624532941631,-1.234661600719579,-1.6464616284153388,-1.488203533555342,-1.272137903934682,0.42726699778670185,-2.7666608547623626,-1.4807819331134986,-1.9364871704536624,-1.2139295564753239,1.9048993172883115,-1.1625003191440884,-1.5153378909106479,-0.9386124430093021,-1.3111357611460654,-1.4154263142219485,-0.8621268036854821,-1.8910323518915115,-1.4101942025104273,2.8178199563443003
Acidibacter,2.221465554068257,-1.6808435631536354,0.8141801564085945,1.4726596718579574,-0.9785742293400536,-0.35952127755821284,1.7509853353966678,0.19683896273026358,-1.3985219511026452,4.192715915173223,0.7434067279635581,-1.309768246599715,1.7305109747723937,-1.1999871391963697,-1.2032624532941631,-1.234661600719579,-1.6464616284153388,1.219846667546868,-1.272137903934682,-1.7699575795495175,1.2406723304701086,-1.4807819331134986,-0.32704925801956186,-1.2139295564753239,-1.9452482844217474,-1.1625003191440884,-1.5153378909106479,2.105909994714121,-1.3111357611460654,-1.4154263142219485,-2.4715647161195826,-1.8910323518915115,-1.4101942025104273,-3.1354233779434844
Acidothermus,2.35401221003024,2.396693880752084,-1.383044420927625,-1.3605536721982587,2.828088260430266,-3.404043715281636,0.6315389598257157,-0.31398666103572737,-1.3985219511026452,-1.5787252079567922,-3.5740813855727525,-1.309768246599715,-3.500597642082193,0.09929584493389099,-1.2032624532941631,-1.234661600719579,-1.6464616284153388,-1.488203533555342,-1.272137903934682,-1.7699575795495175,-2.7666608547623626,2.411038364997128,-1.9364871704536624,-1.2139295564753239,-1.9452482844217474,1.7819386600223523,-1.5153378909106479,-0.9386124430093021,-1.3111357611460654,-1.4154263142219485,-2.4715647161195826,-1.8910323518915115,-1.4101942025104273,-3.1354233779434844
Acidovorax,2.2825532460480953,-1.6808435631536354,2.6944930229780946,-1.3605536721982587,-0.9785742293400536,-3.404043715281636,1.3709668929496672,0.6845421690753999,-1.3985219511026452,-1.5787252079567922,-1.376856808236533,-1.309768246599715,0.5424536257523571,-0.35268927880916623,-1.2032624532941631,-1.234661600719579,-1.6464616284153388,-1.488203533555342,1.435912297167528,-1.7699575795495175,-2.7666608547623626,-1.4807819331134986,-1.9364871704536624,-1.2139295564753239,-1.9452482844217474,-1.1625003191440884,-1.5153378909106479,-0.9386124430093021,-1.3111357611460654,-1.4154263142219485,-2.4715647161195826,-1.8910323518915115,-1.4101942025104273,1.8550092088352517
Acinetobacter,2.2825532460480953,0.5163810141825841,-1.383044420927625,2.1947943892911552,0.6308636830940468,4.630911309220524,0.9680111964469287,5.111802106756956,0.547388197952668,-1.5787252079567922,4.3361423215245924,-1.309768246599715,4.5074352048871145,4.471042548988024,3.3506144383063776,2.4289000454100673,1.8500459330511414,-1.488203533555342,1.1257573688636886,-0.1605196671154172,1.550827258773948,1.8865138968729753,-1.9364871704536624,-1.2139295564753239,4.486082797511731,2.7293199789665383,0.6818866864255716,-0.9386124430093021,-1.3111357611460654,-1.4154263142219485,2.0170716536125575,-1.8910323518915115,2.086313358956053,2.7366944115319316
Actinobacillus,-2.6227215323903343,8.148297527253836,5.344387303923231,-1.3605536721982587,5.984615756530184,5.190665918562431,-3.922337931774825,2.490815681187709,-1.3985219511026452,2.595662061938845,-0.8660311844705424,3.381579635629429,1.1533627080753304,0.9465937053210949,-1.2032624532941631,8.06231507791615,7.203625978274228,3.1269169832859176,8.05962332324584,6.758175551905055,4.159916178460362,9.030757767449604,-1.9364871704536624,8.530269138377422,-1.9452482844217474,6.21087399076596,-1.5153378909106479,6.415749887412175,6.184961584029891,-1.4154263142219485,-2.4715647161195826,4.08277725997775,9.256782491641893,-3.1354233779434844
Actinomyces,7.072695793329061,6.030257688686523,7.202741561954224,6.696190102777054,6.64848318767888,3.735616620683284,1.068094655003911,2.757383026723884,6.180646016293431,6.199904939369017,3.458542875455254,6.246659722840538,4.95365574956017,3.2936305608859744,7.169829394147817,6.84588536510492,8.81621304876466,6.889497679042296,6.818877137775849,6.8710448975930065,5.293879191776277,5.493696977911546,4.798104489519286,7.440762148126547,-1.9452482844217474,7.244654767063212,6.463658479943467,5.776770943325379,7.664367960924862,6.370710123561123,5.375025259171604,5.705359952172685,7.371054130726434,-3.1354233779434844
Adhaeribacter,-1.0132836199562338,-1.6808435631536354,-1.383044420927625,-1.3605536721982587,-0.9785742293400536,-1.7946058028475353,1.2075607831482484,-3.3585090987591504,-1.3985219511026452,-1.5787252079567922,-3.5740813855727525,-1.309768246599715,-3.500597642082193,-1.7877738040984887,-1.2032624532941631,-1.234661600719579,-1.6464616284153388,-1.488203533555342,-1.272137903934682,-1.7699575795495175,-2.7666608547623626,-1.4807819331134986,4.292023833137521,-1.2139295564753239,-1.9452482844217474,-1.1625003191440884,-1.5153378909106479,-0.9386124430093021,-1.3111357611460654,-1.4154263142219485,-2.4715647161195826,-1.8910323518915115,-1.4101942025104273,1.660367167653257
Aerococcus,-2.6227215323903343,-1.6808435631536354,-1.383044420927625,-1.3605536721982587,-0.9785742293400536,-0.5708303712254197,-1.5244426589764544,-1.1612845214229308,-1.3985219511026452,2.032192704687432,-0.8660311844705424,-1.309768246599715,-1.8911597296480926,-1.4513015674772758,-1.2032624532941631,-1.234661600719579,-1.6464616284153388,-1.488203533555342,-1.272137903934682,-1.7699575795495175,-2.7666608547623626,-1.4807819331134986,-1.9364871704536624,-1.2139295564753239,4.45334665011346,-1.1625003191440884,-1.5153378909106479,-0.9386124430093021,-1.3111357611460654,-1.4154263142219485,-2.4715647161195826,-1.8910323518915115,-1.4101942025104273,2.106323637116158
Aeromicrobium,2.870339910950214,3.224431215284794,3.3083034613015188,-1.3605536721982587,-0.9785742293400536,-0.5708303712254197,1.3299354962718049,-1.7490711863250499,3.6449031658166016,-1.5787252079567922,-0.2067855555862783,-1.309768246599715,-1.5546874930268797,-3.3972117165325892,-1.2032624532941631,-1.234661600719579,-1.6464616284153388,-1.488203533555342,-1.272137903934682,0.794991777912019,3.0593392526180874,-1.4807819331134986,-1.9364871704536624,-1.2139295564753239,-1.9452482844217474,-1.1625003191440884,-1.5153378909106479,-0.9386124430093021,-1.3111357611460654,-1.4154263142219485,-2.4715647161195826,-1.8910323518915115,-1.4101942025104273,2.382029518521223
Aeromonas,-2.6227215323903343,-1.6808435631536354,-1.383044420927625,-1.3605536721982587,-0.9785742293400536,-0.5708303712254197,0.36812150937356636,2.912479333099149,0.21091596133145507,-1.5787252079567922,-3.5740813855727525,0.6361419024555984,-0.3651034261530435,-3.3972117165325892,-1.2032624532941631,-1.234661600719579,-1.6464616284153388,-1.488203533555342,-1.272137903934682,-1.7699575795495175,-2.7666608547623626,-1.4807819331134986,-1.9364871704536624,-1.2139295564753239,-1.9452482844217474,-1.1625003191440884,-1.5153378909106479,-0.9386124430093021,-1.3111357611460654,-1.4154263142219485,-2.4715647161195826,-1.8910323518915115,-1.4101942025104273,2.807375997183217
Aggregatibacter,3.544794958498007,5.431483881557276,5.615465221322976,8.611760071267721,6.29867349729143,-3.404043715281636,-0.6265010657704959,3.779563935285197,6.624702733614025,4.852605873976686,3.570325794748387,6.447710519984464,3.22443600008465,2.778655553573172,6.780518615683288,7.238579703167476,6.456124796975451,7.256125230444642,6.282196919791065,5.965912740403049,4.486809527922166,6.573422963950908,4.956154470718427,7.865504545653059,-1.9452482844217474,5.609435236695513,6.143361667357651,5.901934086279385,6.885025378136837,5.706633567407193,4.780489235733231,5.970309443708477,6.096946877217181,-3.1354233779434844
Agromyces,0.5127726835388153,-1.6808435631536354,-1.383044420927625,-1.3605536721982587,-0.9785742293400536,0.9904054393908028,1.1210871851444217,1.3328387834699935,-1.3985219511026452,-1.5787252079567922,0.5690533408187801,-1.309768246599715,-0.133301812095719,0.8932477246158022,-1.2032624532941631,-1.234661600719579,-1.6464616284153388,-1.488203533555342,-1.272137903934682,-1.7699575795495175,-2.7666608547623626,-1.4807819331134986,4.072326014988933,1.1839657163230466,-1.9452482844217474,-1.1625003191440884,-1.5153378909106479,-0.9386124430093021,-1.3111357611460654,-1.4154263142219485,-2.4715647161195826,3.6886974740947105,-1.4101942025104273,-3.1354233779434844
Akkermansia,2.3401230978695726,-1.6808435631536354,-1.383044420927625,-1.3605536721982587,-0.9785742293400536,1.7492478792161434,2.7509600359928292,1.2162018797442324,-1.3985219511026452,0.030712704477308228,1.9107155479179023,-1.309768246599715,1.244334486281057,0.5346139161917365,-1.2032624532941631,-1.234661600719579,-1.6464616284153388,-1.488203533555342,-1.272137903934682,0.17595256950579574,-0.569436277426143,1.7380938917547022,-0.8378748817855526,-1.2139295564753239,3.741727071918073,-1.1625003191440884,-1.5153378909106479,-0.9386124430093021,-1.3111357611460654,-1.4154263142219485,2.658333998803491,-1.8910323518915115,-1.4101942025104273,2.421404683756054
Alistipes,1.972398317744256,-1.6808435631536354,-1.383044420927625,-1.3605536721982587,-0.9785742293400536,2.5334924898007904,2.773460985283667,0.5733165339651753,-1.3985219511026452,-1.5787252079567922,0.5034560583329672,-1.309768246599715,1.1341313461474427,0.7136621476407221,-1.2032624532941631,-1.234661600719579,-1.6464616284153388,-1.488203533555342,-1.272137903934682,-1.7699575795495175,-1.157222942328262,-1.4807819331134986,5.214214287138864,-1.2139295564753239,0.2519762929144722,-1.1625003191440884,-1.5153378909106479,0.6708254694247981,-1.3111357611460654,-1.4154263142219485,3.2154106402202376,-1.8910323518915115,-1.4101942025104273,3.73877511750981
Allobaculum,-2.6227215323903343,-1.6808435631536354,-1.383044420927625,-1.3605536721982587,-0.9785742293400536,-1.0061484424832652,-0.11567544200450541,-0.06267223275482126,-1.3985219511026452,-1.5787252079567922,0.5690533408187801,-1.309768246599715,-0.5561586629157524,-0.10137485052826012,-1.2032624532941631,-1.234661600719579,-1.6464616284153388,-1.488203533555342,-1.272137903934682,-1.7699575795495175,-2.7666608547623626,-1.4807819331134986,-1.9364871704536624,-1.2139295564753239,-1.9452482844217474,-1.1625003191440884,-1.5153378909106479,2.280263381858899,-1.3111357611460654,-1.4154263142219485,3.1667899532141637,-1.8910323518915115,-1.4101942025104273,2.97159950979877
Alloprevotella,2.90273140674145,4.652436064986055,6.6122621993631965,3.9226500565397298,0.12003805932805611,2.003128056178483,3.2698441269384206,3.3471299961008527,5.220217032414574,4.293392581518623,2.5807767084436652,5.24558864521095,2.2197141345252187,3.3492004120407852,5.44701659529326,8.522354047916291,3.787260375138901,5.495586431702792,4.47406528660547,5.903730549718213,4.207818056262683,5.14858132032395,3.461675531064091,4.986579617567366,4.19678912116561,6.066613558649213,4.406240528733168,0.6708254694247981,5.05016671642693,5.568363651036186,4.293474260660959,4.220434987611167,4.367458120712229,2.2444739755969754
Allorhizobium_Neorhizobium_Pararhizobium_Rhizobium,-2.6227215323903343,-1.6808435631536354,-1.383044420927625,1.9352831938060704,-0.9785742293400536,-0.6959935141794258,1.1836075421257553,0.25240881388507397,-1.3985219511026452,-1.5787252079567922,-0.8660311844705424,-1.309768246599715,0.26060247361136923,-0.0299158865461151,-1.2032624532941631,-1.234661600719579,-1.6464616284153388,-1.488203533555342,-1.272137903934682,-1.7699575795495175,1.887299495395161,-1.4807819331134986,-1.9364871704536624,-1.2139295564753239,-1.9452482844217474,-1.1625003191440884,-1.5153378909106479,-0.9386124430093021,-1.3111357611460654,-1.4154263142219485,1.8722407057341015,-1.8910323518915115,-1.4101942025104273,-3.1354233779434844
Altererythrobacter,1.488152331782977,-1.6808435631536354,1.8358314039405759,-1.3605536721982587,-0.9785742293400536,-3.404043715281636,2.1846849559674295,-3.3585090987591504,-1.3985219511026452,1.9766228535326218,-3.5740813855727525,-1.309768246599715,-3.500597642082193,-3.3972117165325892,-1.2032624532941631,-1.234661600719579,-1.6464616284153388,-1.488203533555342,-1.272137903934682,2.340916284623794,0.7886872067270514,-1.4807819331134986,3.694724611367703,-1.2139295564753239,0.4526469883766233,-1.1625003191440884,-1.5153378909106479,-0.9386124430093021,-1.3111357611460654,-1.4154263142219485,-2.4715647161195826,-1.8910323518915115,-1.4101942025104273,2.421404683756054
Anaeroglobus,0.5961542924778667,-1.6808435631536354,-0.28443213225951525,1.037341600600112,-0.9785742293400536,-3.404043715281636,-3.922337931774825,-3.3585090987591504,0.9993733216957252,-1.5787252079567922,-3.5740813855727525,-1.309768246599715,-3.500597642082193,-3.3972117165325892,-1.2032624532941631,-1.234661600719579,-1.6464616284153388,2.6549311928361905,2.578009697775377,-1.7699575795495175,-2.7666608547623626,1.7380938917547022,-1.9364871704536624,2.34141850501409,-1.9452482844217474,1.9729938967850613,2.19823417579366,-0.9386124430093021,2.8935568582449007,2.6621111296837707,2.433710062318847,-1.8910323518915115,-1.4101942025104273,-3.1354233779434844
Aphanizomenon_NIES81,-2.6227215323903343,-1.6808435631536354,-1.383044420927625,-1.3605536721982587,-0.9785742293400536,2.36739740784838,0.4965026760217728,2.279845570574596,-1.3985219511026452,-1.5787252079567922,1.9189800577677958,-1.309768246599715,2.325402465298257,1.4626006878290827,-1.2032624532941631,-1.234661600719579,-1.6464616284153388,-1.488203533555342,-1.272137903934682,-1.7699575795495175,-2.7666608547623626,-1.4807819331134986,-1.9364871704536624,-1.2139295564753239,-1.9452482844217474,-1.1625003191440884,-1.5153378909106479,-0.9386124430093021,-1.3111357611460654,-1.4154263142219485,-2.4715647161195826,-1.8910323518915115,-1.4101942025104273,-3.1354233779434844
Aquamicrobium,-2.6227215323903343,-1.6808435631536354,-1.383044420927625,-1.3605536721982587,-0.9785742293400536,2.32929756161611,-3.922337931774825,2.17488038996837,-1.3985219511026452,-1.5787252079567922,2.1128939707670678,-1.309768246599715,2.542035191600188,2.502685637049902,-1.2032624532941631,-1.234661600719579,-1.6464616284153388,-1.488203533555342,-1.272137903934682,-1.7699575795495175,-2.7666608547623626,-1.4807819331134986,-1.9364871704536624,-1.2139295564753239,-1.9452482844217474,-1.1625003191440884,-1.5153378909106479,-0.9386124430093021,-1.3111357611460654,-1.4154263142219485,-2.4715647161195826,-1.8910323518915115,-1.4101942025104273,-3.1354233779434844
Arthrobacter,1.0908505343139736,0.7170517096447352,-1.383044420927625,-1.3605536721982587,-0.9785742293400536,-0.5708303712254197,1.0264219586033434,-3.3585090987591504,-1.3985219511026452,-1.5787252079567922,-1.376856808236533,-1.309768246599715,-3.500597642082193,-3.3972117165325892,-1.2032624532941631,-1.234661600719579,1.7875255760698074,-1.488203533555342,-1.272137903934682,0.42726699778670185,0.8969007913672837,-1.4807819331134986,-1.9364871704536624,-1.2139295564753239,-1.9452482844217474,-1.1625003191440884,-1.5153378909106479,-0.9386124430093021,-1.3111357611460654,-1.4154263142219485,-2.4715647161195826,-1.8910323518915115,-1.4101942025104273,2.5848883986639275
Atopobium,0.9326265290990796,-1.6808435631536354,1.1819049365339116,-1.3605536721982587,-0.9785742293400536,-1.0061484424832652,-3.922337931774825,-1.412598949703837,2.6790154928030745,2.7117342331915992,-0.6296424064063117,-1.309768246599715,0.5424536257523571,-0.8322623590710525,4.148595680181904,1.5985517433366372,-1.6464616284153388,-1.488203533555342,0.6737722451206313,0.794991777912019,1.6521797530342353,-1.4807819331134986,-1.9364871704536624,-1.2139295564753239,-1.9452482844217474,2.9483735450292228,3.0997826259306116,-0.9386124430093021,1.5220775829101507,3.0034142935746493,-2.4715647161195826,-1.8910323518915115,-1.4101942025104273,-3.1354233779434844
Bacillus,1.7467263200766872,2.4300303010196758,0.8141801564085945,0.8366709051379608,-0.9785742293400536,3.027287366651843,3.357670321109363,2.98888011089686,0.21091596133145507,0.9862241495047445,2.7697990485535784,0.2996696658343855,3.043314203482599,2.463574506933277,-1.2032624532941631,-1.234661600719579,1.3980608093080842,-1.488203533555342,0.6737722451206313,0.42726699778670185,4.481131727005483,-1.4807819331134986,7.274952596965821,1.1839657163230466,7.333591503979127,-1.1625003191440884,1.529184546812775,2.1968817729198475,-1.3111357611460654,1.149523043239588,4.472522492109945,6.501730761146549,-1.4101942025104273,5.672497244110495
Bacteroides,2.7844502390697845,2.4935437067420017,0.8141801564085945,-1.3605536721982587,2.0659482083833693,2.398074660095427,4.101542060960053,2.431451072138103,-0.29990966243453565,-1.5787252079567922,2.2219763651926194,0.8874563307365045,2.032791846645327,1.744451839970071,-1.2032624532941631,-1.234661600719579,4.173621301937023,2.1753581125743042,0.3373000084994183,1.9912425361440447,4.687480223384316,2.074566128375915,4.448707228544063,-0.1153172678072143,5.636980909854714,-1.1625003191440884,-1.5153378909106479,0.6708254694247981,-1.3111357611460654,-0.316814025553839,4.887902922136039,5.007682182438477,1.8086816223577737,4.340482591423912
Bartonella,-2.6227215323903343,-1.6808435631536354,-1.383044420927625,-1.3605536721982587,-0.9785742293400536,2.212727382384936,-3.922337931774825,2.166943840372634,-1.3985219511026452,-1.5787252079567922,2.263649061593188,-1.309768246599715,2.1234198641051454,1.9546464169434774,-1.2032624532941631,-1.234661600719579,-1.6464616284153388,-1.488203533555342,-1.272137903934682,-1.7699575795495175,-2.7666608547623626,-1.4807819331134986,-1.9364871704536624,-1.2139295564753239,-1.9452482844217474,-1.1625003191440884,-1.5153378909106479,-0.9386124430093021,-1.3111357611460654,-1.4154263142219485,-2.4715647161195826,-1.8910323518915115,-1.4101942025104273,0.08345244692471665
Bdellovibrio,1.040840113739312,-1.6808435631536354,-1.383044420927625,0.8366709051379608,-0.9785742293400536,-0.8390943578200991,0.44710992069219646,-3.3585090987591504,0.547388197952668,-1.5787252079567922,-0.7408680415165363,-1.309768246599715,-1.8911597296480926,-0.9993164437342186,-1.2032624532941631,-1.234661600719579,1.5724141964528622,-1.488203533555342,-1.272137903934682,-1.7699575795495175,1.5771445670913216,-1.4807819331134986,1.5600203910128179,-1.2139295564753239,-1.9452482844217474,-1.1625003191440884,-1.5153378909106479,0.6708254694247981,-1.3111357611460654,0.19401159821215175,-2.4715647161195826,-1.8910323518915115,-1.4101942025104273,1.8685229280019748
Bergeyella,2.311752400740357,5.405057901211976,5.418238613543995,5.490631255295485,5.005362051347137,2.6096714407611663,-0.6265010657704959,0.8158781711364869,4.734876091894003,4.364074167169909,5.411989801801711,3.4351638817635353,1.2267901766301477,3.893763061610392,4.680059935194116,5.904998735245341,4.026861638756154,3.529076303259582,7.158407480755883,4.791073086347056,3.846723363617197,4.430014710927028,-1.9364871704536624,5.706741947773359,-1.9452482844217474,3.880924797775158,3.9527222502244834,4.755119695793398,5.514324275109241,3.547418316037958,4.502914194905463,4.077675208093854,4.558513357474938,-3.1354233779434844
Bifidobacterium,0.9326265290990796,-1.6808435631536354,-1.383044420927625,1.204395685263278,2.3887216006464205,1.3750797778298938,2.036086761254957,1.0841421577311663,3.346410177260605,-1.5787252079567922,1.2050421075387772,-1.309768246599715,1.3277160952201084,0.777175553363048,-1.2032624532941631,-1.234661600719579,-1.6464616284153388,-1.488203533555342,-1.272137903934682,-1.7699575795495175,2.276764262156884,-1.4807819331134986,5.5118466904438135,-1.2139295564753239,0.0006618646335661005,-1.1625003191440884,-1.5153378909106479,-0.9386124430093021,3.1997237453707847,1.149523043239588,3.3365777738608613,-1.8910323518915115,2.632857065324123,1.3754361285733658
Blastococcus,-2.6227215323903343,-1.6808435631536354,-1.383044420927625,-1.3605536721982587,-0.9785742293400536,-3.404043715281636,2.20234545911938,-3.3585090987591504,-1.3985219511026452,-1.5787252079567922,-1.0091320281112157,-1.309768246599715,-3.500597642082193,-3.3972117165325892,-1.2032624532941631,-1.234661600719579,-1.6464616284153388,-1.488203533555342,-1.272137903934682,-1.7699575795495175,-2.7666608547623626,-1.4807819331134986,-1.9364871704536624,-1.2139295564753239,-0.8466359957536376,-1.1625003191440884,-1.5153378909106479,-0.9386124430093021,-1.3111357611460654,-1.4154263142219485,1.2420073505847253,3.2851173806823173,-1.4101942025104273,2.262739323574269
Blautia,-2.6227215323903343,-1.6808435631536354,-1.383044420927625,-1.3605536721982587,-0.9785742293400536,0.6734937286240839,2.286252094321804,1.2366107513754399,-1.3985219511026452,-1.5787252079567922,0.6003058843228848,-1.309768246599715,-3.500597642082193,0.6101214686998819,-1.2032624532941631,-1.234661600719579,-1.6464616284153388,-1.488203533555342,-1.272137903934682,-1.7699575795495175,2.012462638349167,-1.4807819331134986,4.481877765482549,-1.2139295564753239,4.514656169955787,-1.1625003191440884,-1.5153378909106479,-0.9386124430093021,-1.3111357611460654,1.8034495106462523,2.5457151206953417,3.673488055431182,-1.4101942025104273,3.0404438921622767
Bombilactobacillus,-2.6227215323903343,1.1523697809025806,-1.383044420927625,-1.3605536721982587,-0.9785742293400536,0.9397617065720483,-3.922337931774825,1.403664836038606,-1.3985219511026452,-1.5787252079567922,1.4563565358196828,-1.309768246599715,1.6755520904916357,0.9465937053210949,-1.2032624532941631,-1.234661600719579,-1.6464616284153388,-1.488203533555342,-1.272137903934682,-1.7699575795495175,-2.7666608547623626,-1.4807819331134986,-1.9364871704536624,-1.2139295564753239,-1.9452482844217474,-1.1625003191440884,-1.5153378909106479,-0.9386124430093021,-1.3111357611460654,-1.4154263142219485,-2.4715647161195826,-1.8910323518915115,2.253367443619219,-3.1354233779434844
Bordetella,-2.6227215323903343,-1.6808435631536354,-1.383044420927625,-1.3605536721982587,-0.9785742293400536,1.639381401637611,-3.922337931774825,1.4856779876994408,-1.3985219511026452,-1.5787252079567922,1.494822816647479,-1.309768246599715,1.8417366098826178,1.75607987796519,-1.2032624532941631,-1.234661600719579,-1.6464616284153388,-1.488203533555342,-1.272137903934682,-1.7699575795495175,-2.7666608547623626,-1.4807819331134986,-1.9364871704536624,-1.2139295564753239,-1.9452482844217474,-1.1625003191440884,-1.5153378909106479,-0.9386124430093021,-1.3111357611460654,-1.4154263142219485,-2.4715647161195826,-1.8910323518915115,-1.4101942025104273,-3.1354233779434844
Bradyrhizobium,1.7717276222821043,-1.6808435631536354,-1.383044420927625,-1.3605536721982587,-0.9785742293400536,1.8892611094428564,1.8614872505549123,1.8176406338146784,-1.3985219511026452,3.574566386540987,1.4693437313464943,-1.309768246599715,1.374599681118959,1.8122744363088321,-1.2032624532941631,-1.234661600719579,-1.6464616284153388,-1.488203533555342,-1.272137903934682,-1.7699575795495175,-2.7666608547623626,-1.4807819331134986,0.4614081023447083,-1.2139295564753239,-0.33581037198764685,1.4024490383174484,-1.5153378909106479,-0.9386124430093021,-1.3111357611460654,0.19401159821215175,-2.4715647161195826,-1.8910323518915115,-1.4101942025104273,1.88185645887144
Brevundimonas,0.8737860290761459,-1.6808435631536354,-1.383044420927625,-1.3605536721982587,-0.9785742293400536,2.579892565405555,0.7316224183826985,2.679361821162987,-1.3985219511026452,0.030712704477308228,2.589233418461889,0.6361419024555984,2.723960787193167,2.5189903460748457,-1.2032624532941631,2.4289000454100673,0.5507629489208807,0.45770661549997127,0.6737722451206313,-1.7699575795495175,3.053422075589999,-1.4807819331134986,5.222026826875658,-1.2139295564753239,4.2180665196128935,-1.1625003191440884,-1.5153378909106479,-0.9386124430093021,1.7333866765773576,-1.4154263142219485,-2.4715647161195826,-1.8910323518915115,-1.4101942025104273,3.2224188885646154
Bryobacter,1.9098779607629215,2.3264896220788356,0.22639349150647547,-1.3605536721982587,-0.9785742293400536,0.8300627893156238,2.38939687737809,1.9742096945062184,-1.3985219511026452,-1.5787252079567922,1.1172664966563914,1.2551811108618218,0.8168904714541174,1.4311020207697123,-1.2032624532941631,-1.234661600719579,2.7229862240516827,2.4436220991689837,2.023698962069647,-1.7699575795495175,1.2406723304701086,1.8865138968729753,-0.32704925801956186,-1.2139295564753239,-1.9452482844217474,-1.1625003191440884,0.09410002152345254,-0.9386124430093021,1.6333032180203753,2.0810812472445317,1.2420073505847253,-1.8910323518915115,3.707799609906328,2.9581463921016513
Buchnera,-2.6227215323903343,-1.6808435631536354,-1.383044420927625,-1.3605536721982587,-0.9785742293400536,1.985028014534865,-3.922337931774825,1.9144904598045964,-1.3985219511026452,-1.5787252079567922,1.8855041285714065,-1.309768246599715,1.6293010728408803,1.7901740893081657,-1.2032624532941631,-1.234661600719579,-1.6464616284153388,-1.488203533555342,-1.272137903934682,-1.7699575795495175,-2.7666608547623626,-1.4807819331134986,-1.9364871704536624,-1.2139295564753239,-1.9452482844217474,-1.1625003191440884,-1.5153378909106479,-0.9386124430093021,-1.3111357611460654,-1.4154263142219485,-2.4715647161195826,-1.8910323518915115,-1.4101942025104273,-3.1354233779434844
Burkholderia_Caballeronia_Paraburkholderia,2.495272280026421,3.0465442555587052,2.791342848968012,-1.3605536721982587,-0.9785742293400536,0.1513043462077781,0.9218491546837662,0.25240881388507397,-1.3985219511026452,-1.5787252079567922,0.8203677690996862,-1.309768246599715,0.6102762220911182,0.5346139161917365,-1.2032624532941631,-1.234661600719579,2.1147384872782236,-1.488203533555342,-1.272137903934682,-1.7699575795495175,0.7886872067270514,-1.4807819331134986,0.009422978601651089,-1.2139295564753239,1.1902459315074023,-1.1625003191440884,-1.5153378909106479,1.7694377580929077,-1.3111357611460654,-1.4154263142219485,-2.4715647161195826,-1.8910323518915115,-1.4101942025104273,1.5919644407688565
Butyricimonas,-2.6227215323903343,-1.6808435631536354,-1.383044420927625,-1.3605536721982587,-0.9785742293400536,-0.8390943578200991,1.466733798041676,-3.3585090987591504,-1.3985219511026452,-1.5787252079567922,-1.964643473138652,-1.309768246599715,-1.8911597296480926,-3.3972117165325892,-1.2032624532941631,-1.234661600719579,-1.6464616284153388,-1.488203533555342,-1.272137903934682,-1.7699575795495175,-2.7666608547623626,-1.4807819331134986,-1.9364871704536624,-1.2139295564753239,-1.9452482844217474,-1.1625003191440884,-1.5153378909106479,-0.9386124430093021,-1.3111357611460654,-1.4154263142219485,-2.4715647161195826,-1.8910323518915115,-1.4101942025104273,2.4592880016583547
CL500_29_marine_group,-2.6227215323903343,-1.6808435631536354,1.912792445076704,-1.3605536721982587,-0.9785742293400536,-3.404043715281636,1.8917926000502412,0.25240881388507397,-1.3985219511026452,0.8191700648415784,-3.5740813855727525,-1.309768246599715,0.8168904714541174,-0.26171750060343957,-1.2032624532941631,-1.234661600719579,2.587644876181921,-1.488203533555342,-1.272137903934682,-1.7699575795495175,0.8442570578818618,-1.4807819331134986,-1.9364871704536624,-1.2139295564753239,-0.8466359957536376,2.0563755057241124,-1.5153378909106479,-0.9386124430093021,-1.3111357611460654,-1.4154263142219485,-2.4715647161195826,-1.8910323518915115,-1.4101942025104273,-3.1354233779434844
Campylobacter,4.317500936729305,5.3446947514848855,6.044099712480991,6.848210373621409,4.4195884721777,0.6390075525529144,-0.4258303703083448,2.17488038996837,5.279820163551687,5.040013775560427,2.463789534349385,4.363555020571778,2.8467915675738173,3.155296170502001,6.677919748932938,5.136950246512278,5.865063019975527,6.78640841265421,5.878563553657844,6.123241289995091,5.026100866054163,6.5338844373514435,-0.32704925801956186,6.344587186570321,-1.9452482844217474,5.645434624555838,6.683026499056972,4.554449000331246,5.546378301399325,6.169854764417177,5.448881789023025,4.914690201525474,5.258034045906975,2.0519624278972706
Candidatus_Alysiosphaera,-2.6227215323903343,-1.6808435631536354,-1.383044420927625,-1.3605536721982587,-0.9785742293400536,-1.2068191379454163,1.9269868481720343,-1.7490711863250499,-1.3985219511026452,-1.5787252079567922,-1.1761861127743818,-1.309768246599715,-1.1027023692838225,-1.7877738040984887,-1.2032624532941631,-1.234661600719579,-1.6464616284153388,-1.488203533555342,-1.272137903934682,-1.7699575795495175,-1.157222942328262,-1.4807819331134986,0.009422978601651089,-1.2139295564753239,-0.8466359957536376,-1.1625003191440884,-1.5153378909106479,-0.9386124430093021,-1.3111357611460654,-1.4154263142219485,-2.4715647161195826,-1.8910323518915115,-1.4101942025104273,1.5374054565184219
Candidatus_Cloacimonas,-2.6227215323903343,-1.6808435631536354,-1.383044420927625,-1.3605536721982587,-0.9785742293400536,2.51753470436218,-3.922337931774825,2.2869377988840873,-1.3985219511026452,-1.5787252079567922,2.1527663620144444,-1.309768246599715,1.992463801258355,2.4109307734478547,-1.2032624532941631,-1.234661600719579,-1.6464616284153388,-1.488203533555342,-1.272137903934682,-1.7699575795495175,-2.7666608547623626,-1.4807819331134986,-1.9364871704536624,-1.2139295564753239,-1.9452482844217474,-1.1625003191440884,-1.5153378909106479,-0.9386124430093021,-1.3111357611460654,-1.4154263142219485,-2.4715647161195826,-1.8910323518915115,-1.4101942025104273,-3.1354233779434844
Candidatus_Koribacter,2.6502780261734125,0.8841057943079013,-1.383044420927625,-1.3605536721982587,2.4554129751450926,-0.03674788529516171,0.12071333605972523,-0.7935597412976136,-1.3985219511026452,5.045340019843101,-0.4385871696436028,-1.309768246599715,-0.45607520435877014,-0.26171750060343957,-1.2032624532941631,-1.234661600719579,-1.6464616284153388,-1.488203533555342,1.6723010752317586,1.5973382504369564,1.8680681334672733,-1.4807819331134986,-1.9364871704536624,-1.2139295564753239,4.087837937377055,0.7834098299112251,2.527713376923902,-0.9386124430093021,-1.3111357611460654,-1.4154263142219485,-2.4715647161195826,-1.8910323518915115,0.9877010702879433,1.813336512434684
Candidatus_Nitrocosmicus,-1.5241092437222246,-0.07140565071953497,-1.383044420927625,-1.3605536721982587,-0.9785742293400536,1.5447161750965326,-0.2087658650705171,1.5759648343715411,-1.3985219511026452,-1.5787252079567922,0.35774424715157327,-1.309768246599715,1.697899389183633,2.151864368362631,-1.2032624532941631,-1.234661600719579,-1.6464616284153388,-1.488203533555342,-1.272137903934682,-1.7699575795495175,-2.7666608547623626,-1.4807819331134986,-1.9364871704536624,-1.2139295564753239,-1.9452482844217474,-1.1625003191440884,-0.4167256022425382,-0.9386124430093021,-1.3111357611460654,-1.4154263142219485,-2.4715647161195826,-1.8910323518915115,-1.4101942025104273,1.88185645887144
Candidatus_Saccharimonas,2.483223941510246,2.125818926616684,1.1819049365339116,-1.3605536721982587,0.9673359197152598,1.0845926544505042,0.6523730467285578,0.008786731227323763,2.7446127752888874,1.717111658047537,1.6462744395055728,2.767769197306005,0.6425370843093394,0.09929584493389099,3.9615235206293513,4.068643307339497,4.093331283763895,2.225368533148966,3.2817389876658587,2.8251622705850723,-2.7666608547623626,1.7380938917547022,2.0338047430984596,2.4496320896543224,-1.9452482844217474,2.1333365468602405,2.973298478821492,-0.9386124430093021,2.0561600688404087,3.1996942026193107,0.7473111087486184,-1.8910323518915115,2.597138982722044,-3.1354233779434844
Candidatus_Solibacter,2.5534282001834945,2.125818926616684,-1.383044420927625,-1.3605536721982587,-0.9785742293400536,0.7068301488916755,2.502531092130563,0.5733165339651753,-1.3985219511026452,4.16747798258336,-0.07757382410627223,2.3011496660445094,0.8168904714541174,0.4094507732377304,-1.2032624532941631,-1.234661600719579,-1.6464616284153388,-1.488203533555342,-1.272137903934682,2.4044296903461193,2.138613923676067,-1.4807819331134986,5.135934730083709,-1.2139295564753239,0.2519762929144722,-1.1625003191440884,-1.5153378909106479,-0.9386124430093021,-1.3111357611460654,-1.4154263142219485,1.3785828855904763,-1.8910323518915115,-1.4101942025104273,-3.1354233779434844
Candidatus_Udaeobacter,-2.6227215323903343,2.125818926616684,-1.383044420927625,-1.3605536721982587,-0.9785742293400536,0.48777658282899106,1.3403522571300606,0.931950342389241,-1.3985219511026452,-1.5787252079567922,0.1394906811315555,-1.309768246599715,-0.28172181721399214,-0.0299158865461151,-1.2032624532941631,-1.234661600719579,-1.6464616284153388,-1.488203533555342,-1.272137903934682,-1.7699575795495175,-2.7666608547623626,-1.4807819331134986,0.009422978601651089,-1.2139295564753239,-1.9452482844217474,-1.1625003191440884,-1.5153378909106479,2.557895118457178,-1.3111357611460654,1.8034495106462523,-2.4715647161195826,-1.8910323518915115,2.5600977110416947,-3.1354233779434844
Capnocytophaga,4.697805429882406,6.003020417102794,7.508329588557011,6.957456605348613,5.930180549975167,1.305486486030698,-0.2087658650705171,3.337289818299342,5.463189389378085,6.005539610432266,1.8058159679677073,5.378586467347047,2.7741643791597457,1.5372622165981022,7.432424632169864,6.717249781134609,6.1634854580614515,5.597697930810269,5.116423501610948,7.135893601658504,6.135114233845616,4.656945120972735,3.9185847517487646,7.569773142159893,-1.9452482844217474,6.276471273251773,4.339734031291779,6.383237270779054,5.873493391571249,6.257331582420561,4.4431661765989805,5.940584924461099,6.302696758979702,-3.1354233779434844
Cardiobacterium,3.8710323074613524,4.313117864152934,5.3003165248386495,4.618332092702863,4.910303728992828,0.9654041371853856,-0.07219033006476616,2.5468527492954203,4.88747614340622,3.094103626505114,0.31773891253787445,3.3053522702415448,1.3592147622794788,2.740515337553645,6.2214993085290455,4.337492431458186,6.112725810092457,3.515742772390117,3.572049182523909,6.073498824826598,4.213415085799401,2.8886659193535227,-1.9364871704536624,5.589575701133014,-1.9452482844217474,6.255080083270456,3.344474513451024,5.233088154401613,3.1547723575085183,2.875033126926443,2.693221257803932,-1.8910323518915115,5.3571489227549645,-3.1354233779434844
Catonella,0.08532866871187572,2.1693040385564233,1.984251409058849,2.8138335976973785,-0.9785742293400536,-0.6959935141794258,-3.922337931774825,0.13799846270732985,2.1568261103867687,2.3531004247675336,0.9797955060277883,2.8949243727912513,0.16296400404745315,-0.6891615154303792,2.971124816601474,2.735630312832543,3.1977254580432524,3.7212826192860793,2.8387359602386293,4.405909690556244,2.182099035615806,4.816327386820436,-1.9364871704536624,3.5310025718879263,-1.9452482844217474,3.100179557897227,4.990446169217581,-0.9386124430093021,2.450064354547497,2.4347212874881103,3.0538882230122018,0.5068629209068591,1.8086816223577737,-3.1354233779434844
Cellulosimicrobium,-2.6227215323903343,-1.6808435631536354,-1.383044420927625,-1.3605536721982587,-0.9785742293400536,1.0386075412086808,-3.922337931774825,0.402691016934412,-1.3985219511026452,-1.5787252079567922,1.1172664966563914,-1.309768246599715,1.1145228747590665,0.03677548795255703,-1.2032624532941631,0.3747763117145215,-1.6464616284153388,-1.488203533555342,-1.272137903934682,-1.7699575795495175,-2.7666608547623626,-1.4807819331134986,4.062449391493021,-1.2139295564753239,-1.9452482844217474,-1.1625003191440884,-1.5153378909106479,-0.9386124430093021,-1.3111357611460654,-1.4154263142219485,-2.4715647161195826,-1.8910323518915115,-1.4101942025104273,-3.1354233779434844
Cetobacterium,-2.6227215323903343,-1.6808435631536354,-1.383044420927625,-1.3605536721982587,-0.9785742293400536,1.7944533159841902,0.36812150937356636,1.5013033056025216,-1.3985219511026452,-1.5787252079567922,1.254232351729549,-1.309768246599715,1.2615762927155632,1.633226204859846,-1.2032624532941631,-1.234661600719579,1.9088864330740751,0.12123437887875832,-1.272137903934682,-1.7699575795495175,-2.7666608547623626,-1.4807819331134986,-1.9364871704536624,-1.2139295564753239,2.4492008702506913,-1.1625003191440884,-1.5153378909106479,-0.9386124430093021,-1.3111357611460654,-1.4154263142219485,-2.4715647161195826,-1.8910323518915115,-1.4101942025104273,3.4113620328170398
Chelatococcus,-2.6227215323903343,-1.6808435631536354,-1.383044420927625,-1.3605536721982587,-0.9785742293400536,0.8586361617596796,0.12071333605972523,1.403664836038606,-1.3985219511026452,-1.5787252079567922,1.0606476026568834,-1.309768246599715,1.172231192379713,1.5227692092955358,-1.2032624532941631,-1.234661600719579,-1.6464616284153388,-1.488203533555342,-1.272137903934682,-1.7699575795495175,-2.7666608547623626,-1.4807819331134986,-1.9364871704536624,-1.2139295564753239,-1.9452482844217474,-1.1625003191440884,-1.5153378909106479,-0.9386124430093021,-1.3111357611460654,-1.4154263142219485,-2.4715647161195826,-1.8910323518915115,-1.4101942025104273,-3.1354233779434844
Christensenellaceae_R_7_group,0.5127726835388153,-1.6808435631536354,-1.383044420927625,-1.3605536721982587,-0.9785742293400536,1.5447161750965326,2.920345350463597,0.07547810572599589,3.52145897472548,-1.5787252079567922,-0.14009418108760618,-1.309768246599715,0.1103202705620312,0.645839551301961,-1.2032624532941631,-1.234661600719579,-1.6464616284153388,-1.488203533555342,-1.272137903934682,-1.7699575795495175,2.302243347457869,-1.4807819331134986,1.2823886544145386,-1.2139295564753239,4.805853184515012,-1.1625003191440884,-1.5153378909106479,-0.9386124430093021,-1.3111357611460654,-1.4154263142219485,1.605972727786137,-1.8910323518915115,-1.4101942025104273,2.262739323574269
Citrobacter,-2.6227215323903343,-1.6808435631536354,-1.383044420927625,-1.3605536721982587,-0.9785742293400536,-3.404043715281636,-0.5550421017883509,-3.3585090987591504,-1.3985219511026452,-1.5787252079567922,-3.5740813855727525,-1.309768246599715,-3.500597642082193,-3.3972117165325892,-1.2032624532941631,-1.234661600719579,-1.6464616284153388,-1.488203533555342,-1.272137903934682,-1.7699575795495175,-2.7666608547623626,-1.4807819331134986,-1.9364871704536624,-1.2139295564753239,4.595781714768156,-1.1625003191440884,-1.5153378909106479,-0.9386124430093021,-1.3111357611460654,-1.4154263142219485,1.994343402535001,-1.8910323518915115,-1.4101942025104273,1.626750556854272
Clostridium_sensu_stricto_1,1.2690987657202926,-1.6808435631536354,1.1819049365339116,-1.3605536721982587,-0.9785742293400536,-0.10820684927730673,-3.922337931774825,-1.412598949703837,1.7369722648265042,-1.5787252079567922,-0.35520556070455145,2.622057386124611,-1.8911597296480926,-0.9993164437342186,-1.2032624532941631,-1.234661600719579,-1.6464616284153388,1.730672291312859,-1.272137903934682,1.2745648581739053,-2.7666608547623626,-1.4807819331134986,-1.9364871704536624,-1.2139295564753239,-0.33581037198764685,-1.1625003191440884,-1.5153378909106479,-0.9386124430093021,-1.3111357611460654,-1.4154263142219485,-2.4715647161195826,-1.8910323518915115,-1.4101942025104273,2.2164347555325823
Collinsella,-1.0132836199562338,-1.6808435631536354,-1.383044420927625,-1.3605536721982587,-0.9785742293400536,-3.404043715281636,0.39515018176148553,-0.6504588976569403,2.5717699624494763,-1.5787252079567922,-0.8660311844705424,2.622057386124611,-1.3033730647459736,-1.7877738040984887,-1.2032624532941631,-1.234661600719579,-1.6464616284153388,2.3184589562149776,-1.272137903934682,-1.7699575795495175,2.1085364684387895,-1.4807819331134986,-1.9364871704536624,-1.2139295564753239,4.973446934598725,-1.1625003191440884,-1.5153378909106479,-0.9386124430093021,-1.3111357611460654,-1.4154263142219485,-0.8621268036854821,-1.8910323518915115,-1.4101942025104273,2.3900295611883
Comamonas,1.2690987657202926,3.5176534681121905,-1.383044420927625,3.0088941802687628,2.9132460687705732,-3.404043715281636,-0.7868437158456754,1.1301272709729897,2.8641579259386702,3.954664280770728,-3.5740813855727525,1.9860686194046142,-3.500597642082193,-1.7877738040984887,4.47006081387733,2.132634229266895,4.832048013793231,2.067144527934072,-1.272137903934682,4.708552062659052,4.043481595352775,2.91366722155894,-1.9364871704536624,3.8423162488729847,4.479620739483641,2.0563755057241124,2.5955359732626633,1.8946009010469138,-1.3111357611460654,2.195491598422276,1.8722407057341015,1.7198855607527128,-1.4101942025104273,0.975450486229827
Commensalibacter,-2.6227215323903343,-1.6808435631536354,-1.383044420927625,-1.3605536721982587,3.6165456207945366,0.7390910111098967,-3.922337931774825,-3.3585090987591504,-1.3985219511026452,-1.5787252079567922,-0.07757382410627223,1.3982819545024952,-3.500597642082193,0.6803257273731305,-1.2032624532941631,-1.234661600719579,-1.6464616284153388,-1.488203533555342,-1.272137903934682,2.036704910220802,-2.7666608547623626,1.8865138968729753,-1.9364871704536624,-1.2139295564753239,4.087837937377055,-1.1625003191440884,-1.5153378909106479,2.8225876726842603,-1.3111357611460654,-1.4154263142219485,-2.4715647161195826,-1.8910323518915115,2.1451538589789867,-3.1354233779434844
Conexibacter,1.9923989844509253,3.0640885652096146,-1.383044420927625,-1.3605536721982587,-0.9785742293400536,-0.8390943578200991,0.8398360030229313,-1.412598949703837,3.591910635676091,-1.5787252079567922,-0.8660311844705424,-1.309768246599715,-3.500597642082193,0.2137061961116351,-1.2032624532941631,-1.234661600719579,-1.6464616284153388,-1.488203533555342,-1.272137903934682,-1.7699575795495175,-2.7666608547623626,-1.4807819331134986,-1.9364871704536624,-1.2139295564753239,-1.9452482844217474,-1.1625003191440884,-1.5153378909106479,-0.9386124430093021,-1.3111357611460654,-1.4154263142219485,-2.4715647161195826,-1.8910323518915115,-1.4101942025104273,1.4184535136570564
Corynebacterium,5.905015872901574,5.838306394516188,7.236163695895342,7.242266605185415,5.811523006173851,4.787696305995823,2.352424089467114,2.6697694214715484,4.934757677037045,5.9317053484212146,2.191109717212092,3.866381485974114,3.7985238206286067,1.7789380160412396,6.406104084660049,6.39628498017088,6.470552459321972,7.196705062265488,6.767986760513698,7.199457071316658,5.606892886452265,5.279632757969929,5.152755984573852,8.51728577511985,3.7880929924759985,2.2714868853410577,3.944247623233511,6.417028659964951,8.314950028345837,7.785368644910702,5.032276030579368,5.801993396526377,5.702133242200484,3.3881389282060277
Cupriavidus,-2.6227215323903343,-1.6808435631536354,-1.383044420927625,1.6839687655251643,-0.9785742293400536,0.7703435546140014,2.756004182879507,-3.3585090987591504,-1.3985219511026452,-1.5787252079567922,-3.5740813855727525,-1.309768246599715,0.39122265602843376,-3.3972117165325892,-1.2032624532941631,-1.234661600719579,-1.6464616284153388,-1.488203533555342,-1.272137903934682,-1.7699575795495175,-2.7666608547623626,-1.4807819331134986,0.6284621870078744,-1.2139295564753239,-1.9452482844217474,-1.1625003191440884,-1.5153378909106479,-0.9386124430093021,-1.3111357611460654,-1.4154263142219485,-2.4715647161195826,-1.8910323518915115,-1.4101942025104273,-3.1354233779434844
Cutibacterium,0.98819638025389,-1.6808435631536354,-1.383044420927625,-1.3605536721982587,0.9673359197152598,-3.404043715281636,0.47211122289761365,-0.7935597412976136,0.9993733216957252,2.032192704687432,-3.5740813855727525,-1.309768246599715,-3.500597642082193,0.26634992959705706,-1.2032624532941631,-1.234661600719579,-1.6464616284153388,-1.488203533555342,-1.272137903934682,-1.7699575795495175,1.9782712736008876,-1.4807819331134986,3.6507614879465873,-1.2139295564753239,3.8807518229587026,-1.1625003191440884,0.8825573818877227,-0.9386124430093021,-1.3111357611460654,-1.4154263142219485,-2.4715647161195826,1.7725292942381348,-1.4101942025104273,0.7147242237665745
Cyanobium_PCC_6307,-2.6227215323903343,-1.6808435631536354,1.1819049365339116,-1.3605536721982587,-0.9785742293400536,-1.0061484424832652,-3.922337931774825,-3.3585090987591504,-1.3985219511026452,-1.5787252079567922,-3.5740813855727525,-1.309768246599715,-0.5561586629157524,-3.3972117165325892,-1.2032624532941631,-1.234661600719579,-1.6464616284153388,-1.488203533555342,-1.272137903934682,-1.7699575795495175,-2.7666608547623626,-1.4807819331134986,-1.9364871704536624,-1.2139295564753239,3.9380741040665312,-1.1625003191440884,-1.5153378909106479,-0.9386124430093021,-1.3111357611460654,-1.4154263142219485,-2.4715647161195826,-1.8910323518915115,-1.4101942025104273,-3.1354233779434844
Defluviitaleaceae_UCG_011,0.5127726835388153,-1.6808435631536354,0.8141801564085945,1.4726596718579574,-0.9785742293400536,-3.404043715281636,-3.922337931774825,-3.3585090987591504,-1.3985219511026452,-1.5787252079567922,-1.964643473138652,-1.309768246599715,-3.500597642082193,0.36398839916097314,2.804070731938308,-1.234661600719579,2.6162182486259766,4.021184803072635,2.5345245858356376,2.2730936882850328,-2.7666608547623626,3.8898560950141636,-1.9364871704536624,2.3969883561689,-1.9452482844217474,2.0563755057241124,4.483598671036035,3.4558367116631366,-0.21252347247795567,1.149523043239588,1.7331279032713836,-1.8910323518915115,-1.4101942025104273,1.7087637085151068
Desulfovibrio,1.3091041003339914,-1.6808435631536354,-1.383044420927625,-1.3605536721982587,-0.9785742293400536,0.1513043462077781,0.04795398177729693,-3.3585090987591504,-1.3985219511026452,-1.5787252079567922,-3.5740813855727525,-1.309768246599715,-0.004090080615712921,-0.35268927880916623,-1.2032624532941631,-1.234661600719579,2.431075815490381,-1.488203533555342,-0.1735256152665724,4.258320940681181,2.123688273459391,-1.4807819331134986,-1.9364871704536624,1.1839657163230466,-1.9452482844217474,3.303407799510495,0.8825573818877227,-0.9386124430093021,-1.3111357611460654,1.529012664944492,0.5729577216038404,4.4023869269549705,-1.4101942025104273,-3.1354233779434844
Devosia,0.5961542924778667,-1.6808435631536354,-1.383044420927625,-1.3605536721982587,-0.9785742293400536,-3.404043715281636,1.3087706850797618,-0.06267223275482126,-1.3985219511026452,4.410236208933071,0.35774424715157327,-1.309768246599715,1.094522208052397,-0.17833589166438824,-1.2032624532941631,-1.234661600719579,-1.6464616284153388,-1.488203533555342,-1.272137903934682,-1.7699575795495175,0.7298467067041177,-1.4807819331134986,4.7266455255371405,-1.2139295564753239,-1.9452482844217474,-1.1625003191440884,-1.5153378909106479,-0.9386124430093021,-1.3111357611460654,-1.4154263142219485,1.971086540370734,-1.8910323518915115,-1.4101942025104273,2.017868216554295
Dialister,0.32171744677610636,4.032889242355734,3.2516845673020107,3.058286935598339,-0.9785742293400536,-0.35952127755821284,-3.922337931774825,-0.5252957547029342,2.712351913070666,0.3671849410985212,-1.0091320281112157,1.909107578268486,0.506735543150278,0.9465937053210949,3.3714485252092197,3.2312465179350047,0.5507629489208807,5.968251021620866,4.237250432693295,3.817291078850732,1.8284589953722277,3.85193686015187,-1.9364871704536624,2.0819073095290053,4.007995049866038,2.1333365468602405,3.328849195547943,1.8946009010469138,3.5640615620550866,4.691596573520306,3.2746384744205703,3.2149131220090688,0.19924370992367313,-3.1354233779434844
Dietzia,1.7717276222821043,2.2894483503984864,2.624288764304846,-1.3605536721982587,0.9673359197152598,-3.404043715281636,-3.922337931774825,-3.3585090987591504,-1.3985219511026452,3.5860607659667223,-1.628171236517439,2.4514318690938475,-3.500597642082193,-3.3972117165325892,-1.2032624532941631,-1.234661600719579,-1.6464616284153388,-1.488203533555342,-1.272137903934682,-1.7699575795495175,-2.7666608547623626,-1.4807819331134986,-1.9364871704536624,-1.2139295564753239,-1.9452482844217474,2.3928477423453254,-1.5153378909106479,1.2586121343269172,-1.3111357611460654,-1.4154263142219485,-2.4715647161195826,-1.8910323518915115,-1.4101942025104273,2.7915026480269263
Dongia,1.7210838894633498,-1.6808435631536354,-1.383044420927625,-1.3605536721982587,-0.9785742293400536,0.6032894699508353,0.9829368466636046,-0.7935597412976136,-1.3985219511026452,-1.5787252079567922,0.03683652707147189,-1.309768246599715,-3.500597642082193,-0.0299158865461151,-1.2032624532941631,-1.234661600719579,-1.6464616284153388,-1.488203533555342,-1.272137903934682,-1.7699575795495175,-2.7666608547623626,-1.4807819331134986,-1.9364871704536624,-1.2139295564753239,-1.9452482844217474,-1.1625003191440884,-1.5153378909106479,-0.9386124430093021,-1.3111357611460654,-1.4154263142219485,-2.4715647161195826,3.8292794247159003,-1.4101942025104273,-3.1354233779434844
Dubosiella,1.9311553592102064,-1.6808435631536354,-1.383044420927625,2.0734335322868875,-0.9785742293400536,1.1910761348529544,0.566298437957315,0.9589790147771602,-1.3985219511026452,-1.5787252079567922,0.8918267330818312,-1.309768246599715,1.0741133364211897,0.7136621476407221,-1.2032624532941631,-1.234661600719579,-1.6464616284153388,-1.488203533555342,-1.272137903934682,-1.7699575795495175,1.6992472638922211,-1.4807819331134986,4.205550235133694,-1.2139295564753239,3.4066098490543193,-1.1625003191440884,-1.5153378909106479,-0.9386124430093021,-1.3111357611460654,-1.4154263142219485,3.2873370577576977,-1.8910323518915115,-1.4101942025104273,3.7241915257107174
Eikenella,2.311752400740357,3.43715024926312,3.2709159292298984,2.4006464434953037,2.156919986589096,-3.404043715281636,-2.3129000193407245,0.8158781711364869,1.5459170280637953,-1.5787252079567922,-3.5740813855727525,2.622057386124611,-3.500597642082193,-3.3972117165325892,3.5241253654181777,1.809860837003844,3.1818521088869627,2.1753581125743042,2.095157926051792,-1.7699575795495175,1.5771445670913216,2.5265512521189724,-1.9364871704536624,3.296929950041526,-1.9452482844217474,2.5510717475602194,2.828467530943036,2.774959623695006,3.006352352390245,2.8186801903753107,-2.4715647161195826,-1.8910323518915115,3.7771916033303277,-3.1354233779434844
Ellin6067,0.9326265290990796,-1.6808435631536354,-1.383044420927625,-1.3605536721982587,-0.9785742293400536,0.35715640041192653,2.153008099313859,0.07547810572599589,-1.3985219511026452,-1.5787252079567922,-0.27824451956842333,3.109072361196883,-0.45607520435877014,-0.35268927880916623,-1.2032624532941631,-1.234661600719579,2.907415263185202,-1.488203533555342,0.9250866734015374,2.5475305339867926,-0.0586106536601525,2.232790133590809,0.009422978601651089,-1.2139295564753239,-1.9452482844217474,-1.1625003191440884,-1.5153378909106479,-0.9386124430093021,1.9847011048582637,2.7892663051690176,-2.4715647161195826,1.4048045141128176,-1.4101942025104273,1.8274212523164226
Enhydrobacter,-2.6227215323903343,1.1523697809025806,-1.383044420927625,-1.3605536721982587,1.8546391147161625,-1.2068191379454163,-0.03051763366419813,-3.3585090987591504,-1.3985219511026452,2.595662061938845,-1.628171236517439,-1.309768246599715,-0.5561586629157524,-1.7877738040984887,-1.2032624532941631,1.473388600382631,-1.6464616284153388,-1.488203533555342,-1.272137903934682,-1.7699575795495175,-2.7666608547623626,-1.4807819331134986,3.067459135491797,0.7319805925799894,-1.9452482844217474,-1.1625003191440884,-1.5153378909106479,-0.9386124430093021,0.634774387909248,-1.4154263142219485,-2.4715647161195826,2.8538997764717386,-1.4101942025104273,-3.1354233779434844
Ensifer,-2.6227215323903343,-1.6808435631536354,1.8358314039405759,-1.3605536721982587,-0.9785742293400536,-3.404043715281636,-0.2087658650705171,0.25240881388507397,-1.3985219511026452,-1.5787252079567922,-3.5740813855727525,-1.309768246599715,-1.8911597296480926,-0.0299158865461151,-1.2032624532941631,-1.234661600719579,-1.6464616284153388,1.345009810500874,-1.272137903934682,-1.7699575795495175,2.012462638349167,-1.4807819331134986,-1.9364871704536624,-1.2139295564753239,-1.9452482844217474,-1.1625003191440884,-1.5153378909106479,-0.9386124430093021,-1.3111357611460654,-1.4154263142219485,-2.4715647161195826,-1.8910323518915115,2.76419306738521,1.9944753369795891
Enterobacter,-2.6227215323903343,1.3636788745697874,1.0148508518707455,0.8366709051379608,-0.9785742293400536,2.4792786732066427,0.6927825850664346,1.2366107513754399,-1.3985219511026452,2.8157239467156465,1.6462744395055728,-1.309768246599715,1.476136100338381,1.9060931915264865,-1.2032624532941631,-1.234661600719579,-1.6464616284153388,-1.488203533555342,-1.272137903934682,-1.7699575795495175,-2.7666608547623626,-1.4807819331134986,-1.9364871704536624,-1.2139295564753239,-1.9452482844217474,-1.1625003191440884,-1.5153378909106479,-0.9386124430093021,-1.3111357611460654,-1.4154263142219485,-2.4715647161195826,0.05487779716380192,-1.4101942025104273,1.5559245042856595
Enterococcus,0.9326265290990796,-1.6808435631536354,-1.383044420927625,-1.3605536721982587,-0.9785742293400536,0.35715640041192653,2.756004182879507,-0.06267223275482126,0.7987026262335741,-1.5787252079567922,1.360392547557939,-1.309768246599715,-0.20476077607786403,-0.35268927880916623,-1.2032624532941631,-1.234661600719579,-1.6464616284153388,-1.488203533555342,-1.272137903934682,-1.7699575795495175,1.9782712736008876,-1.4807819331134986,6.559073720835461,-1.2139295564753239,6.172958764984035,-1.1625003191440884,-1.5153378909106479,-0.9386124430093021,-1.3111357611460654,-1.4154263142219485,4.298077260732921,6.277737471783759,-1.4101942025104273,4.331376097075118
Escherichia_Shigella,2.031238817767189,-1.6808435631536354,1.1819049365339116,-1.3605536721982587,-0.9785742293400536,2.8631568332597266,3.779766408276225,3.0266853002385754,2.8919374900457457,1.5567690079723575,3.049983842227141,-1.309768246599715,2.597476640084047,2.3742294065974265,-1.2032624532941631,3.0280182763217365,0.7514336443830318,-1.488203533555342,0.9250866734015374,2.161868053174808,4.15401064948632,0.7164426442227209,7.274552956636794,1.9215646594538256,7.078159918202797,1.0347242581921312,2.19823417579366,1.007297706046011,0.634774387909248,-1.4154263142219485,4.776227865648263,7.0707184474389875,-1.4101942025104273,5.0339130179849025
Exiguobacterium,-2.6227215323903343,1.8745044983357784,1.8358314039405759,-1.3605536721982587,-0.9785742293400536,-3.404043715281636,1.3709668929496672,-3.3585090987591504,-1.3985219511026452,-1.5787252079567922,-3.5740813855727525,-1.309768246599715,-1.3033730647459736,-3.3972117165325892,-1.2032624532941631,-1.234661600719579,-1.6464616284153388,-1.488203533555342,-1.272137903934682,1.365536636379632,-2.7666608547623626,-1.4807819331134986,-1.9364871704536624,-1.2139295564753239,-1.9452482844217474,-1.1625003191440884,2.0955800217335763,-0.9386124430093021,-1.3111357611460654,-1.4154263142219485,-2.4715647161195826,-1.8910323518915115,-1.4101942025104273,2.6107798125966686
F0058,1.8881379741265159,3.592155995410111,4.833561680157239,3.2345661779363315,-0.9785742293400536,-3.404043715281636,-3.922337931774825,1.1953677928413904,1.3095282499995646,1.9766228535326218,-0.14009418108760618,3.0846809080727238,-0.20476077607786403,-0.26171750060343957,3.1661853991728584,0.9625629766166406,4.529405641690422,5.508477954621196,2.578009697775377,5.19133846636065,3.963163215727113,1.7380938917547022,2.2976193341435973,4.893093331266931,-1.9452482844217474,4.217397034396371,2.995521615606202,0.6708254694247981,4.0311984908187455,3.1996942026193107,1.6393091480537287,3.618355984736466,2.200723710133797,-3.1354233779434844
F0332,5.810437663415893,4.824940496974594,3.698359944056838,0.5853564768570547,5.515179610511633,-3.404043715281636,-3.922337931774825,0.19683896273026358,2.1568261103867687,0.8191700648415784,0.35774424715157327,3.6669654958208593,1.5683065601380384,2.136177772194931,5.857213912705637,3.808763516199668,6.509187641950662,4.31391484182172,4.861260139061966,3.73130063099521,2.3866307397354167,0.7164426442227209,-1.9364871704536624,7.401659956797107,-1.9452482844217474,7.446542525902028,5.281485827364207,4.875518088815764,5.577436698419298,0.7817982631142708,2.2197831661095613,4.293116539045972,6.405416329524763,-3.1354233779434844
Faecalibacterium,1.7961190754062635,-1.6808435631536354,1.450168923128591,2.0067421577882154,-0.9785742293400536,1.455768689080036,1.626738153120395,1.759484713657605,-1.3985219511026452,1.6401506169114088,0.3962105279793695,-1.309768246599715,0.7620822349591223,0.5346139161917365,-1.2032624532941631,-1.234661600719579,-1.6464616284153388,-1.488203533555342,-1.272137903934682,-1.7699575795495175,-2.7666608547623626,-1.4807819331134986,-1.9364871704536624,-1.2139295564753239,4.757939828819115,-1.1625003191440884,-1.5153378909106479,-0.9386124430093021,-1.3111357611460654,-1.4154263142219485,-2.4715647161195826,-1.8910323518915115,-1.4101942025104273,2.225868787765941
Faecalibaculum,-2.6227215323903343,-1.6808435631536354,-1.383044420927625,-1.3605536721982587,-0.9785742293400536,1.0845926544505042,1.1080999896176102,0.6845421690753999,-1.3985219511026452,-1.5787252079567922,0.35774424715157327,-1.309768246599715,1.172231192379713,0.36398839916097314,-1.2032624532941631,-1.234661600719579,-1.6464616284153388,-1.488203533555342,-1.272137903934682,-1.7699575795495175,0.7298467067041177,1.6547122828156509,-1.9364871704536624,-1.2139295564753239,-1.9452482844217474,-1.1625003191440884,-1.5153378909106479,-0.9386124430093021,-1.3111357611460654,-1.4154263142219485,-2.4715647161195826,-1.8910323518915115,-1.4101942025104273,1.3971761152097715
Family_XIII_AD3011_group,-2.6227215323903343,-1.6808435631536354,-1.383044420927625,-1.3605536721982587,-0.9785742293400536,-3.404043715281636,0.6102615613784308,-3.3585090987591504,-1.3985219511026452,-1.5787252079567922,-3.5740813855727525,-1.309768246599715,-3.500597642082193,-1.7877738040984887,-1.2032624532941631,-1.234661600719579,1.2979773507511019,-1.488203533555342,-1.272137903934682,-1.7699575795495175,-2.7666608547623626,-1.4807819331134986,-1.9364871704536624,-1.2139295564753239,3.9324874973578914,-1.1625003191440884,0.4305722581446655,-0.9386124430093021,-1.3111357611460654,0.19401159821215175,-2.4715647161195826,-1.8910323518915115,-1.4101942025104273,-3.1354233779434844
Ferruginibacter,-2.6227215323903343,1.0272066379485745,-1.383044420927625,-1.3605536721982587,2.6323436833041707,-3.404043715281636,0.08499525345764614,-0.9606138259607797,0.7987026262335741,4.5971420621489685,-0.2067855555862783,3.3441921035578086,-3.500597642082193,-0.10137485052826012,-1.2032624532941631,-1.234661600719579,-1.6464616284153388,-1.488203533555342,-1.272137903934682,1.6640296249356286,-2.7666608547623626,-1.4807819331134986,-1.9364871704536624,-1.2139295564753239,-1.9452482844217474,-1.1625003191440884,-1.5153378909106479,2.0058265361571386,-1.3111357611460654,2.0185608902631973,-2.4715647161195826,-1.8910323518915115,2.4399533991996316,-3.1354233779434844
Filifactor,-2.6227215323903343,3.3231027427918236,2.227873491716599,3.1280826975338814,-0.9785742293400536,-3.404043715281636,-3.922337931774825,-3.3585090987591504,3.2362070371269906,-1.5787252079567922,-0.2067855555862783,1.8257259693294348,-3.500597642082193,0.26634992959705706,1.3616869041673736,1.809860837003844,3.8629267082126386,4.913713663171843,4.070196348030128,4.1462444830579175,2.5756733972024484,5.036889339798776,-1.9364871704536624,2.8291217113592264,-1.9452482844217474,3.8142334232764856,4.963171751297922,4.191286271913771,0.634774387909248,4.380631436543423,3.527371845827101,-1.8910323518915115,1.1547551549511095,-3.1354233779434844
Flavisolibacter,-2.6227215323903343,-1.6808435631536354,-1.383044420927625,-1.3605536721982587,-0.9785742293400536,-3.404043715281636,1.5707235115657232,0.6117828147929716,-1.3985219511026452,-1.5787252079567922,-0.6296424064063117,-1.309768246599715,-0.28172181721399214,-0.8322623590710525,-1.2032624532941631,-1.234661600719579,-1.6464616284153388,-1.488203533555342,-1.272137903934682,-1.7699575795495175,2.6405109166977563,-1.4807819331134986,-1.9364871704536624,-1.2139295564753239,0.0006618646335661005,-1.1625003191440884,-1.5153378909106479,-0.9386124430093021,-1.3111357611460654,-1.4154263142219485,-2.4715647161195826,-0.281594439457411,-1.4101942025104273,1.7845575478846407
Flavobacterium,1.7961190754062635,-1.6808435631536354,1.5613945582388156,-1.3605536721982587,-0.9785742293400536,1.4401433711769553,1.8110033451229208,0.9852963230945337,-1.3985219511026452,-1.5787252079567922,-0.35520556070455145,-1.309768246599715,-0.667384298025977,-0.10137485052826012,-1.2032624532941631,-1.234661600719579,-1.6464616284153388,1.4562354456110986,-1.272137903934682,-1.7699575795495175,-1.157222942328262,-1.4807819331134986,1.3593496955506668,-1.2139295564753239,0.2519762929144722,-1.1625003191440884,-1.5153378909106479,-0.9386124430093021,-1.3111357611460654,-1.4154263142219485,-2.4715647161195826,-1.8910323518915115,-1.4101942025104273,1.7243890264181876
Fretibacterium,1.8431865862642494,3.8759844985459027,1.984251409058849,3.3843784561649914,0.6308636830940468,-3.404043715281636,-3.922337931774825,-3.3585090987591504,1.8973149149016837,-1.5787252079567922,1.3311933928656772,1.9860686194046142,-3.500597642082193,2.440518730633351,4.23915525722763,0.3747763117145215,6.105873534886953,6.524477396151497,5.010128842961324,6.47463917683298,4.59788615949328,4.751666083437024,-1.9364871704536624,3.3186699366779315,-1.9452482844217474,4.29708519500007,6.288913492617465,2.1968817729198475,2.863251508749572,4.125837230936478,3.069698829038844,4.379956079966788,3.2993359988019066,-3.1354233779434844
FukuN18_freshwater_group,-2.6227215323903343,-1.6808435631536354,-1.383044420927625,-1.3605536721982587,-0.9785742293400536,1.6263942061107994,-3.922337931774825,1.437281446837591,-1.3985219511026452,-1.5787252079567922,1.2217091600239889,-1.309768246599715,-0.06661043759704688,0.6101214686998819,-1.2032624532941631,-1.234661600719579,-1.6464616284153388,-1.488203533555342,-1.272137903934682,-1.7699575795495175,-2.7666608547623626,-1.4807819331134986,-1.9364871704536624,-1.2139295564753239,-1.9452482844217474,-1.1625003191440884,-1.5153378909106479,-0.9386124430093021,-1.3111357611460654,-1.4154263142219485,-2.4715647161195826,-1.8910323518915115,-1.4101942025104273,-3.1354233779434844
Fusobacterium,4.983665857382318,6.780202467639601,7.927593672363921,7.438051978656164,4.9952353825292075,3.6935051353331567,1.1080999896176102,5.229887851663419,7.077224050399419,6.438582299731789,3.057920391822878,5.815514844910997,3.014115048790337,4.446244687843526,6.239230269500277,6.651043790523441,6.3981646513519985,7.8752870179145145,7.344900622451271,7.0241094856018975,6.169111083907422,7.555324092251348,2.4823534373429355,7.499323717845381,4.033637480479374,7.196634567613874,7.128487951438956,6.274419216825567,6.905762819767547,6.0340716911609,5.711273994646444,5.792831628364918,7.435583052678017,2.2444739755969754
Gaiella,-2.6227215323903343,1.2635954160128051,-1.383044420927625,0.24888424023584177,-0.9785742293400536,1.149833176318905,1.8676222391224284,-0.6504588976569403,-1.3985219511026452,-1.5787252079567922,0.3962105279793695,-1.309768246599715,-1.5546874930268797,0.2137061961116351,-1.2032624532941631,-1.234661600719579,-1.6464616284153388,-1.488203533555342,-1.272137903934682,-1.7699575795495175,1.1651647779619632,-1.4807819331134986,-1.9364871704536624,-1.2139295564753239,-1.9452482844217474,-1.1625003191440884,-1.5153378909106479,-0.9386124430093021,-1.3111357611460654,-1.4154263142219485,1.8978831363474389,-1.8910323518915115,-1.4101942025104273,2.8281559656749624
Gardnerella,-2.6227215323903343,-0.07140565071953497,0.22639349150647547,-1.3605536721982587,1.218650347996166,1.12855577787162,-0.03051763366419813,1.0359400559132883,-1.3985219511026452,-1.5787252079567922,1.3887632446871545,-1.309768246599715,1.010261864434657,0.45293588517746963,-1.2032624532941631,-1.234661600719579,-1.6464616284153388,-1.488203533555342,-1.272137903934682,-1.7699575795495175,0.9469112119419454,-1.4807819331134986,-1.9364871704536624,-1.2139295564753239,-1.9452482844217474,-1.1625003191440884,-1.5153378909106479,-0.9386124430093021,-1.3111357611460654,-1.4154263142219485,-2.4715647161195826,-1.8910323518915115,-1.4101942025104273,-3.1354233779434844
Gemella,4.792453577222961,7.3630879704886425,6.7363541686846675,6.302853992695221,6.378344013015967,4.1450389955306495,0.5203133247154916,2.1179544531723606,5.500192583227343,5.259679992890551,3.9526361757799537,5.52218531896614,3.807945155456997,2.8887863779762757,4.744772535886483,6.78725117826613,4.917393898116789,4.449332671527084,7.0832419913189515,4.7995238408647785,2.9666804221353833,7.103509001835233,-1.9364871704536624,5.01458144711586,-1.9452482844217474,4.235662382373665,6.425957679995884,8.157999163638538,6.789025685790542,7.322507543892187,6.0008402925065205,5.575767123127091,6.900958345491262,-3.1354233779434844
Gemmatimonas,2.1894628229820836,-1.6808435631536354,-1.383044420927625,2.0067421577882154,-0.9785742293400536,-1.2068191379454163,1.7231089658684127,-3.3585090987591504,0.9993733216957252,2.9751516836437486,0.6306112338182137,2.0575275833867592,-0.9356482846206564,-1.1999871391963697,-1.2032624532941631,-1.234661600719579,-1.6464616284153388,-1.488203533555342,-1.272137903934682,-1.7699575795495175,0.17777812440407814,-1.4807819331134986,5.16106168016113,-1.2139295564753239,-1.9452482844217474,-1.1625003191440884,-1.5153378909106479,-0.9386124430093021,1.8243584547830842,-1.4154263142219485,2.7807087119270473,0.5068629209068591,-1.4101942025104273,1.7087637085151068
Gilliamella,-2.6227215323903343,-1.6808435631536354,-1.383044420927625,-1.3605536721982587,-0.9785742293400536,1.305486486030698,1.0121360013558665,1.2162018797442324,-1.3985219511026452,-1.5787252079567922,1.3011159376283996,-1.309768246599715,1.5931525587245692,0.777175553363048,-1.2032624532941631,-1.234661600719579,-1.6464616284153388,-1.488203533555342,-1.272137903934682,-1.7699575795495175,-2.7666608547623626,-1.4807819331134986,-1.9364871704536624,-1.2139295564753239,-0.8466359957536376,-1.1625003191440884,-1.5153378909106479,-0.9386124430093021,-1.3111357611460654,-1.4154263142219485,-2.4715647161195826,-1.8910323518915115,-1.4101942025104273,-3.1354233779434844
Granulicatella,4.632163277687004,5.620978778984297,4.2337266767389465,2.873552832399001,4.363760022624757,0.7068301488916755,0.36812150937356636,0.5733165339651753,6.479633385400679,4.89052510883898,2.6059352680798207,5.095460211431127,2.513117513960609,2.6066753505739504,7.031833043964195,5.988634078842735,4.093331283763895,5.149054497729114,4.899562693476232,5.916663755395103,5.1964512042169275,6.08397507979223,-1.9364871704536624,5.930477623845816,-1.9452482844217474,4.709617470331327,5.903442991840146,3.4308354094577194,5.978474760305103,6.787330067433688,3.6661623379666515,4.947372848955832,5.192393689678909,-3.1354233779434844
HSB_OF53_F07,3.1106197445074115,0.7170517096447352,-1.383044420927625,1.037341600600112,-0.9785742293400536,0.9134443982546747,-3.922337931774825,-3.3585090987591504,-1.3985219511026452,-1.5787252079567922,-1.1761861127743818,-1.309768246599715,-1.3033730647459736,-0.5639983724763731,-1.2032624532941631,-1.234661600719579,-1.6464616284153388,-1.488203533555342,-1.272137903934682,-1.7699575795495175,-2.7666608547623626,-1.4807819331134986,-1.9364871704536624,-1.2139295564753239,-1.9452482844217474,-1.1625003191440884,-1.5153378909106479,-0.9386124430093021,-1.3111357611460654,-1.4154263142219485,-2.4715647161195826,-1.8910323518915115,-1.4101942025104273,-3.1354233779434844
Haemophilus,6.989945695193509,8.717614583824384,9.01168830339555,8.984184320248822,9.718380839017406,5.826001239968882,2.2325201622415927,7.026138369587212,9.351241511235598,8.365280292882225,6.596796242397145,7.912204209606175,6.026668020815412,6.725853035438139,8.082092622487465,9.105822026204063,7.090188326457112,7.369026960646604,9.005908714013728,7.621286678133,6.280101203237001,7.606825673480388,4.124969748474355,7.934429023144978,-1.9452482844217474,9.771516950410268,8.54262885891354,10.46816330607762,8.629792074363907,7.173715376506872,6.358247033038468,6.7267298944464216,7.839463031842706,-3.1354233779434844
Haliangium,0.7445742975961398,-1.6808435631536354,0.22639349150647547,1.583885306968182,-0.9785742293400536,0.25951793084801045,1.466733798041676,-0.13963327389094937,-1.3985219511026452,3.51502499284997,0.4689698822617978,2.3537933995299314,0.26060247361136923,-0.17833589166438824,-1.2032624532941631,-1.234661600719579,-1.6464616284153388,-1.488203533555342,-1.272137903934682,-1.7699575795495175,-2.7666608547623626,-1.4807819331134986,-0.8378748817855526,-1.2139295564753239,3.954649069160744,-1.1625003191440884,-1.5153378909106479,-0.9386124430093021,-1.3111357611460654,-1.4154263142219485,-2.4715647161195826,-1.8910323518915115,0.5357159465448861,2.7753732660970427
Helicobacter,1.551665737505303,-1.6808435631536354,-1.383044420927625,-1.3605536721982587,-0.9785742293400536,0.35715640041192653,1.502612085706578,-0.06267223275482126,-1.3985219511026452,-1.5787252079567922,0.4689698822617978,-1.309768246599715,-0.20476077607786403,-3.3972117165325892,-1.2032624532941631,-1.234661600719579,-1.6464616284153388,-1.488203533555342,-1.272137903934682,-1.7699575795495175,1.9607269639499783,-1.4807819331134986,-1.9364871704536624,-1.2139295564753239,-0.8466359957536376,-1.1625003191440884,-1.5153378909106479,-0.9386124430093021,-1.3111357611460654,0.9824689585764219,3.818150854789415,4.500884761501091,-1.4101942025104273,2.6171492608821487
Hyphomicrobium,-2.6227215323903343,-1.6808435631536354,-1.383044420927625,1.204395685263278,-0.9785742293400536,1.4401433711769553,1.0949419050400993,1.1740903943941055,-1.3985219511026452,1.6401506169114088,1.3162677426490013,1.3982819545024952,0.9420536144081235,0.49460858157803766,-1.2032624532941631,-1.234661600719579,2.323830285136783,-1.488203533555342,-1.272137903934682,-1.7699575795495175,-0.569436277426143,1.2272682679887112,-1.9364871704536624,-1.2139295564753239,-1.9452482844217474,-1.1625003191440884,0.8825573818877227,2.495374761475844,-1.3111357611460654,-1.4154263142219485,-2.4715647161195826,-1.8910323518915115,2.4816260956001996,-3.1354233779434844
Iamia,0.8737860290761459,-1.6808435631536354,-1.383044420927625,1.037341600600112,-0.9785742293400536,-0.03674788529516171,0.566298437957315,-0.9606138259607797,-1.3985219511026452,-1.5787252079567922,-3.5740813855727525,-1.309768246599715,-1.3033730647459736,-0.9993164437342186,-1.2032624532941631,-1.234661600719579,-1.6464616284153388,-1.488203533555342,-1.272137903934682,-1.7699575795495175,-2.7666608547623626,-1.4807819331134986,-1.9364871704536624,-1.2139295564753239,-1.9452482844217474,-1.1625003191440884,-1.5153378909106479,-0.9386124430093021,-1.3111357611460654,-1.4154263142219485,-2.4715647161195826,-1.8910323518915115,-1.4101942025104273,2.4058401672149423
Ileibacterium,-0.4254969550541148,-1.6808435631536354,-1.383044420927625,-1.3605536721982587,-0.9785742293400536,-3.404043715281636,-3.922337931774825,-0.7935597412976136,-1.3985219511026452,-1.5787252079567922,-3.5740813855727525,-1.309768246599715,-1.8911597296480926,-3.3972117165325892,-1.2032624532941631,-1.234661600719579,-1.6464616284153388,-1.488203533555342,-1.272137903934682,-1.7699575795495175,-2.7666608547623626,-1.4807819331134986,-1.9364871704536624,-1.2139295564753239,-1.9452482844217474,-1.1625003191440884,-1.5153378909106479,-0.9386124430093021,-1.3111357611460654,-1.4154263142219485,-2.4715647161195826,-1.8910323518915115,-1.4101942025104273,4.497462127451648
Ilumatobacter,-2.6227215323903343,-1.6808435631536354,-1.383044420927625,0.24888424023584177,-0.9785742293400536,-1.7946058028475353,2.0309054025129596,-0.31398666103572737,0.7987026262335741,-1.5787252079567922,-3.5740813855727525,-1.309768246599715,-0.133301812095719,-1.4513015674772758,-1.2032624532941631,-1.234661600719579,-1.6464616284153388,-1.488203533555342,-1.272137903934682,-1.7699575795495175,0.0665524892938536,-1.4807819331134986,0.2607374068825572,-1.2139295564753239,4.348170994424734,-1.1625003191440884,-1.5153378909106479,-0.9386124430093021,-1.3111357611460654,-1.4154263142219485,-2.4715647161195826,-1.8910323518915115,-1.4101942025104273,-3.1354233779434844
Intestinimonas,1.1839409573799853,-1.6808435631536354,-1.383044420927625,-1.3605536721982587,-0.9785742293400536,-3.404043715281636,1.7440887563376073,-3.3585090987591504,-1.3985219511026452,-1.5787252079567922,-1.964643473138652,-1.309768246599715,-3.500597642082193,-3.3972117165325892,-1.2032624532941631,-1.234661600719579,-1.6464616284153388,-1.488203533555342,-1.272137903934682,-1.7699575795495175,-2.7666608547623626,-1.4807819331134986,0.009422978601651089,-1.2139295564753239,-0.8466359957536376,-1.1625003191440884,-1.5153378909106479,-0.9386124430093021,-1.3111357611460654,-1.4154263142219485,-2.4715647161195826,-1.8910323518915115,-1.4101942025104273,1.6095087504197658
Jeotgalibacillus,-2.6227215323903343,-1.6808435631536354,-1.383044420927625,-1.3605536721982587,-0.9785742293400536,-3.404043715281636,2.505767340909771,-3.3585090987591504,-1.3985219511026452,-1.5787252079567922,-3.5740813855727525,-1.309768246599715,-3.500597642082193,-3.3972117165325892,-1.2032624532941631,-1.234661600719579,-1.6464616284153388,-1.488203533555342,-1.272137903934682,-1.7699575795495175,-0.0586106536601525,-1.4807819331134986,0.2607374068825572,-1.2139295564753239,4.712762761449001,-1.1625003191440884,-1.5153378909106479,-0.9386124430093021,-1.3111357611460654,-1.4154263142219485,-2.4715647161195826,-1.8910323518915115,-1.4101942025104273,-3.1354233779434844
Johnsonella,1.138478583303228,2.7379970446429622,5.766087177629782,5.716944381370974,-0.9785742293400536,-3.404043715281636,-3.922337931774825,1.9041810901457352,2.712351913070666,3.6086605978839628,-0.07757382410627223,1.909107578268486,0.3060648476881265,-0.5639983724763731,3.984123352546592,2.3762563119246454,3.8629267082126386,5.756738012781665,3.915247901906073,4.563322048590173,3.0354575206147003,2.7239106862774674,-1.9364871704536624,4.9825145713191965,-1.9452482844217474,2.2047955108423856,3.6608118416631807,2.557895118457178,5.022143866993625,2.0810812472445317,2.759543900735004,-1.8910323518915115,4.0322235080113655,-3.1354233779434844
Kingella,2.39455830442459,3.5286425896877858,4.575380272102157,4.662893920762775,4.174717365157726,0.5277819174426899,-3.922337931774825,-3.3585090987591504,3.82183387397568,2.3531004247675336,1.3162677426490013,3.993536661459361,1.8224123370562153,1.744451839970071,7.147403787226761,3.340049377783804,5.897341239086171,2.554847734279208,4.848159515016268,3.5233472451749748,-2.7666608547623626,2.753324571483761,-1.9364871704536624,4.707648863168492,-1.9452482844217474,4.322296614346566,4.379064943354202,-0.9386124430093021,3.342824589011458,-1.4154263142219485,2.77018229894006,3.5600061016741895,3.960443825617235,-3.1354233779434844
Klebsiella,1.138478583303228,-1.6808435631536354,-1.383044420927625,-1.3605536721982587,-0.9785742293400536,-1.7946058028475353,-0.703462106906624,2.981850204968602,2.035465253382501,-1.5787252079567922,1.1533064331395884,-1.309768246599715,1.8321211511831756,0.8932477246158022,4.463164234818269,0.9625629766166406,-1.6464616284153388,-1.488203533555342,-1.272137903934682,-1.7699575795495175,-2.7666608547623626,-1.4807819331134986,4.908328308754601,-1.2139295564753239,3.9816777415486633,-1.1625003191440884,1.9811696705558322,-0.9386124430093021,-1.3111357611460654,-1.4154263142219485,-2.4715647161195826,2.8184978494208224,-1.4101942025104273,-3.1354233779434844
Kouleothrix,1.3091041003339914,0.265066585901678,-1.383044420927625,-1.3605536721982587,-0.9785742293400536,-0.8390943578200991,1.7088738500465404,-0.4140701195927097,-1.3985219511026452,-1.5787252079567922,-0.6296424064063117,-1.309768246599715,-0.667384298025977,-0.6891615154303792,-1.2032624532941631,-1.234661600719579,-1.6464616284153388,-1.488203533555342,-1.272137903934682,-1.7699575795495175,-0.3687655819639919,-1.4807819331134986,-0.8378748817855526,-1.2139295564753239,-1.9452482844217474,-1.1625003191440884,-1.5153378909106479,-0.9386124430093021,-1.3111357611460654,-1.4154263142219485,-2.4715647161195826,4.062210982396273,-1.4101942025104273,0.9076278898910659
Lachnoanaerobaculum,2.031238817767189,1.9827180829760107,5.119745624987998,5.89433113787908,0.9673359197152598,0.9134443982546747,0.31176857282243464,2.3552237067502184,2.4081405386676744,4.478058805271832,0.18711873012080993,1.734754191123708,1.1907502401469507,0.8074809028583769,4.330127035433357,2.8083896671149713,3.3302721140052354,5.833646180233013,3.540046451437736,5.07058894973917,3.566618773377328,3.1731784170440247,-1.9364871704536624,5.396766488242435,-1.9452482844217474,3.8003443111158184,4.094133904274312,1.4592828297890683,5.2442211306646,5.047603142698721,3.235545548629293,3.975435705041785,5.062152091990473,-3.1354233779434844
Lachnoclostridium,0.8737860290761459,-1.6808435631536354,-1.383044420927625,-1.3605536721982587,-0.9785742293400536,1.4711536079195162,2.466223473770805,-0.06267223275482126,-1.3985219511026452,-1.5787252079567922,-0.8660311844705424,-1.309768246599715,0.2129744246221148,-3.3972117165325892,-1.2032624532941631,-1.234661600719579,-1.6464616284153388,-1.488203533555342,-1.272137903934682,-1.7699575795495175,-1.157222942328262,-1.4807819331134986,0.009422978601651089,-1.2139295564753239,4.192478769664486,-1.1625003191440884,-1.5153378909106479,-0.9386124430093021,-1.3111357611460654,-1.4154263142219485,3.4606804713284283,-1.8910323518915115,-1.4101942025104273,3.3118824845977293
Lachnospiraceae_NK4A136_group,0.98819638025389,2.25098206957069,-1.383044420927625,-1.3605536721982587,-0.9785742293400536,1.772106017292193,2.609996360447524,-0.7935597412976136,-1.3985219511026452,-1.5787252079567922,1.2217091600239889,-1.309768246599715,0.5769398018235266,0.645839551301961,-1.2032624532941631,-1.234661600719579,-1.6464616284153388,-1.488203533555342,-1.272137903934682,-1.7699575795495175,2.276764262156884,-1.4807819331134986,2.070846014778809,-1.2139295564753239,3.943629673911134,-1.1625003191440884,-1.5153378909106479,-0.9386124430093021,-1.3111357611460654,-1.4154263142219485,4.02521027406628,-1.8910323518915115,-1.4101942025104273,3.402716445824186
Lactiplantibacillus,-2.6227215323903343,-1.6808435631536354,-1.383044420927625,-1.3605536721982587,-0.9785742293400536,1.928675077983733,-3.922337931774825,1.6977367065891582,-1.3985219511026452,-1.5787252079567922,1.5073229794117107,-1.309768246599715,1.697899389183633,1.3301761021797516,-1.2032624532941631,-1.234661600719579,-1.6464616284153388,-1.488203533555342,-1.272137903934682,-1.7699575795495175,-2.7666608547623626,-1.4807819331134986,-1.9364871704536624,-1.2139295564753239,-1.9452482844217474,-1.1625003191440884,-1.5153378909106479,-0.9386124430093021,-1.3111357611460654,-1.4154263142219485,-2.4715647161195826,-1.8910323518915115,-1.4101942025104273,-3.1354233779434844
Lactobacillus,1.972398317744256,2.58183631388768,4.991980398900472,2.6097382413538632,2.5767738321493603,3.889654005319802,3.38217801468533,3.6598927003100505,3.4136624042697727,-1.5787252079567922,3.637475347741049,2.660523666952407,3.6295008680433845,3.3973748643439095,0.40617545913993736,1.9008326152095707,2.6162182486259766,-1.488203533555342,-1.272137903934682,-1.7699575795495175,4.681673006135114,2.5265512521189724,4.303788674717107,-1.2139295564753239,5.70206054793449,2.7293199789665383,-1.5153378909106479,2.9532078551013248,2.450064354547497,4.82484953094882,3.5073210487815394,4.575112372346108,3.5242797306202642,3.2991231408439687
Lactococcus,-2.6227215323903343,-1.6808435631536354,-1.383044420927625,-1.3605536721982587,-0.9785742293400536,0.2068741973625885,-3.922337931774825,-0.06267223275482126,-1.3985219511026452,-1.5787252079567922,0.03683652707147189,-1.309768246599715,-0.28172181721399214,-0.35268927880916623,-1.2032624532941631,-1.234661600719579,-1.6464616284153388,-1.488203533555342,-1.272137903934682,-1.7699575795495175,-2.7666608547623626,-1.4807819331134986,-1.9364871704536624,-1.2139295564753239,-1.9452482844217474,-1.1625003191440884,0.4305722581446655,-0.9386124430093021,-1.3111357611460654,-1.4154263142219485,2.3242258294771587,-1.8910323518915115,-1.4101942025104273,2.3410401739880267
Lautropia,5.295543153704939,4.854397707860024,7.843267720558256,6.902263265472671,8.478548092515737,3.751352586615098,-3.922337931774825,4.024859048233234,6.209852523278138,7.049830451312905,2.5149634898740936,9.150502514475434,2.770390789776106,3.564084329377578,6.493404628232298,7.3080043866696895,6.849099262873785,4.974825923365327,4.441594901574686,7.299855557289689,6.645885397313151,5.286561192151893,3.2620098608121637,7.5310364546387865,-1.9452482844217474,5.3036444050935305,4.8630882927409385,4.214679151488477,6.71601434568671,6.216490198849303,3.4868599769101993,5.967221830294518,7.739227754496338,-3.1354233779434844
Lentimicrobium,-2.6227215323903343,3.4724480313441437,0.8141801564085945,4.234157707403581,-0.9785742293400536,-3.404043715281636,-3.922337931774825,-0.06267223275482126,-1.3985219511026452,-1.5787252079567922,-1.628171236517439,1.5234450974565013,0.9420536144081235,0.09929584493389099,3.307597053222687,-1.234661600719579,4.917393898116789,4.9495481161810595,3.0453502096016285,5.022386847921292,3.3086851763263216,3.6608816233891615,-1.9364871704536624,3.3186699366779315,-1.9452482844217474,-1.1625003191440884,4.713173112680535,1.7694377580929077,2.6206898715782603,0.5304838348333647,3.861714912020108,4.0197642921490155,1.2978559985917828,1.7087637085151068
Leptotrichia,4.643407247166117,4.714418034961814,7.119035132678564,7.480894571900599,4.948351796630357,2.7029791724606187,-3.922337931774825,3.7603171503029276,5.125040355046867,5.992233375212217,1.2217091600239889,4.968753177566129,2.887963763463437,1.5372622165981022,6.931498329124482,5.499930059253369,5.915180117173441,7.649673666687125,5.581161189251396,6.691511463094359,5.306430344930792,5.080248732783074,3.9743094735868647,7.531354925979056,-1.9452482844217474,5.545583764708981,5.395412897051288,4.869530046971142,8.006892416247036,6.012906879968857,5.23864047831295,6.401766506308864,6.25227361268981,2.074062774897937
Leucobacter,-2.6227215323903343,-1.6808435631536354,-1.383044420927625,-1.3605536721982587,-0.9785742293400536,2.072419836649875,-3.922337931774825,1.861846726319175,-1.3985219511026452,-1.5787252079567922,1.6244156456930736,-1.309768246599715,2.137757027251553,1.744451839970071,-1.2032624532941631,-1.234661600719579,-1.6464616284153388,-1.488203533555342,-1.272137903934682,-1.7699575795495175,-2.7666608547623626,-1.4807819331134986,-1.9364871704536624,-1.2139295564753239,-1.9452482844217474,-1.1625003191440884,-1.5153378909106479,-0.9386124430093021,-1.3111357611460654,-1.4154263142219485,-2.4715647161195826,-1.8910323518915115,-1.4101942025104273,-3.1354233779434844
Ligilactobacillus,1.551665737505303,1.1523697809025806,-1.383044420927625,-1.3605536721982587,-0.9785742293400536,2.5387556598450653,1.1339078735734835,1.8725995180954365,-1.3985219511026452,2.8871829106977915,2.459004836226049,-1.309768246599715,1.8792997114582666,1.620068120282335,-1.2032624532941631,-1.234661600719579,-1.6464616284153388,-1.488203533555342,-1.272137903934682,2.5475305339867926,2.6757568557594307,-1.4807819331134986,4.0322203895317035,-1.2139295564753239,3.954649069160744,2.1333365468602405,-1.5153378909106479,1.7694377580929077,-1.3111357611460654,1.720067901707201,1.5357684691128886,3.673488055431182,-1.4101942025104273,2.2536483518730166
Limnobacter,-0.22482625959196367,-1.6808435631536354,1.912792445076704,0.8366709051379608,-0.9785742293400536,2.8631568332597266,-0.3114200191306007,3.3020660510805357,-1.3985219511026452,-1.5787252079567922,2.992591044230488,-1.309768246599715,3.043314203482599,2.881309707633255,-1.2032624532941631,-1.234661600719579,1.6493752375889903,-1.488203533555342,-1.272137903934682,2.718678790182622,-2.7666608547623626,-1.4807819331134986,4.2721028556429665,-1.2139295564753239,0.4526469883766233,-1.1625003191440884,-1.5153378909106479,-0.9386124430093021,-1.3111357611460654,-1.4154263142219485,-2.4715647161195826,0.5068629209068591,-1.4101942025104273,-3.1354233779434844
Limosilactobacillus,1.7467263200766872,-1.6808435631536354,1.984251409058849,1.8583221526699423,0.9673359197152598,2.8856718556273617,3.5421719028617025,2.7029478201688666,-1.3985219511026452,-1.5787252079567922,2.572247872096145,2.1242189578854314,2.792821636764289,2.4692563404007073,-1.2032624532941631,-1.234661600719579,-1.6464616284153388,-1.488203533555342,-1.272137903934682,2.845162937291742,4.471117337161081,-1.4807819331134986,7.37686095159675,-1.2139295564753239,7.024929531070631,-1.1625003191440884,-1.5153378909106479,-0.9386124430093021,0.634774387909248,4.285017259168738,5.243112757681345,7.2136141155256075,2.4816260956001996,5.340739463914762
Listeria,-2.6227215323903343,-1.6808435631536354,-1.383044420927625,-1.3605536721982587,-0.9785742293400536,0.8586361617596796,2.831099986822955,-1.1612845214229308,-1.3985219511026452,-1.5787252079567922,0.6003058843228848,-1.309768246599715,-3.500597642082193,-3.3972117165325892,-1.2032624532941631,-1.234661600719579,-1.6464616284153388,-1.488203533555342,-1.272137903934682,-1.7699575795495175,2.8130689712238595,-1.4807819331134986,6.528780948097656,-1.2139295564753239,6.823637041713116,-1.1625003191440884,-1.5153378909106479,-0.9386124430093021,-1.3111357611460654,-1.4154263142219485,4.224234200938909,6.391703528310243,-1.4101942025104273,4.449857700695642
Luteimonas,0.9326265290990796,-1.6808435631536354,-1.383044420927625,-1.3605536721982587,-0.9785742293400536,1.1910761348529544,1.1080999896176102,1.0841421577311663,1.7369722648265042,-1.5787252079567922,1.1880925492250038,-1.309768246599715,1.1341313461474427,1.0454395399577274,-1.2032624532941631,-1.234661600719579,-1.6464616284153388,-1.488203533555342,-1.272137903934682,-1.7699575795495175,2.0775262316962286,0.1286559793206018,1.727074475675984,-1.2139295564753239,-0.33581037198764685,-1.1625003191440884,-1.5153378909106479,-0.9386124430093021,-1.3111357611460654,-1.4154263142219485,2.791125472785303,-1.8910323518915115,-1.4101942025104273,1.895014543448951
Luteolibacter,1.1839409573799853,-1.6808435631536354,-1.383044420927625,-1.3605536721982587,-0.9785742293400536,-0.6959935141794258,0.18853593239848632,-0.5252957547029342,-1.3985219511026452,-1.5787252079567922,0.4689698822617978,-1.309768246599715,-0.667384298025977,0.03677548795255703,-1.2032624532941631,-1.234661600719579,-1.6464616284153388,-1.488203533555342,-1.272137903934682,-1.7699575795495175,-0.20171149730082583,-1.4807819331134986,3.346716558284326,-1.2139295564753239,-1.9452482844217474,-1.1625003191440884,-1.5153378909106479,-0.9386124430093021,-1.3111357611460654,-1.4154263142219485,1.0249428453468976,-1.8910323518915115,1.1547551549511095,1.7243890264181876
Lysobacter,1.3846116528421368,-1.6808435631536354,-1.383044420927625,-1.3605536721982587,-0.9785742293400536,-1.0061484424832652,1.626738153120395,-1.1612845214229308,3.9438123008621657,-1.5787252079567922,-0.35520556070455145,1.2551811108618218,0.3495499596278657,-0.6891615154303792,-1.2032624532941631,0.7112485483357345,-1.6464616284153388,1.807633332448987,-1.272137903934682,-1.7699575795495175,2.9922409191149177,-1.4807819331134986,1.727074475675984,-1.2139295564753239,4.7280496833459065,-1.1625003191440884,0.6818866864255716,-0.9386124430093021,0.29830215128803506,-1.4154263142219485,2.77018229894006,1.4048045141128176,-1.4101942025104273,0.625776737750078
MND1,-2.6227215323903343,-1.6808435631536354,-1.383044420927625,-1.3605536721982587,1.8546391147161625,0.9654041371853856,3.0978527765371,-0.13963327389094937,-1.3985219511026452,-1.5787252079567922,0.3962105279793695,2.3537933995299314,0.9653104765723906,-0.17833589166438824,-1.2032624532941631,-1.234661600719579,-1.6464616284153388,-1.488203533555342,-1.272137903934682,-1.7699575795495175,1.7872160368381782,-1.4807819331134986,-0.32704925801956186,-1.2139295564753239,0.4526469883766233,-1.1625003191440884,-1.5153378909106479,-0.9386124430093021,-1.3111357611460654,2.2481353319076973,1.5357684691128886,1.7725292942381348,2.597138982722044,3.1690254244784968
Marinobacter,-2.6227215323903343,-1.6808435631536354,-1.383044420927625,-1.3605536721982587,-0.9785742293400536,2.98115068371609,0.8898464235975929,2.94958934275038,-1.3985219511026452,-1.5787252079567922,2.9166421489297547,-1.309768246599715,3.159977507757493,2.8312992870585942,-1.2032624532941631,-1.234661600719579,-1.6464616284153388,-1.488203533555342,-1.272137903934682,-1.7699575795495175,-2.7666608547623626,-1.4807819331134986,-1.9364871704536624,-1.2139295564753239,0.0006618646335661005,-1.1625003191440884,-1.5153378909106479,-0.9386124430093021,-1.3111357611460654,-1.4154263142219485,1.9472758916770152,-1.8910323518915115,-1.4101942025104273,4.229123636312158
Marivita,-2.6227215323903343,-1.6808435631536354,-1.383044420927625,-1.3605536721982587,-0.9785742293400536,2.2343109540521104,-3.922337931774825,0.19683896273026358,-1.3985219511026452,-1.5787252079567922,0.688598491468563,-1.309768246599715,-3.500597642082193,-0.5639983724763731,-1.2032624532941631,-1.234661600719579,-1.6464616284153388,-1.488203533555342,-1.272137903934682,-1.7699575795495175,-2.7666608547623626,-1.4807819331134986,-1.9364871704536624,-1.2139295564753239,-1.9452482844217474,-1.1625003191440884,-1.5153378909106479,-0.9386124430093021,-1.3111357611460654,-1.4154263142219485,-2.4715647161195826,-1.8910323518915115,-1.4101942025104273,2.524058837816137
Massilia,1.0908505343139736,1.8745044983357784,1.5613945582388156,2.353018394506049,-0.9785742293400536,0.5277819174426899,1.6189256133836016,-1.1612845214229308,2.3150501156016627,2.3531004247675336,-0.6296424064063117,1.3982819545024952,0.2129744246221148,-0.10137485052826012,-1.2032624532941631,-1.234661600719579,1.3980608093080842,-1.488203533555342,-1.272137903934682,-1.7699575795495175,3.053422075589999,-1.4807819331134986,3.3157862575929675,-1.2139295564753239,1.6100997770676666,-1.1625003191440884,-1.5153378909106479,1.2586121343269172,-1.3111357611460654,-1.4154263142219485,2.4036326070815695,2.4527730699621726,-1.4101942025104273,2.5914243696437125
Megasphaera,0.32171744677610636,-1.6808435631536354,-1.383044420927625,-1.3605536721982587,1.965864749826387,-3.404043715281636,-3.922337931774825,-0.6504588976569403,0.547388197952668,-1.5787252079567922,0.18711873012080993,-1.309768246599715,1.3592147622794788,-0.9993164437342186,4.7705471585750985,2.9084731256719536,-1.6464616284153388,-1.488203533555342,-1.272137903934682,-1.7699575795495175,-2.7666608547623626,-1.4807819331134986,-1.9364871704536624,1.9215646594538256,-1.9452482844217474,2.769325313580237,3.29684646446177,-0.9386124430093021,2.450064354547497,3.294103887090385,-2.4715647161195826,-1.8910323518915115,0.7870303748257922,-3.1354233779434844
Mesorhizobium,1.3475703811617876,1.3636788745697874,-1.383044420927625,-1.3605536721982587,-0.9785742293400536,0.5277819174426899,1.8045098158123718,-3.3585090987591504,-1.3985219511026452,-1.5787252079567922,0.08948026055689384,-1.309768246599715,0.9653104765723906,-0.0299158865461151,-1.2032624532941631,2.320686460769835,-1.6464616284153388,-1.488203533555342,-1.272137903934682,-1.7699575795495175,-2.7666608547623626,-1.4807819331134986,0.6284621870078744,-1.2139295564753239,-0.33581037198764685,-1.1625003191440884,-1.5153378909106479,-0.9386124430093021,-1.3111357611460654,-1.4154263142219485,-2.4715647161195826,4.202537418153624,-1.4101942025104273,-3.1354233779434844
Methanoculleus,-2.6227215323903343,-1.6808435631536354,-1.383044420927625,1.9352831938060704,2.7826258863535087,-0.8390943578200991,-0.5550421017883509,-3.3585090987591504,-1.3985219511026452,3.29647211524436,-1.0091320281112157,2.0575275833867592,1.3897514861395606,-1.4513015674772758,-1.2032624532941631,-1.234661600719579,1.9644562842288855,1.6472906823738076,1.2928114535268547,1.8936040665801286,-2.7666608547623626,-1.4807819331134986,-1.9364871704536624,-1.2139295564753239,2.4974029720685693,1.9729938967850613,0.8825573818877227,2.672305469634922,1.8243584547830842,1.8804105517823804,-2.4715647161195826,-1.8910323518915115,2.7329405238811053,-3.1354233779434844
Methylobacterium_Methylorubrum,-0.057772174928797604,1.7531436413315107,1.1819049365339116,-1.3605536721982587,-0.9785742293400536,1.4711536079195162,0.22079679461670754,1.1953677928413904,-1.3985219511026452,-1.5787252079567922,0.9367781209440977,-1.309768246599715,1.1533627080753304,0.9202763970037213,-1.2032624532941631,-1.234661600719579,-1.6464616284153388,0.12123437887875832,-1.272137903934682,1.9436144871547902,-2.7666608547623626,-1.4807819331134986,-1.9364871704536624,-1.2139295564753239,-1.9452482844217474,-1.1625003191440884,-1.5153378909106479,-0.9386124430093021,-1.3111357611460654,-1.4154263142219485,-2.4715647161195826,-1.8910323518915115,3.671210162474036,-3.1354233779434844
Methyloceanibacter,-2.6227215323903343,-1.6808435631536354,-1.383044420927625,-1.3605536721982587,-0.9785742293400536,-3.404043715281636,-0.5550421017883509,0.931950342389241,-1.3985219511026452,-1.5787252079567922,-3.5740813855727525,-1.309768246599715,-3.500597642082193,-3.3972117165325892,-1.2032624532941631,-1.234661600719579,-1.6464616284153388,-1.488203533555342,-1.272137903934682,-1.7699575795495175,-2.7666608547623626,-1.4807819331134986,4.367961631968319,-1.2139295564753239,-1.9452482844217474,-1.1625003191440884,-1.5153378909106479,-0.9386124430093021,1.0867595116523052,-1.4154263142219485,-2.4715647161195826,-1.8910323518915115,-1.4101942025104273,2.235214650184178
Methylocystis,1.3475703811617876,-1.6808435631536354,-1.383044420927625,-1.3605536721982587,-0.9785742293400536,-3.404043715281636,-3.922337931774825,-3.3585090987591504,-1.3985219511026452,1.254488136099424,-3.5740813855727525,-1.309768246599715,-3.500597642082193,-0.6891615154303792,-1.2032624532941631,-1.234661600719579,-1.6464616284153388,-1.488203533555342,-1.272137903934682,-1.7699575795495175,-2.7666608547623626,-1.4807819331134986,3.9468352180346162,-1.2139295564753239,-1.9452482844217474,-1.1625003191440884,-1.5153378909106479,-0.9386124430093021,-1.3111357611460654,-1.4154263142219485,1.4202555819910443,-1.8910323518915115,-1.4101942025104273,-0.09090094022006134
Methylophilus,1.0908505343139736,-1.6808435631536354,-1.383044420927625,-1.3605536721982587,-0.9785742293400536,-1.4581335662263224,2.0045880941955856,-1.7490711863250499,2.6790154928030745,-1.5787252079567922,-3.5740813855727525,2.1242189578854314,-3.500597642082193,-1.7877738040984887,1.1946328195042075,-1.234661600719579,-1.6464616284153388,-1.488203533555342,-1.272137903934682,-1.7699575795495175,-2.7666608547623626,-1.4807819331134986,-0.8378748817855526,-1.2139295564753239,-0.8466359957536376,0.7834098299112251,-1.5153378909106479,-0.9386124430093021,-1.3111357611460654,-1.4154263142219485,-2.4715647161195826,-1.8910323518915115,-1.4101942025104273,-3.1354233779434844
Methyloversatilis,2.90273140674145,4.3898941648488545,3.379129513870131,2.0067421577882154,2.2403015955281473,1.170667263221747,-3.922337931774825,2.40039267511813,3.682882413881818,4.395084403912469,1.4563565358196828,3.502416108772703,1.0320018510710627,1.5227692092955358,2.7285631794301626,4.367457220160122,3.7959560821064544,3.7212826192860793,2.770913363899868,3.771305965608909,3.6252562586302397,1.9532052713716475,-1.9364871704536624,2.15336627351115,-1.9452482844217474,2.9483735450292228,3.194192310401686,3.068720742223169,3.3616930733158408,2.591906871010522,3.2682281960596513,1.8225397148127964,3.1224052906428286,2.2069108740213266
Micromonospora,-2.6227215323903343,-1.6808435631536354,-1.383044420927625,-1.3605536721982587,-0.9785742293400536,0.3095283514226721,0.6315389598257157,0.07547810572599589,-1.3985219511026452,-1.5787252079567922,0.688598491468563,2.403803820104593,-1.8911597296480926,-3.3972117165325892,-1.2032624532941631,-1.234661600719579,-1.6464616284153388,-1.488203533555342,-1.272137903934682,-1.7699575795495175,-2.7666608547623626,-1.4807819331134986,-1.9364871704536624,-1.2139295564753239,2.165625579751564,-1.1625003191440884,1.780498975093681,-0.9386124430093021,-1.3111357611460654,2.0185608902631973,-2.4715647161195826,-1.8910323518915115,3.0557139161441564,-3.1354233779434844
Microvirga,-2.6227215323903343,-1.6808435631536354,-1.383044420927625,0.5853564768570547,-0.9785742293400536,-0.6959935141794258,2.3218289688889113,2.455621433065916,-1.3985219511026452,-1.5787252079567922,-0.8660311844705424,-1.309768246599715,-1.1027023692838225,-1.7877738040984887,-1.2032624532941631,-1.234661600719579,-1.6464616284153388,-1.488203533555342,-1.272137903934682,-1.7699575795495175,0.6006349752241116,-1.4807819331134986,-0.32704925801956186,-1.2139295564753239,0.0006618646335661005,-1.1625003191440884,-1.5153378909106479,-0.9386124430093021,-1.3111357611460654,-1.4154263142219485,-2.4715647161195826,-1.8910323518915115,-1.4101942025104273,1.8274212523164226
Moraxella,-2.6227215323903343,-1.6808435631536354,-1.383044420927625,-1.3605536721982587,-0.9785742293400536,-3.404043715281636,-3.922337931774825,-3.3585090987591504,-1.3985219511026452,-1.5787252079567922,-1.964643473138652,1.909107578268486,-3.500597642082193,-3.3972117165325892,-1.2032624532941631,5.3947016527178695,4.405627540509078,-1.488203533555342,-1.272137903934682,-1.7699575795495175,-2.7666608547623626,-1.4807819331134986,-1.9364871704536624,3.1035585570609863,-1.9452482844217474,-1.1625003191440884,-1.5153378909106479,-0.9386124430093021,-1.3111357611460654,-1.4154263142219485,-2.4715647161195826,5.62594487271281,-1.4101942025104273,-3.1354233779434844
Muribaculum,1.7210838894633498,-1.6808435631536354,1.325005780174585,-1.3605536721982587,-0.9785742293400536,1.0386075412086808,2.502531092130563,0.7190283451465693,-1.3985219511026452,-1.5787252079567922,0.5690533408187801,-1.309768246599715,0.1103202705620312,0.3163603501717187,-1.2032624532941631,-1.234661600719579,-1.6464616284153388,-1.488203533555342,-1.272137903934682,-1.7699575795495175,0.6673263497227837,-1.4807819331134986,-1.9364871704536624,-1.2139295564753239,1.9865773483025784,-1.1625003191440884,-1.5153378909106479,-0.9386124430093021,-1.3111357611460654,-1.4154263142219485,1.922884438552856,-1.8910323518915115,-1.4101942025104273,-3.1354233779434844
Mycobacterium,-2.6227215323903343,1.1523697809025806,-1.383044420927625,-1.3605536721982587,-0.9785742293400536,4.100898353114536,1.0121360013558665,4.140914191833078,2.4081405386676744,2.7387629055795184,3.7674024667904082,2.0575275833867592,3.8434752084908728,3.942975118787526,0.40617545913993736,-1.234661600719579,2.323830285136783,1.9457836709298042,-1.272137903934682,-1.7699575795495175,-2.7666608547623626,2.074566128375915,-1.9364871704536624,-1.2139295564753239,3.954649069160744,-1.1625003191440884,1.703537933957553,-0.9386124430093021,-1.3111357611460654,-1.4154263142219485,-2.4715647161195826,3.6886974740947105,2.6673432413952924,2.502931291390262
Mycoplasma,1.6399583446509811,2.080356552539927,0.8141801564085945,3.7574401402184967,-0.9785742293400536,2.020906302199767,-2.823725643106715,2.1262878347315044,-1.3985219511026452,-1.5787252079567922,2.1263621878179344,-0.21115595793160524,1.7826060866557953,2.621381497963646,2.6034000364761565,3.253974769012561,4.4694304970676955,5.026509157317188,2.9619686006625776,3.553052399588891,3.0884110674400644,4.808933637795499,-1.9364871704536624,3.1555182959916976,-1.9452482844217474,-1.1625003191440884,5.497677898728982,-0.9386124430093021,-1.3111357611460654,2.139921747267465,3.8966224702309096,-1.8910323518915115,3.2049263143308324,-3.1354233779434844
NK4A214_group,-2.6227215323903343,-1.6808435631536354,-1.383044420927625,-1.3605536721982587,-0.9785742293400536,0.9134443982546747,2.3179379133959443,-1.412598949703837,-1.3985219511026452,-1.5787252079567922,-1.1761861127743818,-1.309768246599715,-0.28172181721399214,-0.5639983724763731,-1.2032624532941631,-1.234661600719579,-1.6464616284153388,-1.488203533555342,-1.272137903934682,-1.7699575795495175,-0.8207507057070491,-1.4807819331134986,-1.9364871704536624,-1.2139295564753239,0.0006618646335661005,-1.1625003191440884,-1.5153378909106479,-0.9386124430093021,-1.3111357611460654,-1.4154263142219485,-2.4715647161195826,-1.8910323518915115,-1.4101942025104273,1.7087637085151068
Neisseria,6.340822759606409,8.045608437017776,8.110593425182515,6.260641490611587,7.806353396718269,2.7759729383709373,1.1956558806419304,4.652846010402136,8.98501237900689,9.181409223525977,3.8972817026143445,7.88495074447351,5.0211850016678525,4.554699665321599,8.455283180466342,8.336773931628827,8.027298244929565,5.308620184719513,7.600909895036384,8.11235740775381,6.958357710295301,6.648687831670731,-0.8378748817855526,8.48517486246433,0.6197010730397894,7.4795618543180185,7.68626441512225,7.760068624452313,6.8822644708060325,7.286917760998404,5.527106644896193,7.708440473571938,7.480904628106209,0.975450486229827
Nitrospira,2.311752400740357,-1.6808435631536354,-1.383044420927625,-1.3605536721982587,-0.9785742293400536,1.7492478792161434,2.4389645457981706,0.9041707782821651,-1.3985219511026452,3.619771823309034,0.7697240362809317,-1.309768246599715,0.704094977308773,1.1353877766206666,-1.2032624532941631,-1.234661600719579,-1.6464616284153388,-1.488203533555342,-0.1735256152665724,-1.7699575795495175,-1.157222942328262,-1.4807819331134986,1.7770848962506456,-1.2139295564753239,3.9601135636328233,-1.1625003191440884,-1.5153378909106479,-0.9386124430093021,-1.3111357611460654,-1.4154263142219485,2.2733674122436676,-1.8910323518915115,-1.4101942025104273,3.749063274099299
Nocardioides,1.420329735444216,1.3636788745697874,-1.383044420927625,-1.3605536721982587,-0.9785742293400536,1.3581302195161205,2.4960270041613866,1.1523504077576998,2.4932983470079817,4.270599571990067,1.5792102089250268,-1.309768246599715,1.1907502401469507,1.4149726388398287,-1.2032624532941631,0.3747763117145215,-1.6464616284153388,-1.488203533555342,-1.272137903934682,1.365536636379632,1.6277882999100761,-1.4807819331134986,2.381000943082648,-1.2139295564753239,-0.33581037198764685,-1.1625003191440884,-1.5153378909106479,-0.9386124430093021,-1.3111357611460654,-1.4154263142219485,-2.4715647161195826,3.0289485739366135,-1.4101942025104273,2.7753732660970427
Nordella,1.3475703811617876,-1.6808435631536354,0.5628657281276884,-1.3605536721982587,-0.9785742293400536,1.455768689080036,2.0256970574058206,1.1740903943941055,-1.3985219511026452,-1.5787252079567922,1.2050421075387772,-1.309768246599715,0.9182429657144047,1.0216288912640086,-1.2032624532941631,-1.234661600719579,-1.6464616284153388,-1.488203533555342,-1.272137903934682,-1.7699575795495175,-1.157222942328262,-1.4807819331134986,-1.9364871704536624,-1.2139295564753239,-1.9452482844217474,-1.1625003191440884,-1.5153378909106479,-0.9386124430093021,-1.3111357611460654,-1.4154263142219485,-2.4715647161195826,-1.8910323518915115,-1.4101942025104273,-3.1354233779434844
Novosphingobium,-2.6227215323903343,-1.6808435631536354,1.5613945582388156,0.5853564768570547,-0.9785742293400536,-3.404043715281636,0.6727819183597652,-1.1612845214229308,-1.3985219511026452,2.18247490773677,0.03683652707147189,-1.309768246599715,-1.3033730647459736,0.6803257273731305,-1.2032624532941631,-1.234661600719579,1.2979773507511019,-1.488203533555342,-1.272137903934682,2.161868053174808,0.7298467067041177,-1.4807819331134986,-1.9364871704536624,-1.2139295564753239,-1.9452482844217474,-1.1625003191440884,2.8541099615563734,-0.9386124430093021,-1.3111357611460654,-1.4154263142219485,-2.4715647161195826,-1.8910323518915115,-1.4101942025104273,2.0630736533223417
OM27_clade,-0.22482625959196367,1.1523697809025806,-1.383044420927625,-1.3605536721982587,-0.9785742293400536,-3.404043715281636,0.566298437957315,-3.3585090987591504,-1.3985219511026452,0.030712704477308228,-1.964643473138652,-1.309768246599715,-1.1027023692838225,-0.9993164437342186,-1.2032624532941631,-1.234661600719579,-1.6464616284153388,-1.488203533555342,1.2928114535268547,-1.7699575795495175,-0.8207507057070491,-1.4807819331134986,-1.9364871704536624,-1.2139295564753239,4.157310310191821,-1.1625003191440884,-1.5153378909106479,-0.9386124430093021,-1.3111357611460654,-1.4154263142219485,-2.4715647161195826,-1.8910323518915115,-1.4101942025104273,-3.1354233779434844
Oceanivirga,-2.6227215323903343,-1.6808435631536354,-1.383044420927625,-1.3605536721982587,-0.9785742293400536,-3.404043715281636,-3.922337931774825,-3.3585090987591504,-1.3985219511026452,-1.5787252079567922,-3.5740813855727525,3.156139872054869,-3.500597642082193,-3.3972117165325892,-1.2032624532941631,2.6971640320047467,-1.6464616284153388,6.276941369380789,-1.272137903934682,-1.7699575795495175,-2.7666608547623626,-1.4807819331134986,-1.9364871704536624,-1.2139295564753239,-1.9452482844217474,-1.1625003191440884,6.056650558466792,-0.9386124430093021,-1.3111357611460654,-1.4154263142219485,-2.4715647161195826,-1.8910323518915115,-1.4101942025104273,-3.1354233779434844
Oceanobacillus,-2.6227215323903343,-1.6808435631536354,-1.383044420927625,-1.3605536721982587,2.2403015955281473,-0.8390943578200991,-3.922337931774825,-3.3585090987591504,1.1664274063588913,-1.5787252079567922,-0.7408680415165363,-1.309768246599715,-3.500597642082193,-0.35268927880916623,-1.2032624532941631,-1.234661600719579,-1.6464616284153388,-1.488203533555342,-1.272137903934682,-1.7699575795495175,-2.7666608547623626,-1.4807819331134986,-1.9364871704536624,-1.2139295564753239,-1.9452482844217474,-1.1625003191440884,-1.5153378909106479,-0.9386124430093021,-1.3111357611460654,-1.4154263142219485,-2.4715647161195826,-1.8910323518915115,-1.4101942025104273,3.3150470442006923
Ochrobactrum,-2.6227215323903343,-1.6808435631536354,-1.383044420927625,-1.3605536721982587,-0.9785742293400536,3.3632994099837563,-3.922337931774825,3.3323331786594133,-1.3985219511026452,-1.5787252079567922,3.324633148757236,-1.309768246599715,3.300685392389427,3.0080167414982526,-1.2032624532941631,-1.234661600719579,-1.6464616284153388,-1.488203533555342,-1.272137903934682,-1.7699575795495175,-2.7666608547623626,-1.4807819331134986,-1.9364871704536624,-1.2139295564753239,-1.9452482844217474,-1.1625003191440884,-1.5153378909106479,-0.9386124430093021,-1.3111357611460654,-1.4154263142219485,-2.4715647161195826,-1.8910323518915115,-1.4101942025104273,2.7366944115319316
Odoribacter,-2.6227215323903343,-1.6808435631536354,-1.383044420927625,-1.3605536721982587,-0.9785742293400536,-1.0061484424832652,1.2538118007990038,-0.31398666103572737,-1.3985219511026452,-1.5787252079567922,-0.8660311844705424,-1.309768246599715,-1.3033730647459736,-1.4513015674772758,-1.2032624532941631,-1.234661600719579,-0.547849339747229,-1.488203533555342,-1.272137903934682,-1.7699575795495175,2.585197278713704,-1.4807819331134986,1.3593496955506668,-1.2139295564753239,-1.9452482844217474,-1.1625003191440884,-1.5153378909106479,-0.9386124430093021,1.7333866765773576,-1.4154263142219485,3.3544353912608673,-1.8910323518915115,-1.4101942025104273,-3.1354233779434844
Ohtaekwangia,0.8737860290761459,-1.6808435631536354,-1.383044420927625,-1.3605536721982587,-0.9785742293400536,-3.404043715281636,0.7690099504543189,-3.3585090987591504,-1.3985219511026452,1.5567690079723575,-1.376856808236533,-1.309768246599715,-3.500597642082193,-3.3972117165325892,-1.2032624532941631,-1.234661600719579,-1.6464616284153388,-1.488203533555342,-1.272137903934682,-1.7699575795495175,0.3688333611667871,-1.4807819331134986,4.507644086246779,-1.2139295564753239,-1.9452482844217474,-1.1625003191440884,-1.5153378909106479,-0.9386124430093021,-1.3111357611460654,2.3912361755483706,-2.4715647161195826,-1.8910323518915115,-1.4101942025104273,2.0407263546303445
Olsenella,1.2274260693197245,1.5380322617145654,2.5087758771830018,1.6839687655251643,-0.9785742293400536,0.7390910111098967,1.0949419050400993,0.13799846270732985,1.9687738788838287,2.39156670559533,-0.7408680415165363,-1.309768246599715,-1.1027023692838225,-1.7877738040984887,0.40617545913993736,-1.234661600719579,-1.6464616284153388,0.45770661549997127,2.441434162769626,2.200334334002604,3.1655843326856483,0.46512821594181475,-0.8378748817855526,0.9832950208608955,-1.9452482844217474,-1.1625003191440884,0.8825573818877227,-0.9386124430093021,2.863251508749572,3.0732100555101916,1.8188947250288088,-1.8910323518915115,0.9877010702879433,2.571686886805391
Oribacterium,2.0868086689219996,2.125818926616684,2.8796354561136903,2.0734335322868875,-0.9785742293400536,0.6734937286240839,-3.922337931774825,1.403664836038606,3.3288658676096956,2.909911161775348,-0.2067855555862783,2.6975649386327563,0.5424536257523571,0.8368947880646704,4.158029712415262,3.5611289448771624,-1.6464616284153388,4.25799965698481,1.561075440121534,4.3190872958973285,2.734597355782365,1.3524314109427173,-1.9364871704536624,2.34141850501409,-1.9452482844217474,3.206947533322933,4.473623525979216,-0.9386124430093021,3.80685805127069,3.7940598386194724,3.0048988358119284,-1.8910323518915115,3.2245347857192086,-1.5259854655093839
Oscillibacter,-2.6227215323903343,-1.6808435631536354,-1.383044420927625,1.3474965289039513,-0.9785742293400536,-0.8390943578200991,1.4848338396852938,-1.412598949703837,-1.3985219511026452,-1.5787252079567922,-1.1761861127743818,-1.309768246599715,-0.9356482846206564,-0.9993164437342186,-1.2032624532941631,-1.234661600719579,-1.6464616284153388,-1.488203533555342,-1.272137903934682,-1.7699575795495175,-2.7666608547623626,-1.4807819331134986,-0.8378748817855526,-1.2139295564753239,4.087837937377055,-1.1625003191440884,-1.5153378909106479,-0.9386124430093021,-1.3111357611460654,-1.4154263142219485,2.4484162097085425,-1.8910323518915115,-1.4101942025104273,-3.1354233779434844
P3OB_42,-2.6227215323903343,-1.6808435631536354,1.0148508518707455,-1.3605536721982587,-0.9785742293400536,-1.2068191379454163,1.2309536627229543,0.13799846270732985,-1.3985219511026452,2.4988122359489275,-0.4385871696436028,-1.309768246599715,-0.45607520435877014,-1.7877738040984887,-1.2032624532941631,-1.234661600719579,-1.6464616284153388,-1.488203533555342,-1.272137903934682,-1.7699575795495175,-0.0586106536601525,-1.4807819331134986,-0.8378748817855526,-1.2139295564753239,-1.9452482844217474,-1.1625003191440884,-1.5153378909106479,-0.9386124430093021,1.3969144399561446,-1.4154263142219485,3.2682281960596513,-1.8910323518915115,-1.4101942025104273,2.9213606352851405
Paenibacillus,3.154930790832322,4.478251825338298,3.5222303575108045,2.1359538892682215,3.284105647701262,1.3750797778298938,0.8567855613367046,2.300973117000471,3.9813754024378145,5.500459186652876,1.494822816647479,4.0515239191097105,1.7197581829961321,1.4626006878290827,-1.2032624532941631,4.424820615040042,3.9918930409184075,3.7429050832992448,2.902249365960955,3.8097722464367045,4.190836516114588,3.1731784170440247,4.705999630913594,3.274706813256816,-1.9452482844217474,3.6816867673145026,1.0496114665508887,4.142791921975161,3.131515495344251,3.138450577378592,2.477195174258586,3.0718122783683954,3.5802383842683088,1.8413103644770898
Pajaroellobacter,0.9326265290990796,-1.6808435631536354,-1.383044420927625,-1.3605536721982587,-0.9785742293400536,-0.6959935141794258,-1.7251133544386055,-1.1612845214229308,-1.3985219511026452,-1.5787252079567922,-0.7408680415165363,2.3537933995299314,-0.9356482846206564,-0.9993164437342186,-1.2032624532941631,-1.234661600719579,-1.6464616284153388,-1.488203533555342,-1.272137903934682,-1.7699575795495175,2.734597355782365,-1.4807819331134986,-1.9364871704536624,-1.2139295564753239,3.4619234870383715,-1.1625003191440884,-1.5153378909106479,-0.9386124430093021,-1.3111357611460654,-1.4154263142219485,-2.4715647161195826,-1.8910323518915115,-1.4101942025104273,-3.1354233779434844
Parabacteroides,-2.6227215323903343,-1.6808435631536354,-1.383044420927625,-1.3605536721982587,0.6308636830940468,2.046994738284065,3.25008664535002,0.35506296794515757,-1.3985219511026452,-1.5787252079567922,0.6600251190245072,-1.309768246599715,0.4312279906421326,0.777175553363048,-1.2032624532941631,-1.234661600719579,-1.6464616284153388,-1.488203533555342,-1.272137903934682,-0.1605196671154172,3.2947960641656544,-1.4807819331134986,5.756538577964226,-1.2139295564753239,-0.33581037198764685,-1.1625003191440884,-1.5153378909106479,-0.9386124430093021,-1.3111357611460654,-1.4154263142219485,1.2420073505847253,4.364717689861855,-1.4101942025104273,2.8535380389463794
Paracoccus,-2.6227215323903343,-1.6808435631536354,0.22639349150647547,-1.3605536721982587,-0.9785742293400536,3.5047110640335846,-3.922337931774825,3.6046808871110874,1.8203538737655556,-1.5787252079567922,3.373855683042217,-1.309768246599715,3.499736818193037,3.370131408732803,0.7426476957611503,-1.234661600719579,-1.6464616284153388,-1.488203533555342,-1.272137903934682,-1.7699575795495175,-2.7666608547623626,-1.4807819331134986,-1.9364871704536624,-1.2139295564753239,-1.9452482844217474,-1.1625003191440884,-1.5153378909106479,-0.9386124430093021,-1.3111357611460654,-1.4154263142219485,-2.4715647161195826,-1.8910323518915115,-1.4101942025104273,1.8685229280019748
Parasutterella,-0.22482625959196367,-1.6808435631536354,-1.383044420927625,-1.3605536721982587,-0.9785742293400536,-0.8390943578200991,1.7016795744125135,1.9447958092999253,-1.3985219511026452,0.030712704477308228,-0.2067855555862783,-1.309768246599715,-0.667384298025977,-0.8322623590710525,-1.2032624532941631,-1.234661600719579,-1.6464616284153388,-1.488203533555342,-1.272137903934682,-1.7699575795495175,-2.7666608547623626,-1.4807819331134986,-0.8378748817855526,-1.2139295564753239,-1.9452482844217474,-1.1625003191440884,-1.5153378909106479,-0.9386124430093021,-1.3111357611460654,-1.4154263142219485,-2.4715647161195826,-1.8910323518915115,-1.4101942025104273,2.2069108740213266
Parvimonas,-1.5241092437222246,3.4724480313441437,1.1819049365339116,2.0734335322868875,-0.9785742293400536,-1.2068191379454163,-3.922337931774825,-3.3585090987591504,2.7446127752888874,-1.5787252079567922,-0.27824451956842333,1.3982819545024952,-1.3033730647459736,0.4094507732377304,3.0594174237471523,3.952724205121176,3.1493289171814025,4.013054676989385,3.1223112507377566,4.380645188896762,2.857356651424976,3.210565949115645,-1.9364871704536624,2.15336627351115,-1.9452482844217474,1.0347242581921312,3.501941945904276,3.405192978844382,-1.3111357611460654,3.459771008979203,2.704585016454246,2.5278082559050863,-1.4101942025104273,-3.1354233779434844
Paucibacter,2.139452402407422,-1.6808435631536354,3.579800209332282,3.9526523068435284,3.48733388931453,3.0432621472595778,1.511384071779415,2.9568489027631846,3.695228249704117,4.649785795634391,2.314796572760129,3.264942731903668,3.1127865762973665,2.4346707607509277,2.5579376623993992,2.4289000454100673,1.7208342015711353,1.879092296431132,3.9482179211436432,2.5205018615988735,3.3839419136839166,3.6725096613842805,2.4579619842187763,0.7319805925799894,2.4492008702506913,0.4469375932900121,3.2637856022008815,1.2586121343269172,1.7333866765773576,4.330776876318204,1.2420073505847253,3.4221736271502756,3.100665304006423,3.8739855547651527
Pedobacter,-2.6227215323903343,-1.6808435631536354,-1.383044420927625,-1.3605536721982587,-0.9785742293400536,-0.45960473611519514,-3.922337931774825,-3.3585090987591504,-1.3985219511026452,2.032192704687432,-1.964643473138652,-1.309768246599715,-0.20476077607786403,-0.5639983724763731,-1.2032624532941631,-1.234661600719579,-1.6464616284153388,-1.488203533555342,0.6737722451206313,-1.7699575795495175,2.2506189820525617,-1.4807819331134986,-1.9364871704536624,-1.2139295564753239,2.165625579751564,-1.1625003191440884,-1.5153378909106479,-0.9386124430093021,-1.3111357611460654,-1.4154263142219485,2.7158210897211723,-1.8910323518915115,-1.4101942025104273,1.3754361285733658
Pedomicrobium,-2.6227215323903343,-1.6808435631536354,-1.383044420927625,-1.3605536721982587,-0.9785742293400536,-1.2068191379454163,1.909544545508692,-3.3585090987591504,-1.3985219511026452,-1.5787252079567922,0.03683652707147189,-1.309768246599715,-0.3651034261530435,0.645839551301961,-1.2032624532941631,-1.234661600719579,-1.6464616284153388,-1.488203533555342,-1.272137903934682,-1.7699575795495175,-2.7666608547623626,-1.4807819331134986,-1.9364871704536624,-1.2139295564753239,-1.9452482844217474,-1.1625003191440884,0.6818866864255716,-0.9386124430093021,2.122851443339081,-1.4154263142219485,-2.4715647161195826,-1.8910323518915115,-1.4101942025104273,-3.1354233779434844
Peptoanaerobacter,-2.6227215323903343,-1.6808435631536354,-1.383044420927625,1.204395685263278,-0.9785742293400536,-3.404043715281636,-3.922337931774825,-3.3585090987591504,-1.3985219511026452,-1.5787252079567922,-3.5740813855727525,-1.309768246599715,-3.500597642082193,-0.8322623590710525,-1.2032624532941631,-1.234661600719579,-1.6464616284153388,2.3184589562149776,-1.272137903934682,2.7409019269673323,2.750792041702345,0.46512821594181475,-1.9364871704536624,2.2200576480098224,-1.9452482844217474,-1.1625003191440884,1.192712310191562,-0.9386124430093021,-1.3111357611460654,-1.4154263142219485,1.67157001027195,-1.8910323518915115,-1.4101942025104273,-3.1354233779434844
Peptococcus,0.21049181166588182,2.8517559299996202,3.0114047337448135,1.204395685263278,-0.9785742293400536,-3.404043715281636,-3.922337931774825,-3.3585090987591504,2.035465253382501,0.8191700648415784,-1.376856808236533,0.6361419024555984,-3.500597642082193,-0.35268927880916623,1.3616869041673736,1.3302877567419578,2.5279256414802984,4.406199300709508,2.441434162769626,2.080190022160541,2.805493177415402,3.4679779572646696,2.891826566848639,2.7178960762490014,-1.9452482844217474,2.598699796549474,3.176009991318496,2.0058265361571386,0.8860888161901541,2.139921747267465,1.460260916604743,3.610225858653216,1.8086816223577737,-3.1354233779434844
Peptostreptococcus,0.98819638025389,0.265066585901678,3.412746124669116,2.1947943892911552,-0.9785742293400536,-0.6959935141794258,-3.922337931774825,1.2162018797442324,4.2816506579144225,3.451712713435643,0.35774424715157327,-1.309768246599715,-1.1027023692838225,1.7789380160412396,3.1142256602421474,4.298727888007941,2.285364004308987,4.515683533551197,3.690706726325225,4.038184910430926,0.45221497010583844,2.8630234887401853,-1.9364871704536624,2.282578004991156,-1.9452482844217474,4.3865757657511315,3.4334219994675204,0.6708254694247981,-1.3111357611460654,3.4898484642164807,3.037823620508395,-1.8910323518915115,1.5342447766560134,-3.1354233779434844
Phascolarctobacterium,0.08532866871187572,-1.6808435631536354,-1.383044420927625,-1.3605536721982587,-0.9785742293400536,-1.2068191379454163,0.7504909026870812,0.07547810572599589,-1.3985219511026452,-1.5787252079567922,-0.35520556070455145,-1.309768246599715,-1.1027023692838225,-0.26171750060343957,-1.2032624532941631,-1.234661600719579,-1.6464616284153388,-1.488203533555342,-1.272137903934682,-1.7699575795495175,-2.7666608547623626,-1.4807819331134986,-1.9364871704536624,0.7319805925799894,-1.9452482844217474,-1.1625003191440884,-1.5153378909106479,-0.9386124430093021,-1.3111357611460654,-1.4154263142219485,-2.4715647161195826,3.72573874577506,-1.4101942025104273,2.2806770242609358
Phenylobacterium,1.1839409573799853,-1.6808435631536354,0.5628657281276884,-1.3605536721982587,-0.9785742293400536,-0.8390943578200991,0.08499525345764614,-1.1612845214229308,-1.3985219511026452,-1.5787252079567922,1.6244156456930736,-1.309768246599715,0.7898617990661982,-3.3972117165325892,-1.2032624532941631,-1.234661600719579,-1.6464616284153388,-1.488203533555342,-1.272137903934682,0.627937693248853,2.302243347457869,1.6547122828156509,-1.9364871704536624,-1.2139295564753239,-1.9452482844217474,-1.1625003191440884,1.0496114665508887,1.007297706046011,1.8243584547830842,-1.4154263142219485,1.335097773650737,-1.8910323518915115,-1.4101942025104273,1.2590257767289543
Phocaeicola,-2.6227215323903343,-1.6808435631536354,-1.383044420927625,-0.26194138353014895,-0.9785742293400536,-3.404043715281636,-3.922337931774825,-3.3585090987591504,-1.3985219511026452,-1.5787252079567922,-1.0091320281112157,-1.309768246599715,-3.500597642082193,-3.3972117165325892,-1.2032624532941631,-1.234661600719579,3.1157123063824175,2.6226703306179693,-1.272137903934682,3.9826150592761156,1.9061679796995437,-1.4807819331134986,-1.9364871704536624,1.494120644626886,-1.9452482844217474,2.4484175935001358,3.5784123098961143,-0.9386124430093021,2.450064354547497,2.928379107631735,-0.07366944332121195,-1.8910323518915115,-1.4101942025104273,-3.1354233779434844
Porphyrobacter,2.6805833756687414,1.1523697809025806,2.727829443245686,-1.3605536721982587,-0.9785742293400536,0.25951793084801045,0.18853593239848632,1.4206143943523792,-1.3985219511026452,1.6401506169114088,-3.5740813855727525,-1.309768246599715,-3.500597642082193,-3.3972117165325892,-1.2032624532941631,2.4289000454100673,1.0615885726868712,-1.488203533555342,-1.272137903934682,1.365536636379632,-2.7666608547623626,-1.4807819331134986,-1.9364871704536624,-1.2139295564753239,-1.9452482844217474,-1.1625003191440884,-1.5153378909106479,-0.9386124430093021,-1.3111357611460654,-1.4154263142219485,0.09338464134195412,-1.8910323518915115,-1.4101942025104273,2.551551978396336
Porphyromonas,2.9185420127680923,5.711188004360956,5.189238121766382,4.5171821095813804,2.9917176842120683,2.528201472166375,-1.214287730672615,2.406682004025694,4.600414610844038,6.335161506899289,3.494942041005507,4.972498500296291,2.601960952531376,3.5810020260981092,6.6869457598157975,6.532178936365934,6.43408533740916,6.9287272359225005,5.9364624340255165,5.768537419863948,4.357011930442244,6.50911744182944,1.9553331276569645,5.41013567132457,-1.9452482844217474,6.447857299168749,7.131654738040434,5.916796355600626,5.670798916010323,5.37916026665455,5.887101567068417,4.970678988589219,5.037111660030786,-3.1354233779434844
Prevotella,2.8537420195411767,5.527756774806564,5.880285196549211,6.78121853245819,2.6849874167895926,2.6804556977935357,1.7979738448325868,2.5192266830204884,5.979861761894069,5.303712263041055,3.1042607290815796,4.968753177566129,3.1625350539086097,3.644199947262221,7.151176486820649,6.73123113436495,5.679345874180434,7.103169056035147,6.162119478198453,6.303757061560339,4.868159822983181,5.987160399172353,2.237900099441975,6.179333538288514,-1.9452482844217474,6.4318809234077285,5.531309386938108,4.065333862936157,6.1590883747539005,7.489882346967341,5.168077571738431,4.9409212136743434,5.077489815974183,-3.1354233779434844
Prevotella_7,2.2370908719713376,4.084347539631209,4.134408475537082,5.657848126870942,2.9917176842120683,1.230685272948,-3.922337931774825,1.4536752566132676,5.737961257487602,4.141586568650619,1.9671821595856742,3.109072361196883,2.3827247464060854,3.443334812756098,7.238560431097298,4.965847573323111,4.269740434192096,6.932258468901123,5.70793803662708,5.666659685684709,4.103392557035763,5.793697625660372,2.9687876079847673,5.239695442417368,-1.9452482844217474,5.222694079853637,6.540137250846627,-0.9386124430093021,6.6828217864275,7.146166464490973,5.241326245370548,4.8624055667062684,4.323147074387318,2.6964590993400326
Prevotella_9,-1.0132836199562338,1.7531436413315107,-1.383044420927625,1.4726596718579574,-0.9785742293400536,0.5277819174426899,-0.7868437158456754,0.8461835206318158,-1.3985219511026452,-1.5787252079567922,0.03683652707147189,-1.309768246599715,0.5424536257523571,0.5730801970195327,2.767029460257959,-1.234661600719579,-1.6464616284153388,-1.488203533555342,-1.272137903934682,-1.7699575795495175,-2.7666608547623626,-1.4807819331134986,4.649684484401012,-1.2139295564753239,-1.9452482844217474,-1.1625003191440884,-1.5153378909106479,-0.9386124430093021,-1.3111357611460654,-1.4154263142219485,0.23648548498262745,-1.8910323518915115,-1.4101942025104273,1.5741068233688496
Prevotellaceae_NK3B31_group,-0.4254969550541148,-1.6808435631536354,-1.383044420927625,-1.3605536721982587,-0.9785742293400536,1.2499166348758877,-3.922337931774825,-0.06267223275482126,-1.3985219511026452,-1.5787252079567922,0.31773891253787445,-1.309768246599715,0.6425370843093394,-0.9993164437342186,-1.2032624532941631,-1.234661600719579,-1.6464616284153388,-1.488203533555342,-1.272137903934682,-1.7699575795495175,-2.7666608547623626,-1.4807819331134986,-1.9364871704536624,-1.2139295564753239,-1.9452482844217474,2.4484175935001358,-1.5153378909106479,-0.9386124430093021,-1.3111357611460654,-1.4154263142219485,-2.4715647161195826,-1.8910323518915115,-1.4101942025104273,1.8274212523164226
Prevotellaceae_UCG_001,0.5961542924778667,-1.6808435631536354,-1.383044420927625,-1.3605536721982587,-0.9785742293400536,0.4026187744886838,1.9153925153911153,0.008786731227323763,-1.3985219511026452,-1.5787252079567922,-0.14009418108760618,-1.309768246599715,-1.3033730647459736,0.09929584493389099,-1.2032624532941631,-1.234661600719579,-1.6464616284153388,-1.488203533555342,-1.272137903934682,-1.7699575795495175,2.289584950585946,-1.4807819331134986,-1.9364871704536624,-1.2139295564753239,4.267357811329772,-1.1625003191440884,-1.5153378909106479,-0.9386124430093021,-1.3111357611460654,-1.4154263142219485,-2.4715647161195826,-1.8910323518915115,-1.4101942025104273,1.6095087504197658
Prevotellaceae_UCG_004,-2.6227215323903343,-1.6808435631536354,-1.383044420927625,-1.3605536721982587,-0.9785742293400536,-0.18516789041343484,2.773460985283667,-3.3585090987591504,-1.3985219511026452,-1.5787252079567922,-0.6296424064063117,-1.309768246599715,-0.45607520435877014,-3.3972117165325892,-1.2032624532941631,-1.234661600719579,-1.6464616284153388,-1.488203533555342,-1.272137903934682,-1.7699575795495175,-1.6680485660942528,-1.4807819331134986,-0.32704925801956186,-1.2139295564753239,-0.33581037198764685,-1.1625003191440884,-1.5153378909106479,-0.9386124430093021,-1.3111357611460654,-1.4154263142219485,1.67157001027195,-1.8910323518915115,-1.4101942025104273,1.5374054565184219
Prochlorococcus_MIT9313,-2.6227215323903343,-1.6808435631536354,-1.383044420927625,-1.3605536721982587,-0.9785742293400536,-3.404043715281636,-3.922337931774825,-3.3585090987591504,-1.3985219511026452,-1.5787252079567922,-0.35520556070455145,-1.309768246599715,-3.500597642082193,-1.1999871391963697,-1.2032624532941631,-1.234661600719579,-1.6464616284153388,-1.488203533555342,-1.272137903934682,-1.7699575795495175,-2.7666608547623626,-1.4807819331134986,-1.9364871704536624,-1.2139295564753239,3.954649069160744,-1.1625003191440884,-1.5153378909106479,-0.9386124430093021,-1.3111357611460654,-1.4154263142219485,2.89907331200808,-1.8910323518915115,-1.4101942025104273,-3.1354233779434844
Pseudaminobacter,-2.6227215323903343,-1.6808435631536354,-1.383044420927625,-1.3605536721982587,-0.9785742293400536,2.309689090227733,-3.922337931774825,2.300973117000471,0.21091596133145507,-1.5787252079567922,2.1657115266064815,-1.309768246599715,2.5276808781485056,2.576597895336672,-1.2032624532941631,-1.234661600719579,-1.6464616284153388,-1.488203533555342,-1.272137903934682,-1.7699575795495175,-2.7666608547623626,-1.4807819331134986,-1.9364871704536624,-1.2139295564753239,-1.9452482844217474,-1.1625003191440884,-1.5153378909106479,-0.9386124430093021,-1.3111357611460654,-1.4154263142219485,-2.4715647161195826,-1.8910323518915115,-1.4101942025104273,-3.1354233779434844
Pseudarthrobacter,1.4548159115153854,1.0272066379485745,-1.383044420927625,-1.3605536721982587,2.4554129751450926,0.4026187744886838,2.4250512778811855,0.4916385029509085,2.0979856103638346,-1.5787252079567922,1.0210384645618378,-1.309768246599715,0.26060247361136923,0.8932477246158022,-1.2032624532941631,-1.234661600719579,-1.6464616284153388,-1.488203533555342,-1.272137903934682,-1.7699575795495175,2.2100728876582116,-1.4807819331134986,-1.9364871704536624,-1.2139295564753239,4.125489443580742,-1.1625003191440884,-1.5153378909106479,-0.9386124430093021,-1.3111357611460654,-1.4154263142219485,-2.4715647161195826,3.7036790277103275,-1.4101942025104273,2.0407263546303445
Pseudoalteromonas,0.21049181166588182,-1.6808435631536354,-1.383044420927625,-1.3605536721982587,-0.9785742293400536,1.5588009149782711,-3.922337931774825,1.6319234880195856,-1.3985219511026452,-1.5787252079567922,0.9367781209440977,-1.309768246599715,1.8027072659768826,1.620068120282335,-1.2032624532941631,0.3747763117145215,-1.6464616284153388,-1.488203533555342,-1.272137903934682,-1.7699575795495175,-2.7666608547623626,-1.4807819331134986,-1.9364871704536624,-1.2139295564753239,-1.9452482844217474,-1.1625003191440884,-1.5153378909106479,-0.9386124430093021,-1.3111357611460654,-1.4154263142219485,1.762541788477677,-1.8910323518915115,-1.4101942025104273,2.147780350794504
Pseudolabrys,2.122210595972916,1.6149933028506935,-1.383044420927625,1.204395685263278,-0.9785742293400536,1.305486486030698,1.6498161004029397,-0.9606138259607797,2.8641579259386702,-1.5787252079567922,-0.0187333240833385,-1.309768246599715,0.4696942714699288,-0.9993164437342186,-1.2032624532941631,-1.234661600719579,-1.6464616284153388,-1.488203533555342,1.435912297167528,-1.7699575795495175,2.516542873975626,1.3524314109427173,-1.9364871704536624,-1.2139295564753239,2.1322891594839724,1.6707130249121278,0.09410002152345254,-0.9386124430093021,1.6333032180203753,-1.4154263142219485,-2.4715647161195826,-1.8910323518915115,-1.4101942025104273,-3.1354233779434844
Pseudomonas,1.7210838894633498,2.6629618587000485,2.5087758771830018,0.5853564768570547,3.1958130405555836,2.020906302199767,3.3211750428906566,2.964056141168134,3.4918271771191085,4.649785795634391,1.9189800577677958,-1.309768246599715,2.1931344967205066,1.4311020207697123,2.804070731938308,1.9008326152095707,0.9184877290461979,-1.488203533555342,1.435912297167528,2.4347350398414482,3.160265171208048,1.463657046052942,6.4027748124699135,-1.2139295564753239,6.743036981836896,-1.1625003191440884,1.192712310191562,1.2586121343269172,0.29830215128803506,2.3912361755483706,4.274847412453791,6.19630057458184,3.385596343086314,4.498430181738284
Pseudopropionibacterium,3.8118249863971188,1.0272066379485745,0.5628657281276884,3.7927379222995206,2.3887216006464205,-3.404043715281636,-3.922337931774825,-0.6504588976569403,1.9687738788838287,0.3671849410985212,-3.5740813855727525,1.9860686194046142,-3.500597642082193,-0.45277273736614854,3.2155781545024347,2.6971640320047467,2.6710264851209717,-1.488203533555342,1.1257573688636886,2.080190022160541,0.0665524892938536,1.7380938917547022,-1.9364871704536624,4.4455526592842975,-1.9452482844217474,4.409653713033676,-1.5153378909106479,2.9932131897150236,3.71930216024637,-1.4154263142219485,0.36164862793663355,-1.8910323518915115,4.598618982932168,-3.1354233779434844
Pseudoxanthomonas,-2.6227215323903343,-1.6808435631536354,-1.383044420927625,-1.3605536721982587,-0.9785742293400536,2.9743824683699507,0.9059758055274765,2.9532257103937645,0.21091596133145507,-1.5787252079567922,2.748483854354532,-1.309768246599715,2.781669104813813,2.718680408950445,-1.2032624532941631,-1.234661600719579,-1.6464616284153388,-1.488203533555342,-1.272137903934682,-1.7699575795495175,-2.7666608547623626,-1.4807819331134986,-1.9364871704536624,-1.2139295564753239,-1.9452482844217474,-1.1625003191440884,-1.5153378909106479,-0.9386124430093021,-1.3111357611460654,-1.4154263142219485,1.5714865517149676,-1.8910323518915115,-1.4101942025104273,0.47549453470074
Psychrobacter,0.5127726835388153,-1.6808435631536354,1.1819049365339116,-1.3605536721982587,-0.9785742293400536,2.190667664320203,0.22079679461670754,0.4916385029509085,-1.3985219511026452,-1.5787252079567922,-0.07757382410627223,-1.309768246599715,0.6737896278134441,0.26634992959705706,-1.2032624532941631,-1.234661600719579,-1.6464616284153388,-1.488203533555342,-1.272137903934682,-1.7699575795495175,-2.7666608547623626,-1.4807819331134986,-1.9364871704536624,-1.2139295564753239,-0.33581037198764685,-1.1625003191440884,-1.5153378909106479,-0.9386124430093021,-1.3111357611460654,-1.4154263142219485,-2.4715647161195826,-1.8910323518915115,-1.4101942025104273,-0.7375281051451137
RB41,2.407716389002101,-1.6808435631536354,0.8141801564085945,-1.3605536721982587,-0.9785742293400536,0.6032894699508353,2.9372769718793768,-0.6504588976569403,-1.3985219511026452,4.514844562088343,0.795366466894269,-1.309768246599715,0.6102762220911182,1.0454395399577274,-1.2032624532941631,-1.234661600719579,-1.6464616284153388,-1.488203533555342,-1.272137903934682,-1.7699575795495175,0.9945392609311998,-1.4807819331134986,1.497500034031484,-1.2139295564753239,2.0250436291303746,-1.1625003191440884,-1.5153378909106479,-0.9386124430093021,-1.3111357611460654,-1.4154263142219485,2.4912799141403243,1.6643157095979024,-1.4101942025104273,3.4312490518597563
Rhodanobacter,0.6731153336139948,-1.6808435631536354,1.6614780167957979,-1.3605536721982587,-0.9785742293400536,-0.5708303712254197,0.7316224183826985,-1.412598949703837,1.8973149149016837,3.0363953088844675,0.6306112338182137,2.1867393148667653,-0.667384298025977,-0.45277273736614854,-1.2032624532941631,-1.234661600719579,-1.6464616284153388,-1.488203533555342,-1.272137903934682,0.17595256950579574,-2.7666608547623626,-1.4807819331134986,-1.9364871704536624,-1.2139295564753239,-1.9452482844217474,-1.1625003191440884,2.376482407199979,-0.9386124430093021,-1.3111357611460654,-1.4154263142219485,1.994343402535001,-1.8910323518915115,2.3033778641938807,1.2834172298531135
Rhodococcus,-2.6227215323903343,1.8156639983128446,-1.383044420927625,1.4726596718579574,-0.9785742293400536,1.305486486030698,0.18853593239848632,2.3419344746315365,-1.3985219511026452,-1.5787252079567922,1.3458995402553726,-1.309768246599715,1.3592147622794788,1.1566651750679515,-1.2032624532941631,-1.234661600719579,-1.6464616284153388,2.1227143790888823,-1.272137903934682,1.174481399616923,-2.7666608547623626,-1.4807819331134986,0.009422978601651089,-1.2139295564753239,-1.9452482844217474,2.2714868853410577,-1.5153378909106479,2.428683386977172,-1.3111357611460654,-1.4154263142219485,0.8957311138668915,-1.8910323518915115,-1.4101942025104273,-3.1354233779434844
Rikenellaceae_RC9_gut_group,1.6113849722069253,2.0327285035506724,1.450168923128591,1.9352831938060704,-0.9785742293400536,2.1450323696135842,2.621573913789967,0.19683896273026358,-1.3985219511026452,-1.5787252079567922,1.2701057008858387,2.4514318690938475,0.9653104765723906,1.1774992619707936,1.3616869041673736,2.772671584512892,3.213350775946333,4.31391484182172,4.212659029555972,3.4174282262912374,2.5266439699621297,1.9532052713716475,0.6284621870078744,0.9832950208608955,2.372239829114563,3.616623173967441,4.453369669074718,2.357224422995027,1.2538135963154713,2.97902284045049,4.1364359091765035,4.417066089618019,-1.4101942025104273,2.873389807499111
Romboutsia,2.407716389002101,-1.6808435631536354,0.22639349150647547,-1.3605536721982587,-0.9785742293400536,1.8586464736232498,2.056547833126297,1.6182246436614238,2.644529316731905,-1.5787252079567922,1.6886088033321331,-1.309768246599715,1.7305109747723937,1.1774992619707936,-1.2032624532941631,2.9397256691760583,-1.6464616284153388,-1.488203533555342,-1.272137903934682,1.174481399616923,-2.7666608547623626,-1.4807819331134986,-1.9364871704536624,-1.2139295564753239,-1.9452482844217474,-1.1625003191440884,-1.5153378909106479,1.007297706046011,-1.3111357611460654,-1.4154263142219485,2.3242258294771587,-1.8910323518915115,-1.4101942025104273,2.225868787765941
Roseburia,0.21049181166588182,1.2635954160128051,-1.383044420927625,-1.3605536721982587,-0.9785742293400536,-1.4581335662263224,1.6110515569526953,-3.3585090987591504,-1.3985219511026452,1.5567690079723575,-0.14009418108760618,0.8874563307365045,-3.500597642082193,0.6101214686998819,-1.2032624532941631,0.9625629766166406,2.796189628074978,-1.488203533555342,3.0183215372137093,2.7409019269673323,2.613236498778097,3.093929045389884,-1.9364871704536624,2.5927329332949958,-1.9452482844217474,-1.1625003191440884,4.3679844975776305,-0.9386124430093021,-1.3111357611460654,-1.4154263142219485,2.182395634037941,4.1980125235553345,-1.4101942025104273,-3.1354233779434844
Rothia,6.212343402640741,7.306728187213411,7.668886214300915,8.016910012813982,7.3311026666476735,3.695158028271457,1.1339078735734835,3.6863960183702207,8.11775780959615,7.83136725587623,2.8009434342553443,6.659589495416631,5.727877300089473,3.881417225788093,7.30084549857342,6.001677742034765,6.267425086440743,5.406466505878139,7.378711672294228,7.121416429935119,5.638706521471619,6.050234398964418,-1.9364871704536624,7.48641817803876,-1.9452482844217474,6.2670205236423735,7.569325872977532,7.979368266963989,6.979658586235289,6.493328424561297,4.016119302365029,4.894555293116418,6.626702570174642,-3.1354233779434844
Rubrobacter,-0.22482625959196367,-1.6808435631536354,-1.383044420927625,-1.3605536721982587,-0.9785742293400536,-0.8390943578200991,0.36812150937356636,-1.7490711863250499,-1.3985219511026452,-1.5787252079567922,-3.5740813855727525,-1.309768246599715,-1.8911597296480926,-3.3972117165325892,-1.2032624532941631,-1.234661600719579,-1.6464616284153388,-1.488203533555342,-1.272137903934682,1.9436144871547902,-2.7666608547623626,-1.4807819331134986,4.601652653314008,-1.2139295564753239,-1.9452482844217474,-1.1625003191440884,-1.5153378909106479,-0.9386124430093021,-1.3111357611460654,-1.4154263142219485,-2.4715647161195826,-1.8910323518915115,-1.4101942025104273,2.421404683756054
Ruminococcus,0.8112656720948119,-1.6808435631536354,0.22639349150647547,-1.3605536721982587,-0.9785742293400536,0.7390910111098967,1.4103808614905438,0.008786731227323763,-1.3985219511026452,-1.5787252079567922,0.23258110419756717,-1.309768246599715,-0.28172181721399214,-0.9993164437342186,-1.2032624532941631,-1.234661600719579,0.9184877290461979,-1.488203533555342,-1.272137903934682,-1.7699575795495175,1.887299495395161,-1.4807819331134986,-1.9364871704536624,-1.2139295564753239,-1.9452482844217474,-1.1625003191440884,-1.5153378909106479,-0.9386124430093021,-1.3111357611460654,-1.4154263142219485,3.422838118145268,-1.8910323518915115,-1.4101942025104273,-3.1354233779434844
SM1A02,-2.6227215323903343,-1.6808435631536354,-1.383044420927625,0.8366709051379608,-0.9785742293400536,-0.03674788529516171,1.6344901299247132,0.3050525473704959,-1.3985219511026452,-1.5787252079567922,0.5690533408187801,-1.309768246599715,0.39122265602843376,-0.5639983724763731,-1.2032624532941631,-1.234661600719579,2.20368597329472,-1.488203533555342,1.1257573688636886,-1.7699575795495175,-2.7666608547623626,-1.4807819331134986,-1.9364871704536624,-1.2139295564753239,5.044086981552812,-1.1625003191440884,-1.5153378909106479,1.007297706046011,-1.3111357611460654,-1.4154263142219485,-2.4715647161195826,-1.8910323518915115,-1.4101942025104273,-3.1354233779434844
Salmonella,-2.6227215323903343,-1.6808435631536354,-1.383044420927625,-1.3605536721982587,-0.9785742293400536,-3.404043715281636,3.245471252541619,-3.3585090987591504,-1.3985219511026452,-1.5787252079567922,1.7586374076926163,-1.309768246599715,-3.500597642082193,-1.7877738040984887,-1.2032624532941631,-1.234661600719579,-1.6464616284153388,-1.488203533555342,-1.272137903934682,-1.7699575795495175,3.552307258984072,-1.4807819331134986,5.7638080329664545,-1.2139295564753239,6.120331142860346,-1.1625003191440884,-1.5153378909106479,-0.9386124430093021,-1.3111357611460654,-1.4154263142219485,4.550411706952577,6.407258282467771,-1.4101942025104273,4.626321606715429
Sedimenticola,-2.6227215323903343,-1.6808435631536354,-1.383044420927625,-1.3605536721982587,-0.9785742293400536,1.170667263221747,-3.922337931774825,1.1073990198954333,-1.3985219511026452,-1.5787252079567922,0.688598491468563,-1.309768246599715,1.1907502401469507,1.0216288912640086,-1.2032624532941631,-1.234661600719579,-1.6464616284153388,-1.488203533555342,-1.272137903934682,-1.7699575795495175,-2.7666608547623626,-1.4807819331134986,-1.9364871704536624,-1.2139295564753239,-1.9452482844217474,-1.1625003191440884,-1.5153378909106479,-0.9386124430093021,-1.3111357611460654,-1.4154263142219485,-2.4715647161195826,-1.8910323518915115,-1.4101942025104273,1.2834172298531135
Selenomonas,4.4463018941879255,4.2460824628167755,6.052393598886925,6.226756833824357,3.9414066964880714,0.9397617065720483,-1.5244426589764544,1.9838251532056606,4.043895759419148,4.425161859149747,0.23258110419756717,3.4524056881980414,2.3938051921826573,1.2375172716970466,6.24157082059803,4.337492431458186,5.572448079203721,6.68903135195485,4.126024797583071,6.039989506927273,4.570926888776233,4.7033669578239845,-1.9364871704536624,5.784580085775278,-1.9452482844217474,5.588601149792671,5.134941157676774,2.9532078551013248,6.8118289540879955,7.5396346364099545,5.204908930269573,4.05176702323519,4.872072544385579,-3.1354233779434844
Serratia,-2.6227215323903343,-1.6808435631536354,-1.383044420927625,-1.3605536721982587,-0.9785742293400536,-1.2068191379454163,1.8045098158123718,1.3864230296040998,-1.3985219511026452,-1.5787252079567922,-3.5740813855727525,-1.309768246599715,-0.3651034261530435,1.4311020207697123,-1.2032624532941631,-1.234661600719579,0.5507629489208807,-1.488203533555342,-1.272137903934682,-1.7699575795495175,-2.7666608547623626,-1.4807819331134986,3.35681765427083,-1.2139295564753239,2.6294626940816355,-1.1625003191440884,-1.5153378909106479,-0.9386124430093021,-1.3111357611460654,-1.4154263142219485,-2.4715647161195826,-1.8910323518915115,-1.4101942025104273,-0.5704740204819476
Snodgrassella,-2.6227215323903343,-1.6808435631536354,-1.383044420927625,-1.3605536721982587,-0.9785742293400536,-0.5708303712254197,-3.922337931774825,-0.13963327389094937,-1.3985219511026452,3.3557487251738993,-0.8660311844705424,2.0575275833867592,0.7898617990661982,0.09929584493389099,-1.2032624532941631,-1.234661600719579,2.6439978127330526,-1.488203533555342,-1.272137903934682,-1.7699575795495175,-2.7666608547623626,0.46512821594181475,-1.9364871704536624,-1.2139295564753239,-1.9452482844217474,-1.1625003191440884,1.780498975093681,-0.9386124430093021,-1.3111357611460654,-1.4154263142219485,-2.4715647161195826,-1.8910323518915115,2.1451538589789867,-3.1354233779434844
Sodalis,-2.6227215323903343,-1.6808435631536354,-1.383044420927625,1.583885306968182,-0.9785742293400536,-0.8390943578200991,-3.922337931774825,2.502277124706716,2.53330368162168,-1.5787252079567922,-3.5740813855727525,-1.309768246599715,-3.500597642082193,0.645839551301961,-1.2032624532941631,2.970031018671387,2.796189628074978,2.2729965821382203,-1.272137903934682,-1.7699575795495175,3.0652216225211544,-1.4807819331134986,-1.9364871704536624,2.15336627351115,-1.9452482844217474,3.0421923002468776,-1.5153378909106479,-0.9386124430093021,1.9847011048582637,2.476393983888678,-2.4715647161195826,-1.8910323518915115,-1.4101942025104273,-3.1354233779434844
Solirubrobacter,-2.6227215323903343,-1.6808435631536354,-1.383044420927625,-1.3605536721982587,-0.9785742293400536,-3.404043715281636,1.528700521790876,-0.4140701195927097,-1.3985219511026452,0.030712704477308228,-0.4385871696436028,-1.309768246599715,0.05475041940722081,-0.45277273736614854,-1.2032624532941631,-1.234661600719579,-1.6464616284153388,-1.488203533555342,-1.272137903934682,-1.7699575795495175,1.2406723304701086,-1.4807819331134986,-1.9364871704536624,-1.2139295564753239,-1.9452482844217474,-1.1625003191440884,0.09410002152345254,-0.9386124430093021,-1.3111357611460654,-1.4154263142219485,-2.4715647161195826,4.623680338981019,0.9877010702879433,1.4392876005598985
Solobacterium,1.3475703811617876,1.5380322617145654,1.450168923128591,1.037341600600112,-0.9785742293400536,-3.404043715281636,-3.922337931774825,-0.31398666103572737,1.8203538737655556,-1.5787252079567922,-0.0187333240833385,-1.309768246599715,-0.06661043759704688,0.03677548795255703,2.460299192835483,2.4289000454100673,-1.6464616284153388,1.345009810500874,-1.272137903934682,1.174481399616923,0.9469112119419454,-1.4807819331134986,-1.9364871704536624,-1.2139295564753239,-1.9452482844217474,1.6707130249121278,-1.5153378909106479,-0.9386124430093021,0.634774387909248,1.2926238868802613,1.994343402535001,-1.8910323518915115,-1.4101942025104273,-3.1354233779434844
Sphingobacterium,-2.6227215323903343,-0.07140565071953497,-1.383044420927625,-1.3605536721982587,-0.9785742293400536,0.5662481982704861,0.31176857282243464,-1.412598949703837,-1.3985219511026452,-1.5787252079567922,-0.7408680415165363,-1.309768246599715,-0.133301812095719,-0.45277273736614854,-1.2032624532941631,-1.234661600719579,-1.6464616284153388,-1.488203533555342,-1.272137903934682,-1.7699575795495175,3.242152330680233,-1.4807819331134986,0.2607374068825572,-1.2139295564753239,-1.9452482844217474,-1.1625003191440884,-1.5153378909106479,-0.9386124430093021,-1.3111357611460654,-1.4154263142219485,-2.4715647161195826,3.392171376846477,-1.4101942025104273,-3.1354233779434844
Sphingobium,-2.6227215323903343,-1.6808435631536354,-1.383044420927625,-1.3605536721982587,2.0659482083833693,0.09246384618484438,-0.877815494051402,0.19683896273026358,-1.3985219511026452,-1.5787252079567922,0.18711873012080993,-1.309768246599715,0.3495499596278657,-0.0299158865461151,-1.2032624532941631,-1.234661600719579,-1.6464616284153388,-1.488203533555342,1.561075440121534,-1.7699575795495175,1.1251594433482643,-1.4807819331134986,4.284102999646077,-1.2139295564753239,3.2421375214190076,-1.1625003191440884,-1.5153378909106479,-0.9386124430093021,-1.3111357611460654,1.529012664944492,-2.4715647161195826,-1.8910323518915115,-1.4101942025104273,-3.1354233779434844
Sphingomonas,2.690484446651453,1.9827180829760107,2.3781556947659372,-1.3605536721982587,2.156919986589096,2.289688423521064,3.1120499981406784,1.4856779876994408,1.6460004866207776,4.287742848976504,1.8596406179814875,2.4514318690938475,1.8417366098826178,1.275617117929317,-1.2032624532941631,1.984214224148622,-1.6464616284153388,2.48208837999678,-1.272137903934682,1.174481399616923,3.271210065159775,2.451043699610827,2.20664755593787,0.3955083559587764,0.0006618646335661005,-1.1625003191440884,1.703537933957553,-0.9386124430093021,1.3969144399561446,2.195491598422276,2.597339486100649,-0.281594439457411,2.852485674530888,3.7367047233955017
Staphylococcus,1.420329735444216,1.0272066379485745,1.984251409058849,1.204395685263278,-0.9785742293400536,1.7944533159841902,3.1483861754854514,3.036752499356299,-1.3985219511026452,-1.5787252079567922,1.935306951055225,-1.309768246599715,2.313532889742873,2.0365102870216507,4.972604816811598,-1.234661600719579,-1.6464616284153388,-1.488203533555342,-1.272137903934682,-1.7699575795495175,4.105467246576623,-1.4807819331134986,6.890687600909122,1.494120644626886,6.686879445086589,1.2353949536542823,1.9811696705558322,-0.9386124430093021,-1.3111357611460654,0.19401159821215175,4.77051764313738,6.9057603357831505,2.253367443619219,4.790095601843442
Stenotrophobacter,1.0908505343139736,-1.6808435631536354,-1.383044420927625,-1.3605536721982587,-0.9785742293400536,-1.7946058028475353,1.4483000963528374,-3.3585090987591504,-1.3985219511026452,-1.5787252079567922,0.1394906811315555,-1.309768246599715,-0.133301812095719,0.09929584493389099,-1.2032624532941631,-1.234661600719579,-1.6464616284153388,-1.488203533555342,-1.272137903934682,-1.7699575795495175,1.3108765891433571,-1.4807819331134986,-1.9364871704536624,-1.2139295564753239,-1.9452482844217474,-1.1625003191440884,0.6818866864255716,-0.9386124430093021,-1.3111357611460654,-1.4154263142219485,-2.4715647161195826,-1.8910323518915115,-1.4101942025104273,1.7397739452576677
Stenotrophomonas,-2.6227215323903343,-1.6808435631536354,1.912792445076704,-1.3605536721982587,-0.9785742293400536,1.9758536382588239,0.6102615613784308,2.3352230400435494,-1.3985219511026452,-1.5787252079567922,1.8683363249490408,-1.309768246599715,1.8700403860454693,1.6841926484518739,4.049010974752466,-1.234661600719579,-1.6464616284153388,-1.488203533555342,-1.272137903934682,-1.7699575795495175,-2.7666608547623626,1.463657046052942,-1.9364871704536624,-1.2139295564753239,4.192478769664486,-1.1625003191440884,-1.5153378909106479,-0.9386124430093021,-1.3111357611460654,-1.4154263142219485,2.4036326070815695,-1.8910323518915115,-1.4101942025104273,2.531003310168948
Stomatobaculum,1.2690987657202926,-1.6808435631536354,3.461142665530966,2.1947943892911552,-0.9785742293400536,0.6032894699508353,-3.922337931774825,-3.3585090987591504,2.035465253382501,4.186465894828052,-3.5740813855727525,-1.309768246599715,-0.5561586629157524,-3.3972117165325892,-1.2032624532941631,-1.234661600719579,1.4890325875138108,-1.488203533555342,-1.272137903934682,-1.7699575795495175,-2.7666608547623626,-1.4807819331134986,-1.9364871704536624,2.0819073095290053,-1.9452482844217474,2.0563755057241124,1.0496114665508887,-0.9386124430093021,2.6961974240864057,3.329505814141301,1.5357684691128886,0.05487779716380192,-1.4101942025104273,-3.1354233779434844
Streptococcus,6.971587887349125,8.364186953492098,8.564507862770604,8.690275718235798,8.44969612689745,5.905508306765494,3.9351428551677046,5.0228643695145525,8.077484919267636,8.016945589707175,6.392521801277452,8.273996019273168,5.368237850744702,6.116708683048148,8.969985025184753,8.452223461045719,7.215313682585491,7.094964646784428,8.983449141108357,7.107563874303354,5.710335146902462,8.666631709919368,5.054689716667547,7.994509008211263,0.2519762929144722,7.540176092403682,7.956366245199443,8.968219510777216,8.830147474036586,9.51823407375977,8.086511084797868,6.619941539710809,8.821625402204042,4.251666857713273
Streptomyces,2.597634292687991,1.0272066379485745,-1.383044420927625,-1.3605536721982587,-0.9785742293400536,0.8864157258667555,1.9269868481720343,0.25240881388507397,2.945283470751039,-1.5787252079567922,0.03683652707147189,-1.309768246599715,0.1103202705620312,-0.35268927880916623,-1.2032624532941631,-1.234661600719579,-1.6464616284153388,-1.488203533555342,-1.272137903934682,0.17595256950579574,0.7298467067041177,0.1286559793206018,5.156086545521017,-1.2139295564753239,-1.9452482844217474,-1.1625003191440884,-1.5153378909106479,-0.9386124430093021,-1.3111357611460654,-1.4154263142219485,2.3242258294771587,-1.8910323518915115,-1.4101942025104273,2.4592880016583547
Subdoligranulum,0.21049181166588182,1.6149933028506935,-1.383044420927625,-1.3605536721982587,-0.9785742293400536,-0.03674788529516171,1.3608657969631635,0.13799846270732985,0.21091596133145507,-1.5787252079567922,-0.5295589478493294,-1.309768246599715,0.9880387276499469,-0.17833589166438824,-1.2032624532941631,-1.234661600719579,-1.6464616284153388,-1.488203533555342,-1.272137903934682,-1.7699575795495175,-2.7666608547623626,-1.4807819331134986,-1.9364871704536624,-1.2139295564753239,-1.9452482844217474,-1.1625003191440884,-1.5153378909106479,-0.9386124430093021,-1.3111357611460654,-1.4154263142219485,-2.4715647161195826,-1.8910323518915115,-1.4101942025104273,-3.1354233779434844
Subgroup_10,-0.057772174928797604,-1.6808435631536354,-1.383044420927625,-1.3605536721982587,1.8546391147161625,0.6390075525529144,1.6498161004029397,0.6117828147929716,-1.3985219511026452,-1.5787252079567922,-3.5740813855727525,-1.309768246599715,-0.133301812095719,-0.9993164437342186,-1.2032624532941631,-1.234661600719579,-1.6464616284153388,-1.488203533555342,-1.272137903934682,-1.7699575795495175,-2.7666608547623626,1.2272682679887112,-1.9364871704536624,-1.2139295564753239,-1.9452482844217474,-1.1625003191440884,-1.5153378909106479,-0.9386124430093021,2.299782151498159,-1.4154263142219485,-2.4715647161195826,-1.8910323518915115,-1.4101942025104273,3.048725512993999
TM7a,1.7717276222821043,1.3636788745697874,2.660006846906925,3.6433926337472005,-0.9785742293400536,-0.2685494993524862,-3.922337931774825,-0.2230148828300007,3.5502379392755232,3.734480771084995,0.8918267330818312,0.6361419024555984,0.4312279906421326,0.6803257273731305,4.490469685508536,2.8762122634537324,1.5724141964528622,2.361944068154717,1.8633563119944676,3.600680448578145,1.040001635007957,3.871076200362568,-1.9364871704536624,3.8423162488729847,-1.9452482844217474,-1.1625003191440884,3.157490943551258,2.774959623695006,3.972067967591923,3.627998802697298,2.061034777033673,2.574875766763072,-1.4101942025104273,2.9353143500590053
TM7x,2.3677110543884017,2.973116787003888,3.0596068355626915,4.140704538346469,-0.9785742293400536,1.6263942061107994,-3.922337931774825,-3.3585090987591504,2.3626781645909167,1.788570622029682,-3.5740813855727525,-1.309768246599715,-0.7925474409799831,-0.9993164437342186,-1.2032624532941631,-1.234661600719579,2.8643978781015114,4.343678943728174,2.224369657531798,2.695950539105066,2.5756733972024484,-1.4807819331134986,-1.9364871704536624,4.910753834418881,-1.9452482844217474,1.5455498819581217,-1.5153378909106479,-0.9386124430093021,4.290983059733636,4.201344783444623,2.2733674122436676,4.504229246223938,3.4496182018512447,-3.1354233779434844
Tannerella,-0.6768113833350209,3.098279929957894,4.90295367358124,6.030244849537418,0.9673359197152598,-1.4581335662263224,-3.922337931774825,1.8399879325066757,1.8973149149016837,3.8462248095246108,-0.27824451956842333,2.403803820104593,-0.004090080615712921,0.4094507732377304,2.839788814540387,0.7112485483357345,4.38181689181536,6.831757488331186,4.3225734756671566,4.918397134397244,3.3580225361318425,4.960164607519422,-1.9364871704536624,5.988731640047914,-1.9452482844217474,3.4326195309905017,4.835547825804092,4.226173530914212,6.055941298734947,5.775249720110259,2.9356070553405362,4.05176702323519,4.138881882384792,-3.1354233779434844
Terrimonas,-2.6227215323903343,-1.6808435631536354,1.1819049365339116,-1.3605536721982587,-0.9785742293400536,-0.2685494993524862,1.0264219586033434,-0.4140701195927097,-1.3985219511026452,-1.5787252079567922,-0.6296424064063117,-1.309768246599715,-0.004090080615712921,-0.17833589166438824,-1.2032624532941631,-1.234661600719579,-1.6464616284153388,-1.488203533555342,-1.272137903934682,3.164516353581174,-2.7666608547623626,-1.4807819331134986,-1.9364871704536624,-1.2139295564753239,-1.9452482844217474,-1.1625003191440884,-1.5153378909106479,-0.9386124430093021,-1.3111357611460654,-1.4154263142219485,-2.4715647161195826,-1.8910323518915115,-1.4101942025104273,1.2340244745235371
Treponema,2.6190254826693082,5.600542100416648,4.527752223112902,5.453989225061699,3.1322996348332577,-1.0061484424832652,-0.7868437158456754,2.502277124706716,4.699552331063595,3.451712713435643,3.2621778917043147,4.247059815099823,0.5424536257523571,4.418398815502601,6.118587260494193,4.949487290217904,7.542552956846092,7.87116010981328,7.3046440788932125,6.44909908151108,5.344366983431318,7.078512434321374,-1.9364871704536624,5.943026808140313,-1.9452482844217474,5.695013743401302,7.961894939309759,5.6280599867939385,5.467649136539111,7.095949991872724,6.580600220890725,5.54793924050435,5.329142424846746,1.2834172298531135
Turicibacter,-2.6227215323903343,-1.6808435631536354,-1.383044420927625,-1.3605536721982587,-0.9785742293400536,1.5304302178490556,-0.07219033006476616,0.25240881388507397,-1.3985219511026452,-1.5787252079567922,0.8447592222238454,-1.309768246599715,0.5424536257523571,0.49460858157803766,-1.2032624532941631,-1.234661600719579,-1.6464616284153388,-1.488203533555342,-1.272137903934682,-1.7699575795495175,2.2637770666300727,-1.4807819331134986,-1.9364871704536624,-1.2139295564753239,-1.9452482844217474,-1.1625003191440884,-1.5153378909106479,-0.9386124430093021,-1.3111357611460654,-1.4154263142219485,-2.4715647161195826,-1.8910323518915115,-1.4101942025104273,-3.1354233779434844
UCG_002,1.0908505343139736,-1.6808435631536354,-1.383044420927625,-1.3605536721982587,-0.9785742293400536,-3.404043715281636,-0.16113781608126265,-0.6504588976569403,0.9993733216957252,-1.5787252079567922,-1.1761861127743818,-1.309768246599715,1.1145228747590665,-0.6891615154303792,-1.2032624532941631,-1.234661600719579,-1.6464616284153388,-1.488203533555342,-1.272137903934682,-1.7699575795495175,-2.7666608547623626,-1.4807819331134986,-1.9364871704536624,-1.2139295564753239,-1.9452482844217474,-1.1625003191440884,2.0955800217335763,-0.9386124430093021,-1.3111357611460654,-1.4154263142219485,2.9265979853981707,-1.8910323518915115,-1.4101942025104273,1.2590257767289543
UCG_005,0.9326265290990796,1.1523697809025806,-1.383044420927625,-1.3605536721982587,-0.9785742293400536,0.7068301488916755,2.7484283890710497,0.44815339101116924,-1.3985219511026452,-1.5787252079567922,-0.27824451956842333,-1.309768246599715,-0.3651034261530435,-0.8322623590710525,-1.2032624532941631,-1.234661600719579,-1.6464616284153388,-1.488203533555342,-1.272137903934682,-1.7699575795495175,1.3442130094109488,-1.4807819331134986,4.513983251690514,-1.2139295564753239,-1.9452482844217474,-1.1625003191440884,-1.5153378909106479,-0.9386124430093021,-1.3111357611460654,-1.4154263142219485,-2.4715647161195826,-1.8910323518915115,-1.4101942025104273,-3.1354233779434844
Unclassified 67_14,1.138478583303228,2.0327285035506724,-1.383044420927625,-1.3605536721982587,-0.9785742293400536,0.5277819174426899,2.4320321090225256,0.5733165339651753,-1.3985219511026452,-1.5787252079567922,-0.2067855555862783,-1.309768246599715,0.5424536257523571,-0.26171750060343957,-1.2032624532941631,1.1632336720787917,-1.6464616284153388,-1.488203533555342,-1.272137903934682,0.627937693248853,1.37647387162917,-1.4807819331134986,0.4614081023447083,-1.2139295564753239,5.106607338534147,-1.1625003191440884,-1.5153378909106479,-0.9386124430093021,-1.3111357611460654,-1.4154263142219485,-2.4715647161195826,1.2444618640376381,-1.4101942025104273,2.7753732660970427
Unclassified A4b,-2.6227215323903343,-1.6808435631536354,-1.383044420927625,-1.3605536721982587,2.4554129751450926,0.7703435546140014,2.4526868880532717,0.5333111993514765,-1.3985219511026452,-1.5787252079567922,1.6020683470010764,-1.309768246599715,0.5769398018235266,1.5656329137273177,-1.2032624532941631,-1.234661600719579,-1.6464616284153388,-1.488203533555342,-1.272137903934682,-1.7699575795495175,-1.6680485660942528,-1.4807819331134986,-1.9364871704536624,-1.2139295564753239,-0.33581037198764685,-1.1625003191440884,-1.5153378909106479,-0.9386124430093021,-1.3111357611460654,-1.4154263142219485,-2.4715647161195826,-0.7924200632234017,2.351005913183135,3.108743522720252
Unclassified Absconditabacteriales__SR1,-2.6227215323903343,3.362581553765611,1.1819049365339116,-1.3605536721982587,2.6849874167895926,-0.8390943578200991,-3.922337931774825,2.32846625758067,1.7369722648265042,2.9538742851964637,0.03683652707147189,-1.309768246599715,-1.1027023692838225,0.4094507732377304,-1.2032624532941631,5.1966694812139,2.3965896394192114,4.955927723145098,2.619682394175945,2.340916284623794,-2.7666608547623626,3.093929045389884,-1.9364871704536624,2.34141850501409,-1.9452482844217474,-1.1625003191440884,-1.5153378909106479,-0.9386124430093021,1.9847011048582637,0.7817982631142708,1.845923397416728,-1.8910323518915115,3.100665304006423,-3.1354233779434844
Unclassified Acidimicrobiia,1.7210838894633498,-1.6808435631536354,-1.383044420927625,1.8583221526699423,-0.9785742293400536,-0.5708303712254197,2.4795792649523607,-0.31398666103572737,-1.3985219511026452,-1.5787252079567922,-0.27824451956842333,-1.309768246599715,-0.28172181721399214,-0.45277273736614854,-1.2032624532941631,-1.234661600719579,-1.6464616284153388,-1.488203533555342,-1.272137903934682,-1.7699575795495175,-2.7666608547623626,-1.4807819331134986,5.1510865351043105,-1.2139295564753239,-1.9452482844217474,0.4469375932900121,-1.5153378909106479,-0.9386124430093021,2.185371800320415,-1.4154263142219485,-2.4715647161195826,-0.281594439457411,-1.4101942025104273,-3.1354233779434844
Unclassified Acidobacteriales,2.3677110543884017,1.6149933028506935,-1.383044420927625,0.5853564768570547,-0.9785742293400536,-0.6959935141794258,0.8567855613367046,0.25240881388507397,-1.3985219511026452,5.012948524051866,0.9367781209440977,2.0575275833867592,0.506735543150278,-0.9993164437342186,-1.2032624532941631,-1.234661600719579,-1.6464616284153388,-1.488203533555342,2.8387359602386293,-1.7699575795495175,-2.7666608547623626,1.3524314109427173,-1.9364871704536624,-1.2139295564753239,4.19678912116561,-1.1625003191440884,2.2458622247829143,3.550023926722838,2.185371800320415,-1.4154263142219485,2.5323815898258766,-1.8910323518915115,3.4801549257113265,1.2340244745235371
Unclassified Actinobacteria,0.42180090533308867,-1.6808435631536354,-1.383044420927625,-1.3605536721982587,-0.9785742293400536,0.48777658282899106,1.8676222391224284,-0.2230148828300007,-1.3985219511026452,-1.5787252079567922,-0.6296424064063117,2.7332830212348354,-0.45607520435877014,-0.35268927880916623,-1.2032624532941631,1.1632336720787917,-1.6464616284153388,-1.488203533555342,-1.272137903934682,2.5475305339867926,-2.7666608547623626,-1.4807819331134986,3.205176386048998,-1.2139295564753239,-1.9452482844217474,-1.1625003191440884,-1.5153378909106479,-0.9386124430093021,-1.3111357611460654,0.7817982631142708,-2.4715647161195826,3.9640395703109155,-1.4101942025104273,2.488594128243854
Unclassified Actinobacteriota,-1.0132836199562338,1.6149933028506935,-1.383044420927625,-1.3605536721982587,2.3887216006464205,-1.2068191379454163,0.9059758055274765,0.19683896273026358,-1.3985219511026452,-1.5787252079567922,-0.35520556070455145,-1.309768246599715,-0.9356482846206564,-0.0299158865461151,-1.2032624532941631,-1.234661600719579,1.4890325875138108,-1.488203533555342,-1.272137903934682,-1.7699575795495175,-2.7666608547623626,-1.4807819331134986,-0.32704925801956186,-1.2139295564753239,-0.33581037198764685,-1.1625003191440884,-1.5153378909106479,-0.9386124430093021,-1.3111357611460654,-1.4154263142219485,-2.4715647161195826,3.9525120651398487,2.086313358956053,1.660367167653257
Unclassified Alphaproteobacteria,2.597634292687991,1.6864522668328386,-1.383044420927625,-1.3605536721982587,2.2403015955281473,0.6390075525529144,2.4795792649523607,0.402691016934412,0.21091596133145507,3.6523834088977947,0.35774424715157327,-1.309768246599715,0.26060247361136923,0.9465937053210949,-1.2032624532941631,-1.234661600719579,0.5507629489208807,-1.488203533555342,-0.1735256152665724,-1.7699575795495175,-2.7666608547623626,2.411038364997128,1.2823886544145386,-1.2139295564753239,-0.8466359957536376,-1.1625003191440884,-1.5153378909106479,2.105909994714121,2.352425884983581,-1.4154263142219485,-2.4715647161195826,3.8292794247159003,3.100665304006423,1.8550092088352517
Unclassified Anaerolineaceae,0.42180090533308867,-1.6808435631536354,-1.383044420927625,-1.3605536721982587,2.7349978373642543,1.230685272948,1.9609844567134536,0.6117828147929716,-1.3985219511026452,2.9959857705465907,0.9367781209440977,-1.309768246599715,0.39122265602843376,-0.0299158865461151,-1.2032624532941631,-1.234661600719579,-1.6464616284153388,-1.488203533555342,-1.272137903934682,-1.7699575795495175,0.7886872067270514,1.8865138968729753,-0.32704925801956186,-1.2139295564753239,4.765274825030682,-1.1625003191440884,-1.5153378909106479,-0.9386124430093021,1.2538135963154713,-1.4154263142219485,-2.4715647161195826,4.7514544494757445,-1.4101942025104273,2.5979178989542615
Unclassified Anaerolineae,1.3475703811617876,-1.6808435631536354,-1.383044420927625,-1.3605536721982587,-0.9785742293400536,-0.8390943578200991,1.554125620156686,-0.9606138259607797,-1.3985219511026452,-1.5787252079567922,0.795366466894269,-1.309768246599715,0.3495499596278657,-0.8322623590710525,-1.2032624532941631,-1.234661600719579,-1.6464616284153388,-1.488203533555342,-1.272137903934682,3.286288225798791,-2.7666608547623626,1.8150549328908303,-1.9364871704536624,-1.2139295564753239,-1.9452482844217474,-1.1625003191440884,-1.5153378909106479,-0.9386124430093021,-1.3111357611460654,-1.4154263142219485,-2.4715647161195826,-1.8910323518915115,-1.4101942025104273,2.4367306542342804
Unclassified Anaerovoracaceae,0.08532866871187572,1.8156639983128446,-1.383044420927625,1.4726596718579574,-0.9785742293400536,-3.404043715281636,0.5885215747420252,-3.3585090987591504,1.9687738788838287,1.129324993145418,-1.1761861127743818,-1.309768246599715,-3.500597642082193,-3.3972117165325892,0.40617545913993736,-1.234661600719579,-1.6464616284153388,3.542234387837093,2.735195281297789,3.058356157752784,0.45221497010583844,1.463657046052942,-0.32704925801956186,2.282578004991156,-1.9452482844217474,1.4024490383174484,3.229594237452602,-0.9386124430093021,-1.3111357611460654,2.0185608902631973,1.922884438552856,-1.8910323518915115,-1.4101942025104273,2.3493735555471704
Unclassified Archaea,-0.4254969550541148,-0.07140565071953497,1.0148508518707455,-1.3605536721982587,1.419321043458317,3.3540507891460947,-1.5244426589764544,2.912479333099149,-1.3985219511026452,-1.5787252079567922,2.3946261744126134,2.582052051510912,2.75898382198273,2.7491175411363082,-1.2032624532941631,-1.234661600719579,-1.6464616284153388,0.7090210437808774,-1.272137903934682,-0.1605196671154172,-2.7666608547623626,0.7164426442227209,-1.9364871704536624,-1.2139295564753239,-1.9452482844217474,-1.1625003191440884,-1.5153378909106479,0.15999984565880748,-1.3111357611460654,-1.4154263142219485,0.4728742630468581,2.7040874982430787,-1.4101942025104273,-3.1354233779434844
Unclassified B1_7BS,0.32171744677610636,-1.6808435631536354,-1.383044420927625,-1.3605536721982587,-0.9785742293400536,-0.45960473611519514,0.6727819183597652,-3.3585090987591504,-1.3985219511026452,-1.5787252079567922,-3.5740813855727525,-1.309768246599715,-3.500597642082193,-3.3972117165325892,-1.2032624532941631,-1.234661600719579,-1.6464616284153388,-1.488203533555342,-1.272137903934682,-1.7699575795495175,-2.7666608547623626,-1.4807819331134986,4.323094293611261,-1.2139295564753239,-1.9452482844217474,-1.1625003191440884,-1.5153378909106479,-0.9386124430093021,-1.3111357611460654,-1.4154263142219485,-2.4715647161195826,-1.8910323518915115,-1.4101942025104273,-3.1354233779434844
Unclassified Bacilli,-2.6227215323903343,-1.6808435631536354,-1.383044420927625,-1.3605536721982587,-0.9785742293400536,-1.7946058028475353,-1.9764277827195116,-0.7935597412976136,-1.3985219511026452,-1.5787252079567922,-1.376856808236533,-1.309768246599715,-3.500597642082193,-0.8322623590710525,-1.2032624532941631,-1.234661600719579,2.0171000177143075,4.618819354186912,2.441434162769626,1.7853904819398962,1.1251594433482643,2.074566128375915,-1.9364871704536624,2.0819073095290053,4.536328844854683,1.7819386600223523,3.0385390006898927,-0.9386124430093021,1.2538135963154713,2.476393983888678,2.462909217011109,4.497529053654119,-0.3115819138423176,3.2154623387712555
Unclassified Bacteria,4.61361781036401,4.37594045007499,3.930161558114162,4.234157707403581,5.000311535561068,6.83244577362894,5.1550423129451275,6.672095568836443,4.938303780043796,5.720396254754007,6.115408167308869,4.7281026733224225,6.574361148193475,6.643294889661626,1.3616869041673736,3.7140982896585895,4.683259277107358,4.691813120097231,4.373308993708555,5.1104265026364875,5.156687357167792,4.068294151781721,6.997704364884412,2.2200576480098224,5.77919836121179,4.179833932820722,4.025925654247779,4.570775893618675,4.652443582472381,4.018295689332291,5.152565869541707,6.19075185504349,5.440990724983315,5.80795216316964
Unclassified Bacteroidales,1.138478583303228,-1.6808435631536354,-1.383044420927625,0.24888424023584177,-0.9785742293400536,-1.7946058028475353,1.3506616267889218,-0.4140701195927097,1.7369722648265042,-1.5787252079567922,0.35774424715157327,-1.309768246599715,0.9653104765723906,-0.17833589166438824,2.6034000364761565,-1.234661600719579,-1.6464616284153388,-1.488203533555342,-1.272137903934682,-1.7699575795495175,-2.7666608547623626,1.084167424348038,-0.32704925801956186,-1.2139295564753239,4.028561327447514,-1.1625003191440884,-1.5153378909106479,-0.9386124430093021,-1.3111357611460654,-1.4154263142219485,1.971086540370734,-1.8910323518915115,-1.4101942025104273,0.625776737750078
Unclassified Bacteroidia,0.9326265290990796,0.265066585901678,4.006027308888876,1.3474965289039513,-0.9785742293400536,1.230685272948,0.4965026760217728,-0.06267223275482126,0.21091596133145507,-1.5787252079567922,0.3962105279793695,2.403803820104593,0.5424536257523571,-0.0299158865461151,2.8742749906115566,-1.234661600719579,-1.6464616284153388,2.519129651677129,3.0453502096016285,-1.7699575795495175,-2.7666608547623626,2.232790133590809,-1.9364871704536624,-1.2139295564753239,-1.9452482844217474,-1.1625003191440884,2.828467530943036,-0.9386124430093021,-1.3111357611460654,1.4177870298342674,-2.4715647161195826,-1.8910323518915115,1.5342447766560134,-3.1354233779434844
Unclassified Beijerinckiaceae,-2.6227215323903343,-1.6808435631536354,-1.383044420927625,-1.3605536721982587,-0.9785742293400536,1.3917468303151055,0.4214674900788591,1.8399879325066757,-1.3985219511026452,-1.5787252079567922,1.5196688152340099,-1.309768246599715,1.8027072659768826,1.6590340888157193,-1.2032624532941631,-1.234661600719579,-1.6464616284153388,-1.488203533555342,-1.272137903934682,-1.7699575795495175,-2.7666608547623626,-1.4807819331134986,-1.9364871704536624,-1.2139295564753239,-1.9452482844217474,-1.1625003191440884,-1.5153378909106479,-0.9386124430093021,-1.3111357611460654,-1.4154263142219485,-2.4715647161195826,-1.8910323518915115,-1.4101942025104273,-3.1354233779434844
Unclassified Burkholderiales,-2.6227215323903343,-1.6808435631536354,-1.383044420927625,-1.3605536721982587,-0.9785742293400536,0.09246384618484438,1.3809669762842507,-0.31398666103572737,-1.3985219511026452,-1.5787252079567922,-0.8660311844705424,-1.309768246599715,1.244334486281057,-0.17833589166438824,-1.2032624532941631,-1.234661600719579,-1.6464616284153388,-1.488203533555342,-1.272137903934682,-1.7699575795495175,-2.7666608547623626,-1.4807819331134986,-1.9364871704536624,-0.1153172678072143,4.007995049866038,-1.1625003191440884,-1.5153378909106479,-0.9386124430093021,-1.3111357611460654,-1.4154263142219485,-0.8621268036854821,-1.8910323518915115,-1.4101942025104273,-1.5259854655093839
Unclassified Caldilineaceae,0.21049181166588182,-1.6808435631536354,-1.383044420927625,-1.3605536721982587,-0.9785742293400536,1.5012310631567938,-0.11567544200450541,-1.7490711863250499,-1.3985219511026452,3.51502499284997,-0.6296424064063117,3.0846809080727238,0.7620822349591223,0.09929584493389099,-1.2032624532941631,-1.234661600719579,2.8643978781015114,-1.488203533555342,1.2928114535268547,-1.7699575795495175,-2.7666608547623626,-1.4807819331134986,-1.9364871704536624,-1.2139295564753239,-1.9452482844217474,-1.1625003191440884,-1.5153378909106479,2.557895118457178,-1.3111357611460654,0.19401159821215175,-2.4715647161195826,-1.8910323518915115,-1.4101942025104273,-3.1354233779434844
Unclassified Candidatus_Adlerbacteria_bacterium_GW2011_GWC1_50_9,-2.6227215323903343,-1.6808435631536354,-1.383044420927625,-1.3605536721982587,-0.9785742293400536,-0.6959935141794258,-3.922337931774825,-1.7490711863250499,-1.3985219511026452,-1.5787252079567922,-3.5740813855727525,-1.309768246599715,-3.500597642082193,-1.4513015674772758,-1.2032624532941631,-1.234661600719579,-1.6464616284153388,-1.488203533555342,-1.272137903934682,-1.7699575795495175,1.8284589953722277,-1.4807819331134986,-1.9364871704536624,-1.2139295564753239,-1.9452482844217474,-1.1625003191440884,-1.5153378909106479,-0.9386124430093021,-1.3111357611460654,-1.4154263142219485,-2.4715647161195826,4.268063036600422,-1.4101942025104273,-3.1354233779434844
Unclassified Candidatus_Campbellbacteria,-0.6768113833350209,-1.6808435631536354,-1.383044420927625,-1.3605536721982587,-0.9785742293400536,2.3736086079410206,-3.922337931774825,1.658770738055774,-1.3985219511026452,-1.5787252079567922,2.2340611044076915,-1.309768246599715,2.371520147393223,1.197908133602001,-1.2032624532941631,-1.234661600719579,-1.6464616284153388,-1.488203533555342,-1.272137903934682,-1.7699575795495175,-2.7666608547623626,-1.4807819331134986,-1.9364871704536624,-1.2139295564753239,-1.9452482844217474,-1.1625003191440884,-1.5153378909106479,-0.9386124430093021,-1.3111357611460654,-1.4154263142219485,-2.4715647161195826,-1.8910323518915115,-1.4101942025104273,-3.1354233779434844
Unclassified Candidatus_Falkowbacteria,-2.6227215323903343,-1.6808435631536354,-1.383044420927625,-1.3605536721982587,-0.9785742293400536,2.2829316410581844,-3.922337931774825,1.8288767070816045,-1.3985219511026452,-1.5787252079567922,0.7697240362809317,-1.309768246599715,2.342946774949167,0.03677548795255703,-1.2032624532941631,-1.234661600719579,-1.6464616284153388,-1.488203533555342,-1.272137903934682,-1.7699575795495175,-2.7666608547623626,-1.4807819331134986,2.9687876079847673,-1.2139295564753239,-1.9452482844217474,-1.1625003191440884,-1.5153378909106479,-0.9386124430093021,-1.3111357611460654,-1.4154263142219485,-2.4715647161195826,-1.8910323518915115,-1.4101942025104273,-3.1354233779434844
Unclassified Candidatus_Nomurabacteria,-2.6227215323903343,-1.6808435631536354,-1.383044420927625,-1.3605536721982587,-0.9785742293400536,1.0845926544505042,-3.922337931774825,0.6117828147929716,-1.3985219511026452,-1.5787252079567922,0.9797955060277883,-1.309768246599715,1.9418200684396,0.9722361359344323,-1.2032624532941631,-1.234661600719579,-1.6464616284153388,-1.488203533555342,-1.272137903934682,-1.7699575795495175,-2.7666608547623626,-1.4807819331134986,-1.9364871704536624,-1.2139295564753239,-1.9452482844217474,-1.1625003191440884,-1.5153378909106479,-0.9386124430093021,-1.3111357611460654,-1.4154263142219485,-2.4715647161195826,-1.8910323518915115,-1.4101942025104273,-3.1354233779434844
Unclassified Candidatus_Saccharibacteria_bacterium_UB2523,-1.5241092437222246,2.125818926616684,2.280517225202021,1.037341600600112,-0.9785742293400536,-1.7946058028475353,-3.922337931774825,-0.2230148828300007,0.9993733216957252,-1.5787252079567922,-2.475469096904643,-1.309768246599715,-1.8911597296480926,-3.3972117165325892,2.6468851484158957,-1.234661600719579,1.9088864330740751,2.4436220991689837,2.023698962069647,3.348036232867238,2.5465451242794246,-1.4807819331134986,-1.9364871704536624,0.9832950208608955,-1.9452482844217474,-1.1625003191440884,1.317875453145568,-0.9386124430093021,3.5010485942263525,3.0034142935746493,2.3242258294771587,-1.8910323518915115,0.7870303748257922,-3.1354233779434844
Unclassified Chitinophagaceae,1.7961190754062635,0.265066585901678,-1.383044420927625,-1.3605536721982587,-0.9785742293400536,0.5662481982704861,2.1059405884558737,0.008786731227323763,2.035465253382501,-1.5787252079567922,-0.07757382410627223,-1.309768246599715,-0.667384298025977,-0.45277273736614854,-1.2032624532941631,-1.234661600719579,-1.6464616284153388,2.067144527934072,-1.272137903934682,-1.7699575795495175,3.271210065159775,-1.4807819331134986,2.2976193341435973,-1.2139295564753239,2.4735923233748505,-1.1625003191440884,-1.5153378909106479,-0.9386124430093021,-1.3111357611460654,-1.4154263142219485,-2.4715647161195826,-1.8910323518915115,-1.4101942025104273,-3.1354233779434844
Unclassified Chloroflexi,2.690484446651453,3.0640885652096146,-1.383044420927625,-1.3605536721982587,-0.9785742293400536,1.6897064855251265,2.378447862888419,1.3510211025531835,-1.3985219511026452,1.129324993145418,1.6989181729909943,-1.309768246599715,1.2089325592301408,0.8368947880646704,-1.2032624532941631,2.5265385149739834,-1.6464616284153388,-1.488203533555342,-1.272137903934682,2.5205018615988735,-0.20171149730082583,-1.4807819331134986,4.523417283923872,-1.2139295564753239,4.130097746666937,-1.1625003191440884,-1.5153378909106479,-0.9386124430093021,-1.3111357611460654,-1.4154263142219485,3.6265095660466575,-0.281594439457411,-1.4101942025104273,2.332636763191647
Unclassified Clostridia,1.040840113739312,-1.6808435631536354,-1.383044420927625,-1.3605536721982587,-0.9785742293400536,0.02994348920351042,2.3448626167665374,0.19683896273026358,2.4932983470079817,-1.5787252079567922,-0.7408680415165363,-1.309768246599715,-0.28172181721399214,0.09929584493389099,-1.2032624532941631,-1.234661600719579,-1.6464616284153388,-1.488203533555342,-1.272137903934682,-1.7699575795495175,2.061652882539939,-1.4807819331134986,0.009422978601651089,-1.2139295564753239,4.038687996265443,-1.1625003191440884,-1.5153378909106479,-0.9386124430093021,-1.3111357611460654,-1.4154263142219485,2.6343807577809977,-1.8910323518915115,-1.4101942025104273,1.8685229280019748
Unclassified Clostridia_UCG_014,0.6731153336139948,1.6864522668328386,1.0148508518707455,0.5853564768570547,-0.9785742293400536,2.5334924898007904,2.8427010450057173,0.5733165339651753,-1.3985219511026452,-1.5787252079567922,0.9367781209440977,0.2996696658343855,0.9880387276499469,0.8074809028583769,1.504787747808047,2.8428758431861407,-1.6464616284153388,2.225368533148966,0.3373000084994183,2.5205018615988735,2.3147435102221006,0.46512821594181475,-0.32704925801956186,-1.2139295564753239,3.9655483596187797,-1.1625003191440884,0.09410002152345254,-0.9386124430093021,-1.3111357611460654,1.149523043239588,3.173882181523655,-1.8910323518915115,0.9877010702879433,2.863513184003199
Unclassified Clostridia_vadinBB60_group,0.21049181166588182,-1.6808435631536354,-1.383044420927625,-1.3605536721982587,-0.9785742293400536,-0.2685494993524862,1.5200797787469682,-1.412598949703837,-1.3985219511026452,-1.5787252079567922,-0.8660311844705424,-1.309768246599715,-1.5546874930268797,-1.7877738040984887,-1.2032624532941631,-1.234661600719579,-1.6464616284153388,-1.488203533555342,-1.272137903934682,2.8251622705850723,3.2071487571068986,-1.4807819331134986,-1.9364871704536624,-1.2139295564753239,-1.9452482844217474,-1.1625003191440884,-1.5153378909106479,-0.9386124430093021,-1.3111357611460654,-1.4154263142219485,4.3319405414887555,-1.8910323518915115,-1.4101942025104273,2.4518252804567653
Unclassified Clostridiales_bacterium_feline_oral_taxon_148,-0.22482625959196367,-1.6808435631536354,1.1819049365339116,3.172045820954997,-0.9785742293400536,-3.404043715281636,-3.922337931774825,-3.3585090987591504,1.3095282499995646,-1.5787252079567922,0.9585181075805034,1.8257259693294348,-3.500597642082193,0.9202763970037213,2.015613371574038,2.06117526528475,4.841222390069272,5.127861651577475,2.224369657531798,-1.7699575795495175,-2.7666608547623626,4.848938972409198,4.037322441415599,2.3969883561689,-1.9452482844217474,-1.1625003191440884,5.1730168230361135,-0.9386124430093021,1.0867595116523052,3.665978050762514,-2.4715647161195826,-1.8910323518915115,2.9842549521620114,-3.1354233779434844
Unclassified Clostridiales_bacterium_oral_taxon_075,-0.057772174928797604,2.396693880752084,-0.28443213225951525,2.1947943892911552,-0.9785742293400536,-3.404043715281636,-3.922337931774825,-3.3585090987591504,-0.29990966243453565,-1.5787252079567922,-3.5740813855727525,2.8333664797918177,-3.500597642082193,-3.3972117165325892,2.015613371574038,1.3302877567419578,2.285364004308987,5.125180684824217,2.224369657531798,-1.7699575795495175,-2.7666608547623626,2.074566128375915,-1.9364871704536624,3.1805195981971144,-1.9452482844217474,1.4024490383174484,-1.5153378909106479,-0.9386124430093021,3.3616930733158408,1.6290961235014743,-2.4715647161195826,-1.8910323518915115,2.7329405238811053,-3.1354233779434844
Unclassified Cyanobacteriales,1.5204131940011982,-1.6808435631536354,-1.383044420927625,1.037341600600112,-0.9785742293400536,3.880091090913569,1.6344901299247132,1.6977367065891582,-1.3985219511026452,-1.5787252079567922,2.5679560200146043,0.2996696658343855,1.7620925468226925,1.6590340888157193,-1.2032624532941631,-1.234661600719579,2.819446490239245,-1.488203533555342,-1.272137903934682,-1.7699575795495175,3.133236498820129,-1.4807819331134986,0.009422978601651089,-1.2139295564753239,-1.9452482844217474,-1.1625003191440884,-1.5153378909106479,-0.9386124430093021,-1.3111357611460654,-1.4154263142219485,1.5714865517149676,-1.8910323518915115,-1.4101942025104273,2.753454580389397
Unclassified Cyanobacteriia,-2.6227215323903343,-1.6808435631536354,-1.383044420927625,-1.3605536721982587,-0.9785742293400536,0.8864157258667555,0.566298437957315,0.7846256276323822,-1.3985219511026452,-1.5787252079567922,1.0987474488891538,-1.309768246599715,1.3897514861395606,-1.7877738040984887,-1.2032624532941631,-1.234661600719579,-1.6464616284153388,-1.488203533555342,-1.272137903934682,-1.7699575795495175,-2.7666608547623626,-1.4807819331134986,-1.9364871704536624,-1.2139295564753239,-1.9452482844217474,-1.1625003191440884,-1.5153378909106479,-0.9386124430093021,-1.3111357611460654,-1.4154263142219485,-2.4715647161195826,-1.8910323518915115,1.6343282352129958,-3.1354233779434844
Unclassified Dehalococcoidia,1.1839409573799853,-1.6808435631536354,-1.383044420927625,-1.3605536721982587,-0.9785742293400536,0.5662481982704861,0.7123910564548108,-0.4140701195927097,-1.3985219511026452,-1.5787252079567922,-1.964643473138652,-1.309768246599715,-1.8911597296480926,0.9465937053210949,-1.2032624532941631,-1.234661600719579,-1.6464616284153388,-1.488203533555342,-1.272137903934682,-1.7699575795495175,1.3108765891433571,-1.4807819331134986,-1.9364871704536624,-1.2139295564753239,-1.9452482844217474,-1.1625003191440884,-1.5153378909106479,-0.9386124430093021,-1.3111357611460654,-1.4154263142219485,-2.4715647161195826,-1.8910323518915115,-1.4101942025104273,2.4813477197230873
Unclassified Desulfobacterota,-2.6227215323903343,-1.6808435631536354,-1.383044420927625,-1.3605536721982587,-0.9785742293400536,-1.7946058028475353,-0.3114200191306007,-3.3585090987591504,-1.3985219511026452,-1.5787252079567922,-3.5740813855727525,-1.309768246599715,-3.500597642082193,-3.3972117165325892,-1.2032624532941631,-1.234661600719579,-1.6464616284153388,-1.488203533555342,-1.272137903934682,-1.7699575795495175,-2.7666608547623626,-1.4807819331134986,-1.9364871704536624,-1.2139295564753239,4.018331059196699,-1.1625003191440884,-1.5153378909106479,-0.9386124430093021,1.9847011048582637,-1.4154263142219485,-2.4715647161195826,-1.8910323518915115,-1.4101942025104273,-3.1354233779434844
Unclassified Desulfovibrionaceae,-2.6227215323903343,-1.6808435631536354,-1.383044420927625,-1.3605536721982587,-0.9785742293400536,-1.7946058028475353,0.7871922695375089,0.402691016934412,-1.3985219511026452,-1.5787252079567922,-0.07757382410627223,-1.309768246599715,-0.20476077607786403,-0.17833589166438824,-1.2032624532941631,-1.234661600719579,-1.6464616284153388,1.345009810500874,-1.272137903934682,-1.7699575795495175,-2.7666608547623626,-1.4807819331134986,-1.9364871704536624,-1.2139295564753239,-1.9452482844217474,-1.1625003191440884,-1.5153378909106479,-0.9386124430093021,-1.3111357611460654,-1.4154263142219485,-2.4715647161195826,-1.8910323518915115,-1.4101942025104273,2.2982986256107556
Unclassified Elsterales,2.2825532460480953,2.9919852713082706,-1.383044420927625,-1.3605536721982587,2.9917176842120683,0.2068741973625885,1.0121360013558665,-0.6504588976569403,-1.3985219511026452,4.956516063056866,0.03683652707147189,-1.309768246599715,-3.500597642082193,-0.17833589166438824,0.40617545913993736,-1.234661600719579,3.1157123063824175,-1.488203533555342,0.9250866734015374,2.2373756056829537,2.1533200710657625,2.5265512521189724,-1.9364871704536624,-1.2139295564753239,-1.9452482844217474,-1.1625003191440884,2.5621995529950716,-0.9386124430093021,2.122851443339081,1.149523043239588,2.255823102592758,-1.8910323518915115,4.242294977758223,1.5374054565184219
Unclassified Enterobacteriaceae,-2.6227215323903343,-1.6808435631536354,-1.383044420927625,-1.3605536721982587,-0.9785742293400536,-3.404043715281636,-0.03051763366419813,-1.1612845214229308,-1.3985219511026452,-1.5787252079567922,-1.964643473138652,-1.309768246599715,-3.500597642082193,-3.3972117165325892,-1.2032624532941631,-1.234661600719579,-1.6464616284153388,-1.488203533555342,-1.272137903934682,-1.7699575795495175,-2.7666608547623626,-1.4807819331134986,4.25587531902121,-1.2139295564753239,4.6353908528632015,-1.1625003191440884,-1.5153378909106479,-0.9386124430093021,-1.3111357611460654,-1.4154263142219485,-2.4715647161195826,-1.8910323518915115,-1.4101942025104273,-1.5259854655093839
Unclassified F082,0.5961542924778667,1.3636788745697874,-1.383044420927625,-1.3605536721982587,-0.9785742293400536,-1.0061484424832652,-3.922337931774825,-0.5252957547029342,-1.3985219511026452,-1.5787252079567922,-0.35520556070455145,2.8646190232959223,-0.004090080615712921,-0.35268927880916623,-1.2032624532941631,-1.234661600719579,-1.6464616284153388,-1.488203533555342,-1.272137903934682,-1.7699575795495175,2.9337827186283243,-1.4807819331134986,4.494843911479816,-1.2139295564753239,-1.9452482844217474,-1.1625003191440884,-1.5153378909106479,-0.9386124430093021,-1.3111357611460654,-1.4154263142219485,1.460260916604743,-1.8910323518915115,0.19924370992367313,2.5979178989542615
Unclassified Gaiellales,2.5757754988754917,2.125818926616684,-1.383044420927625,-1.3605536721982587,-0.9785742293400536,-0.35952127755821284,2.009907255673186,1.8399879325066757,-1.3985219511026452,2.4988122359489275,0.6306112338182137,1.2551811108618218,0.4696942714699288,0.5730801970195327,-1.2032624532941631,-1.234661600719579,-1.6464616284153388,-1.488203533555342,0.9250866734015374,3.1052397436516346,2.0931515495993094,-1.4807819331134986,-1.9364871704536624,-1.2139295564753239,2.4735923233748505,-1.1625003191440884,0.8825573818877227,-0.9386124430093021,1.7333866765773576,-1.4154263142219485,-2.4715647161195826,-1.8910323518915115,-1.4101942025104273,1.7397739452576677
Unclassified Gammaproteobacteria,1.7467263200766872,0.265066585901678,-1.383044420927625,-1.3605536721982587,-0.9785742293400536,-0.5708303712254197,1.1080999896176102,-0.7935597412976136,-1.3985219511026452,-1.5787252079567922,0.31773891253787445,-1.309768246599715,0.1103202705620312,-0.26171750060343957,-1.2032624532941631,-1.234661600719579,-1.6464616284153388,-1.488203533555342,-1.272137903934682,-1.7699575795495175,1.4077264151332747,-1.4807819331134986,-1.9364871704536624,-1.2139295564753239,-1.9452482844217474,-1.1625003191440884,-1.5153378909106479,-0.9386124430093021,-1.3111357611460654,-1.4154263142219485,1.994343402535001,-1.8910323518915115,-1.4101942025104273,2.5170658023251664
Unclassified Gastranaerophilales,-2.6227215323903343,-1.6808435631536354,-1.383044420927625,-1.3605536721982587,-0.9785742293400536,-0.03674788529516171,1.7979738448325868,-1.7490711863250499,-1.3985219511026452,-1.5787252079567922,-1.376856808236533,-1.309768246599715,-0.7925474409799831,-1.1999871391963697,-1.2032624532941631,-1.234661600719579,-1.6464616284153388,-1.488203533555342,-1.272137903934682,-1.7699575795495175,-2.7666608547623626,-1.4807819331134986,-1.9364871704536624,-1.2139295564753239,4.234768369230826,-1.1625003191440884,-1.5153378909106479,-0.9386124430093021,-1.3111357611460654,-1.4154263142219485,-2.4715647161195826,-1.8910323518915115,-1.4101942025104273,-3.1354233779434844
Unclassified Geminicoccaceae,-2.6227215323903343,1.9300743494905888,-1.383044420927625,-1.3605536721982587,-0.9785742293400536,-0.18516789041343484,0.9680111964469287,-0.6504588976569403,-1.3985219511026452,-1.5787252079567922,-0.6296424064063117,-1.309768246599715,-0.5561586629157524,-1.1999871391963697,-1.2032624532941631,-1.234661600719579,-1.6464616284153388,-1.488203533555342,-1.272137903934682,-1.7699575795495175,-2.7666608547623626,-1.4807819331134986,4.448707228544063,-1.2139295564753239,-1.9452482844217474,-1.1625003191440884,-1.5153378909106479,-0.9386124430093021,-1.3111357611460654,-1.4154263142219485,1.335097773650737,-1.8910323518915115,-1.4101942025104273,3.161685941990451
Unclassified Gemmataceae,3.0574510766267333,3.209505565068118,-1.383044420927625,-1.3605536721982587,-0.9785742293400536,1.2499166348758877,2.4109416963648655,0.931950342389241,-1.3985219511026452,-1.5787252079567922,0.8203677690996862,-1.309768246599715,1.3115867132902248,0.777175553363048,-1.2032624532941631,-1.234661600719579,3.1977254580432524,-1.488203533555342,-1.272137903934682,-1.7699575795495175,-0.569436277426143,1.084167424348038,-0.8378748817855526,-1.2139295564753239,3.148501916385015,-1.1625003191440884,-1.5153378909106479,-0.9386124430093021,2.5390118405639934,-1.4154263142219485,2.307558776991947,-1.8910323518915115,2.253367443619219,2.1678815301155914
Unclassified Gemmatimonadaceae,2.0120074558393015,-1.6808435631536354,1.0148508518707455,-1.3605536721982587,2.5767738321493603,1.9189662638567726,3.621464935726685,1.5467656796792792,-1.3985219511026452,-1.5787252079567922,1.7292235224863233,2.4514318690938475,1.4338762910484983,1.6841926484518739,2.015613371574038,-1.234661600719579,2.20368597329472,-1.488203533555342,-1.272137903934682,2.307579864356202,1.9428693465499713,1.8865138968729753,4.047449110233528,-1.2139295564753239,1.665669628222477,-1.1625003191440884,1.0496114665508887,2.280263381858899,-1.3111357611460654,-1.4154263142219485,2.791125472785303,3.9697538715743548,-1.4101942025104273,4.032385806372959
Unclassified IMCC26256,1.3846116528421368,-1.6808435631536354,-1.383044420927625,0.5853564768570547,1.419321043458317,-0.10820684927730673,2.0716234955317443,2.3876940917810026,-1.3985219511026452,-1.5787252079567922,-0.6296424064063117,-1.309768246599715,-0.7925474409799831,-0.45277273736614854,-1.2032624532941631,-1.234661600719579,-1.6464616284153388,-1.488203533555342,-1.272137903934682,0.42726699778670185,2.7824152301328575,-1.4807819331134986,-1.9364871704536624,-1.2139295564753239,4.166219055080932,-1.1625003191440884,1.6201563250185016,-0.9386124430093021,-1.3111357611460654,-1.4154263142219485,-2.4715647161195826,3.9525120651398487,-1.4101942025104273,1.5374054565184219
Unclassified Ilumatobacteraceae,-2.6227215323903343,0.7170517096447352,-1.383044420927625,-1.3605536721982587,-0.9785742293400536,0.6734937286240839,1.3194090832848175,-3.3585090987591504,-1.3985219511026452,-1.5787252079567922,-3.5740813855727525,-1.309768246599715,-1.8911597296480926,-1.1999871391963697,-1.2032624532941631,-1.234661600719579,-1.6464616284153388,-1.488203533555342,-1.272137903934682,-1.7699575795495175,-2.7666608547623626,-1.4807819331134986,0.2607374068825572,-1.2139295564753239,3.337955444316241,-1.1625003191440884,-1.5153378909106479,-0.9386124430093021,-1.3111357611460654,-1.4154263142219485,-2.4715647161195826,-1.8910323518915115,-1.4101942025104273,2.654536792953769
Unclassified Isosphaeraceae,1.2690987657202926,2.713605591518803,-1.383044420927625,-1.3605536721982587,-0.9785742293400536,0.9904054393908028,-0.16113781608126265,0.931950342389241,1.4346913929535707,-1.5787252079567922,1.0006295929306304,-1.309768246599715,1.3115867132902248,-0.17833589166438824,-1.2032624532941631,-1.234661600719579,-1.6464616284153388,-1.488203533555342,-1.272137903934682,-1.7699575795495175,-2.7666608547623626,-1.4807819331134986,0.4614081023447083,-1.2139295564753239,-1.9452482844217474,-1.1625003191440884,-1.5153378909106479,-0.9386124430093021,-1.3111357611460654,-1.4154263142219485,-2.4715647161195826,-1.8910323518915115,-1.4101942025104273,1.9080017389757624
Unclassified JG30_KF_AS9,2.2825532460480953,-1.6808435631536354,-1.383044420927625,-1.3605536721982587,3.284105647701262,0.1513043462077781,1.1465662704454065,-0.4140701195927097,-1.3985219511026452,-1.5787252079567922,-0.7408680415165363,2.4968942431706047,-1.8911597296480926,0.9722361359344323,-1.2032624532941631,-1.234661600719579,-1.6464616284153388,-1.488203533555342,-1.272137903934682,2.2730936882850328,-2.7666608547623626,1.5637405046099242,-1.9364871704536624,-1.2139295564753239,-1.9452482844217474,-1.1625003191440884,-1.5153378909106479,-0.9386124430093021,-1.3111357611460654,-1.4154263142219485,-2.4715647161195826,-1.8910323518915115,2.852485674530888,1.8413103644770898
Unclassified JG30_KF_CM45,-2.6227215323903343,-1.6808435631536354,-1.383044420927625,-1.3605536721982587,2.0659482083833693,3.9018163174023734,2.9351761307705653,3.727392365606461,1.5459170280637953,2.4988122359489275,3.302183226318014,-1.309768246599715,3.637475391962154,3.779807049377311,-0.10465016462605337,-1.234661600719579,-1.6464616284153388,-1.488203533555342,-1.272137903934682,-1.7699575795495175,2.766728633965158,-1.4807819331134986,4.062449391493021,-1.2139295564753239,3.6269057477560174,-1.1625003191440884,-1.5153378909106479,-0.9386124430093021,-1.3111357611460654,-1.4154263142219485,-2.4715647161195826,-1.8910323518915115,-1.4101942025104273,4.080551624707981
Unclassified LWQ8,0.9326265290990796,0.265066585901678,-1.383044420927625,-1.3605536721982587,-0.9785742293400536,1.170667263221747,1.493762470429595,-0.06267223275482126,-1.3985219511026452,3.914336235383756,-0.27824451956842333,-1.309768246599715,0.8688502103848283,-0.0299158865461151,-1.2032624532941631,-1.234661600719579,2.6439978127330526,-1.488203533555342,-1.272137903934682,-1.7699575795495175,2.061652882539939,-1.4807819331134986,-0.32704925801956186,-1.2139295564753239,0.0006618646335661005,-1.1625003191440884,-1.5153378909106479,-0.9386124430093021,-1.3111357611460654,-1.4154263142219485,-2.4715647161195826,-1.8910323518915115,3.2437661476470963,-3.1354233779434844
Unclassified Lachnospiraceae,1.9923989844509253,-1.6808435631536354,0.8141801564085945,-1.3605536721982587,3.1322996348332577,1.170667263221747,2.5375665226027095,0.7190283451465693,-1.3985219511026452,-1.5787252079567922,0.23258110419756717,-1.309768246599715,0.843207779771491,0.8368947880646704,1.3616869041673736,-1.234661600719579,1.4890325875138108,1.730672291312859,-1.272137903934682,-1.7699575795495175,3.0414816352180813,-1.4807819331134986,-1.9364871704536624,-1.2139295564753239,4.028561327447514,-1.1625003191440884,-1.5153378909106479,2.105909994714121,-1.3111357611460654,1.8804105517823804,3.861714912020108,3.642357136836009,-1.4101942025104273,1.88185645887144
Unclassified Lactobacillales,-2.6227215323903343,-1.6808435631536354,-1.383044420927625,-1.3605536721982587,-0.9785742293400536,-3.404043715281636,-2.3129000193407245,-3.3585090987591504,-1.3985219511026452,-1.5787252079567922,-3.5740813855727525,-1.309768246599715,0.9653104765723906,-3.3972117165325892,-1.2032624532941631,-1.234661600719579,-1.6464616284153388,-1.488203533555342,-1.272137903934682,-1.7699575795495175,-2.7666608547623626,-1.4807819331134986,-1.9364871704536624,-1.2139295564753239,-1.9452482844217474,-1.1625003191440884,-1.5153378909106479,1.2586121343269172,-1.3111357611460654,-1.4154263142219485,2.082312175480958,3.9525120651398487,-1.4101942025104273,-3.1354233779434844
Unclassified Limnochordaceae,-2.6227215323903343,-1.6808435631536354,-1.383044420927625,-1.3605536721982587,-0.9785742293400536,-0.5708303712254197,0.36812150937356636,-3.3585090987591504,-1.3985219511026452,-1.5787252079567922,-1.964643473138652,-1.309768246599715,-3.500597642082193,-0.6891615154303792,-1.2032624532941631,-1.234661600719579,-1.6464616284153388,-1.488203533555342,-1.272137903934682,-1.7699575795495175,2.2506189820525617,-1.4807819331134986,-1.9364871704536624,-1.2139295564753239,0.0006618646335661005,-1.1625003191440884,-1.5153378909106479,-0.9386124430093021,-1.3111357611460654,-1.4154263142219485,-2.4715647161195826,2.0007879462191154,-1.4101942025104273,6.119029568651019
Unclassified Longimicrobiaceae,-2.6227215323903343,-1.6808435631536354,-1.383044420927625,-1.3605536721982587,-0.9785742293400536,-0.5708303712254197,1.2871482210665963,-0.5252957547029342,4.533723236345366,-1.5787252079567922,0.1394906811315555,-1.309768246599715,0.7898617990661982,-0.5639983724763731,-1.2032624532941631,-1.234661600719579,1.0615885726868712,-1.488203533555342,-1.272137903934682,-1.7699575795495175,1.040001635007957,-1.4807819331134986,1.7770848962506456,-1.2139295564753239,0.0006618646335661005,1.9729938967850613,-1.5153378909106479,-0.9386124430093021,-1.3111357611460654,-1.4154263142219485,2.0392947903972676,-1.8910323518915115,-1.4101942025104273,2.357638065397064
Unclassified MWH_UniP1_aquatic_group,-2.6227215323903343,-1.6808435631536354,0.22639349150647547,-1.3605536721982587,-0.9785742293400536,-3.404043715281636,2.2451785591135165,-3.3585090987591504,-1.3985219511026452,-1.5787252079567922,-1.964643473138652,-1.309768246599715,-1.5546874930268797,-3.3972117165325892,-1.2032624532941631,-1.234661600719579,-1.6464616284153388,-1.488203533555342,-1.272137903934682,-1.7699575795495175,-2.7666608547623626,-1.4807819331134986,0.2607374068825572,-1.2139295564753239,4.615782381474826,-1.1625003191440884,-1.5153378909106479,-0.9386124430093021,-1.3111357611460654,-1.4154263142219485,-2.4715647161195826,-1.8910323518915115,-1.4101942025104273,-3.1354233779434844
Unclassified Microscillaceae,1.972398317744256,-1.6808435631536354,-1.383044420927625,-1.3605536721982587,1.965864749826387,1.7607422586418786,2.1846849559674295,1.735241102047612,-1.3985219511026452,-1.5787252079567922,1.3311933928656772,-1.309768246599715,1.5683065601380384,1.7789380160412396,-1.2032624532941631,-1.234661600719579,-1.6464616284153388,-1.488203533555342,-1.272137903934682,-1.7699575795495175,-1.6680485660942528,-1.4807819331134986,2.717473179703861,-1.2139295564753239,3.9869969030262635,-1.1625003191440884,-1.5153378909106479,-0.9386124430093021,-1.3111357611460654,-1.4154263142219485,1.0837833453698313,-1.8910323518915115,1.5342447766560134,0.975450486229827
Unclassified Microtrichales,1.2274260693197245,-1.6808435631536354,-1.383044420927625,-1.3605536721982587,1.218650347996166,0.3095283514226721,1.7646374245649952,0.25240881388507397,1.5459170280637953,3.8462248095246108,-0.35520556070455145,-1.309768246599715,-0.45607520435877014,-3.3972117165325892,-1.2032624532941631,-1.234661600719579,-1.6464616284153388,-1.488203533555342,-1.272137903934682,-1.7699575795495175,-2.7666608547623626,-1.4807819331134986,-1.9364871704536624,-1.2139295564753239,-0.33581037198764685,-1.1625003191440884,-1.5153378909106479,-0.9386124430093021,-1.3111357611460654,-1.4154263142219485,-2.4715647161195826,-1.8910323518915115,-1.4101942025104273,2.4813477197230873
Unclassified Muribaculaceae,3.429367636534083,1.8156639983128446,0.8141801564085945,-1.3605536721982587,2.0659482083833693,2.6480454536427813,3.9520208929550567,2.9422766959040936,-1.3985219511026452,-1.5787252079567922,2.1128939707670678,-1.309768246599715,2.1306141397391722,2.128241222599195,2.6468851484158957,-1.234661600719579,-0.547849339747229,1.6472906823738076,-1.272137903934682,0.42726699778670185,3.6219005507832676,-1.4807819331134986,6.51563402421886,-1.2139295564753239,5.138978137676169,-1.1625003191440884,-0.4167256022425382,-0.9386124430093021,-1.3111357611460654,-1.4154263142219485,5.118782229482983,1.1534900858319115,-1.4101942025104273,5.421567283346819
Unclassified NS11_12_marine_group,-2.6227215323903343,-1.6808435631536354,-1.383044420927625,-1.3605536721982587,-0.9785742293400536,1.0618644033729479,1.3709668929496672,-1.7490711863250499,-1.3985219511026452,-1.5787252079567922,-0.8660311844705424,-1.309768246599715,-1.1027023692838225,-0.45277273736614854,-1.2032624532941631,-1.234661600719579,-1.6464616284153388,-1.488203533555342,-1.272137903934682,-1.7699575795495175,-2.7666608547623626,1.7380938917547022,-0.8378748817855526,-1.2139295564753239,-1.9452482844217474,-1.1625003191440884,-1.5153378909106479,-0.9386124430093021,-1.3111357611460654,-1.4154263142219485,-2.4715647161195826,-0.281594439457411,-1.4101942025104273,1.813336512434684
Unclassified NS9_marine_group,-0.6768113833350209,-1.6808435631536354,-1.383044420927625,-1.3605536721982587,-0.9785742293400536,-0.18516789041343484,0.7504909026870812,-0.4140701195927097,1.1664274063588913,3.51502499284997,0.08948026055689384,2.4968942431706047,-0.5561586629157524,-1.7877738040984887,-1.2032624532941631,-1.234661600719579,-1.6464616284153388,-1.488203533555342,-1.272137903934682,-1.7699575795495175,-2.7666608547623626,-1.4807819331134986,4.445328846952436,-1.2139295564753239,-1.9452482844217474,1.6707130249121278,1.529184546812775,-0.9386124430093021,-1.3111357611460654,-1.4154263142219485,2.9621572874346573,-1.8910323518915115,2.9592536499565942,-3.1354233779434844
Unclassified Nitrosopumilaceae,-2.6227215323903343,-1.6808435631536354,-1.383044420927625,-1.3605536721982587,-0.9785742293400536,-0.35952127755821284,1.9269868481720343,-1.1612845214229308,-1.3985219511026452,-1.5787252079567922,-3.5740813855727525,-1.309768246599715,-0.7925474409799831,-0.6891615154303792,-1.2032624532941631,-1.234661600719579,-1.6464616284153388,-1.488203533555342,-1.272137903934682,-1.7699575795495175,-2.7666608547623626,-1.4807819331134986,-1.9364871704536624,-1.2139295564753239,3.721178403690685,-1.1625003191440884,-1.5153378909106479,-0.9386124430093021,-1.3111357611460654,-1.4154263142219485,-2.4715647161195826,-1.8910323518915115,-1.4101942025104273,-3.1354233779434844
Unclassified Nitrososphaeraceae,-2.6227215323903343,-1.6808435631536354,-1.383044420927625,-1.3605536721982587,-0.9785742293400536,0.2068741973625885,-0.7868437158456754,0.4916385029509085,-1.3985219511026452,-1.5787252079567922,0.5690533408187801,-1.309768246599715,1.5166821947327311,-0.6891615154303792,-1.2032624532941631,-1.234661600719579,-1.6464616284153388,-1.488203533555342,-1.272137903934682,-1.7699575795495175,0.17777812440407814,-1.4807819331134986,-1.9364871704536624,-1.2139295564753239,3.3874705088436214,-1.1625003191440884,-1.5153378909106479,-0.9386124430093021,-1.3111357611460654,-1.4154263142219485,1.0249428453468976,-1.8910323518915115,-1.4101942025104273,2.2717483935166345
Unclassified Oscillospiraceae,1.551665737505303,-1.6808435631536354,-1.383044420927625,-1.3605536721982587,-0.9785742293400536,1.170667263221747,2.2700245577000473,-0.13963327389094937,-1.3985219511026452,-1.5787252079567922,-0.27824451956842333,2.1867393148667653,0.39122265602843376,-1.4513015674772758,-1.2032624532941631,-1.234661600719579,-1.6464616284153388,-1.488203533555342,-1.272137903934682,-1.7699575795495175,-1.157222942328262,-1.4807819331134986,-1.9364871704536624,-1.2139295564753239,2.097802983412803,-1.1625003191440884,-1.5153378909106479,-0.9386124430093021,-1.3111357611460654,-1.4154263142219485,3.6487327028313676,-1.8910323518915115,-1.4101942025104273,2.571686886805391
Unclassified Parcubacteria,-1.0132836199562338,-1.6808435631536354,-1.383044420927625,-1.3605536721982587,-0.9785742293400536,3.4060987348335012,-3.922337931774825,3.0824374418737706,-1.3985219511026452,-1.5787252079567922,2.7556395199499444,-1.309768246599715,3.4942523437508775,2.182518109453633,-1.2032624532941631,-1.234661600719579,-1.6464616284153388,-1.488203533555342,-1.272137903934682,-1.7699575795495175,-0.3687655819639919,-1.4807819331134986,-1.9364871704536624,-1.2139295564753239,-1.9452482844217474,-1.1625003191440884,-1.5153378909106479,-0.9386124430093021,-1.3111357611460654,-1.4154263142219485,-2.4715647161195826,-1.8910323518915115,-1.4101942025104273,-3.1354233779434844
Unclassified Pedosphaeraceae,1.3846116528421368,-1.6808435631536354,-1.383044420927625,-1.3605536721982587,2.2403015955281473,0.5662481982704861,1.4575594217656347,0.402691016934412,-1.3985219511026452,-1.5787252079567922,0.8918267330818312,0.2996696658343855,0.6102762220911182,0.3163603501717187,2.460299192835483,-1.234661600719579,-1.6464616284153388,-1.488203533555342,-1.272137903934682,0.9380926215526924,1.496019022278953,-1.4807819331134986,-1.9364871704536624,-1.2139295564753239,-1.9452482844217474,-1.1625003191440884,-1.5153378909106479,-0.9386124430093021,-1.3111357611460654,-1.4154263142219485,-2.4715647161195826,4.571997105029158,-1.4101942025104273,1.5741068233688496
Unclassified Peptococcaceae,0.8737860290761459,-1.6808435631536354,-1.383044420927625,-1.3605536721982587,-0.9785742293400536,-3.404043715281636,-0.03051763366419813,-2.259896810091041,-1.3985219511026452,-1.5787252079567922,-0.2067855555862783,-1.309768246599715,-3.500597642082193,-1.7877738040984887,-1.2032624532941631,-1.234661600719579,-1.6464616284153388,-1.488203533555342,-1.272137903934682,-1.7699575795495175,-1.6680485660942528,-1.4807819331134986,5.46900849274581,-1.2139295564753239,-1.9452482844217474,-1.1625003191440884,-1.5153378909106479,-0.9386124430093021,-1.3111357611460654,-1.4154263142219485,-2.4715647161195826,-1.8910323518915115,-1.4101942025104273,-3.1354233779434844
Unclassified Pirellulaceae,0.08532866871187572,-1.6808435631536354,-1.383044420927625,-1.3605536721982587,-0.9785742293400536,3.0558607390958987,-1.214287730672615,2.825639792178333,-1.3985219511026452,-1.5787252079567922,2.3687179895539487,-1.309768246599715,3.008171494889489,1.8338969003219976,-1.2032624532941631,-1.234661600719579,-1.6464616284153388,-1.488203533555342,-1.272137903934682,-1.7699575795495175,-2.7666608547623626,-1.4807819331134986,-1.9364871704536624,-1.2139295564753239,-1.9452482844217474,-1.1625003191440884,-1.5153378909106479,-0.9386124430093021,-1.3111357611460654,-1.4154263142219485,-2.4715647161195826,-1.8910323518915115,-1.4101942025104273,-3.1354233779434844
Unclassified Prevotellaceae,0.5961542924778667,3.0286866381586983,-1.383044420927625,1.037341600600112,-0.9785742293400536,-0.35952127755821284,1.2309536627229543,0.7846256276323822,-1.3985219511026452,-1.5787252079567922,1.3887632446871545,3.4860222989970264,0.843207779771491,0.8932477246158022,0.40617545913993736,4.754299816170285,4.977603599384555,5.684221043569503,5.668084565184956,-1.7699575795495175,-2.7666608547623626,6.129575685199339,4.166071424159907,1.494120644626886,-1.9452482844217474,5.764076714078636,6.247258157629422,1.4592828297890683,4.415711986441131,1.8034495106462523,1.67157001027195,5.414827680792498,3.334737925852823,2.0519624278972706
Unclassified Propionibacteriaceae,-2.6227215323903343,-1.6808435631536354,-1.383044420927625,-1.3605536721982587,2.156919986589096,-3.404043715281636,-3.922337931774825,-3.3585090987591504,-1.3985219511026452,4.692263223901507,-0.27824451956842333,2.0575275833867592,1.1533627080753304,-3.3972117165325892,-1.2032624532941631,-1.234661600719579,-1.6464616284153388,-1.488203533555342,-1.272137903934682,2.8047533989538653,-2.7666608547623626,1.084167424348038,-1.9364871704536624,-1.2139295564753239,-1.9452482844217474,-1.1625003191440884,0.8825573818877227,-0.9386124430093021,-1.3111357611460654,-1.4154263142219485,-2.4715647161195826,-1.8910323518915115,1.423019141545789,-3.1354233779434844
Unclassified RBG_13_54_9,-2.6227215323903343,-1.6808435631536354,-1.383044420927625,-1.3605536721982587,-0.9785742293400536,-1.4581335662263224,1.2193256247278352,-0.13963327389094937,-1.3985219511026452,-1.5787252079567922,-1.964643473138652,-1.309768246599715,-0.7925474409799831,-1.4513015674772758,-1.2032624532941631,-1.234661600719579,-1.6464616284153388,-1.488203533555342,-1.272137903934682,-1.7699575795495175,-2.7666608547623626,-1.4807819331134986,-1.9364871704536624,-1.2139295564753239,0.7628019166804627,-1.1625003191440884,-1.5153378909106479,-0.9386124430093021,-1.3111357611460654,-1.4154263142219485,-2.4715647161195826,-0.281594439457411,-1.4101942025104273,2.187586601194924
Unclassified RF39,-2.6227215323903343,-0.07140565071953497,0.22639349150647547,1.774940543730891,-0.9785742293400536,0.1513043462077781,1.511384071779415,0.6845421690753999,-1.3985219511026452,-1.5787252079567922,-0.8660311844705424,0.6361419024555984,-1.1027023692838225,-1.1999871391963697,-1.2032624532941631,1.984214224148622,1.1867517156408773,1.556318904168081,-1.272137903934682,1.2745648581739053,-2.7666608547623626,0.1286559793206018,-1.9364871704536624,2.34141850501409,-0.33581037198764685,-1.1625003191440884,-1.5153378909106479,-0.9386124430093021,-1.3111357611460654,-1.4154263142219485,-2.4715647161195826,-1.8910323518915115,-1.4101942025104273,-3.1354233779434844
Unclassified Rhizobiales,0.6731153336139948,-1.6808435631536354,-1.383044420927625,-1.3605536721982587,-0.9785742293400536,-0.03674788529516171,1.2538118007990038,-0.7935597412976136,0.7987026262335741,-1.5787252079567922,-3.5740813855727525,-1.309768246599715,-1.8911597296480926,1.197908133602001,-1.2032624532941631,1.984214224148622,2.1147384872782236,-1.488203533555342,-1.272137903934682,-1.7699575795495175,1.2406723304701086,-1.4807819331134986,-1.9364871704536624,-1.2139295564753239,-1.9452482844217474,2.1333365468602405,-1.5153378909106479,-0.9386124430093021,-1.3111357611460654,-1.4154263142219485,-2.4715647161195826,3.898927819005742,-1.4101942025104273,2.5447492310735833
Unclassified Rhodospirillales,0.32171744677610636,-1.6808435631536354,0.22639349150647547,-1.3605536721982587,-0.9785742293400536,-1.7946058028475353,2.2067122782857203,-1.412598949703837,-1.3985219511026452,-1.5787252079567922,-1.964643473138652,-1.309768246599715,-1.8911597296480926,-1.4513015674772758,3.4506978968633604,0.3747763117145215,-1.6464616284153388,4.17822315455709,3.9482179211436432,0.794991777912019,1.8284589953722277,-1.4807819331134986,-0.32704925801956186,-1.2139295564753239,-0.33581037198764685,-1.1625003191440884,2.973298478821492,-0.9386124430093021,-1.3111357611460654,-1.4154263142219485,3.1305541047601184,-1.8910323518915115,2.5216314302138985,1.0077113484480482
Unclassified Rokubacteriales,2.670583292334158,-1.6808435631536354,-1.383044420927625,-1.3605536721982587,2.7826258863535087,0.48777658282899106,2.589407397869903,2.265508407428188,-1.3985219511026452,-1.5787252079567922,1.0210384645618378,-1.309768246599715,0.843207779771491,0.3163603501717187,-1.2032624532941631,-1.234661600719579,-1.6464616284153388,-1.488203533555342,-1.272137903934682,-1.7699575795495175,2.061652882539939,-1.4807819331134986,0.7715630306485477,-1.2139295564753239,-1.9452482844217474,-1.1625003191440884,-1.5153378909106479,1.007297706046011,-1.3111357611460654,2.298145752482359,-0.8621268036854821,4.025169710715923,-1.4101942025104273,3.4479858442152804
Unclassified Roseiflexaceae,1.040840113739312,-1.6808435631536354,-1.383044420927625,-1.3605536721982587,-0.9785742293400536,-0.03674788529516171,1.9609844567134536,0.5733165339651753,-1.3985219511026452,-1.5787252079567922,0.03683652707147189,-1.309768246599715,0.3060648476881265,0.5346139161917365,-1.2032624532941631,-1.234661600719579,-1.6464616284153388,-1.488203533555342,-1.272137903934682,-1.7699575795495175,1.5771445670913216,-1.4807819331134986,1.9553331276569645,-1.2139295564753239,-1.9452482844217474,-1.1625003191440884,-1.5153378909106479,-0.9386124430093021,-1.3111357611460654,2.195491598422276,-2.4715647161195826,-1.8910323518915115,-1.4101942025104273,1.3754361285733658
Unclassified Ruminococcaceae,-2.6227215323903343,1.8745044983357784,-1.383044420927625,-1.3605536721982587,1.419321043458317,0.2068741973625885,1.8110033451229208,-0.7935597412976136,-1.3985219511026452,-1.5787252079567922,-0.2067855555862783,-1.309768246599715,-0.133301812095719,-0.8322623590710525,-1.2032624532941631,-1.234661600719579,-1.6464616284153388,-1.488203533555342,-1.272137903934682,-1.7699575795495175,-2.7666608547623626,-1.4807819331134986,-0.8378748817855526,-1.2139295564753239,-1.9452482844217474,0.7834098299112251,1.529184546812775,-0.9386124430093021,-1.3111357611460654,-1.4154263142219485,-2.4715647161195826,3.6580437330037086,-1.4101942025104273,2.5378998892280085
Unclassified S085,-2.6227215323903343,-1.6808435631536354,-1.383044420927625,-1.3605536721982587,-0.9785742293400536,-3.404043715281636,0.6315389598257157,-1.1612845214229308,-1.3985219511026452,-1.5787252079567922,-3.5740813855727525,-1.309768246599715,-0.5561586629157524,-3.3972117165325892,-1.2032624532941631,-1.234661600719579,-1.6464616284153388,-1.488203533555342,-1.272137903934682,-1.7699575795495175,-1.6680485660942528,-1.4807819331134986,4.724087979386024,-1.2139295564753239,-1.9452482844217474,-1.1625003191440884,-1.5153378909106479,-0.9386124430093021,-1.3111357611460654,-1.4154263142219485,-2.4715647161195826,-1.8910323518915115,-1.4101942025104273,-1.5259854655093839
Unclassified SAR202_clade,-1.0132836199562338,-1.6808435631536354,-1.383044420927625,-1.3605536721982587,-0.9785742293400536,0.6390075525529144,-1.3573885743132883,0.008786731227323763,-1.3985219511026452,-1.5787252079567922,-0.4385871696436028,-1.309768246599715,-0.667384298025977,-1.7877738040984887,-1.2032624532941631,-1.234661600719579,2.819446490239245,-1.488203533555342,-1.272137903934682,3.286288225798791,-2.7666608547623626,-1.4807819331134986,0.009422978601651089,-1.2139295564753239,-1.9452482844217474,-1.1625003191440884,-1.5153378909106479,-0.9386124430093021,-1.3111357611460654,2.195491598422276,-2.4715647161195826,3.8487605602877224,-1.4101942025104273,2.3493735555471704
Unclassified SBR1031,-2.6227215323903343,-1.6808435631536354,-1.383044420927625,1.9352831938060704,-0.9785742293400536,-0.5708303712254197,2.2367574567171085,0.8461835206318158,-1.3985219511026452,-1.5787252079567922,0.5690533408187801,-1.309768246599715,0.26060247361136923,0.6803257273731305,-1.2032624532941631,-1.234661600719579,-1.6464616284153388,-1.488203533555342,-1.272137903934682,0.627937693248853,2.4644477620922243,2.489509980438623,2.997986762677029,-1.2139295564753239,4.0635649010208486,1.6707130249121278,-1.5153378909106479,-0.9386124430093021,1.0867595116523052,-1.4154263142219485,1.994343402535001,-0.281594439457411,3.719704512412646,-3.1354233779434844
Unclassified SC_I_84,2.0120074558393015,-1.6808435631536354,-1.383044420927625,-1.3605536721982587,-0.9785742293400536,1.1910761348529544,1.3194090832848175,0.402691016934412,2.53330368162168,-1.5787252079567922,1.3311933928656772,-1.309768246599715,0.8688502103848283,-1.4513015674772758,-1.2032624532941631,-1.234661600719579,-1.6464616284153388,-1.488203533555342,-1.272137903934682,-1.7699575795495175,1.602786997704659,1.7380938917547022,-1.9364871704536624,-1.2139295564753239,-1.9452482844217474,-1.1625003191440884,-1.5153378909106479,-0.9386124430093021,-1.3111357611460654,-1.4154263142219485,-2.4715647161195826,-1.8910323518915115,2.4816260956001996,2.365834832601243
Unclassified SM2D12,-2.6227215323903343,-1.6808435631536354,-1.383044420927625,-1.3605536721982587,-0.9785742293400536,-1.7946058028475353,-1.9764277827195116,-1.1612845214229308,-1.3985219511026452,2.2714223937532667,-3.5740813855727525,-1.309768246599715,-3.500597642082193,-3.3972117165325892,-1.2032624532941631,-1.234661600719579,-1.6464616284153388,-1.488203533555342,-1.272137903934682,-1.7699575795495175,-2.7666608547623626,-1.4807819331134986,4.3382748507882765,-1.2139295564753239,-1.9452482844217474,-1.1625003191440884,-1.5153378909106479,-0.9386124430093021,-1.3111357611460654,-1.4154263142219485,-2.4715647161195826,-1.8910323518915115,-1.4101942025104273,-3.1354233779434844
Unclassified SR1_bacterium_oral_taxon_875,0.32171744677610636,-1.6808435631536354,-1.383044420927625,-1.3605536721982587,-0.9785742293400536,-3.404043715281636,-3.922337931774825,-3.3585090987591504,-1.3985219511026452,3.4775205973915164,0.8203677690996862,2.245579814889699,-3.500597642082193,0.7136621476407221,-1.2032624532941631,6.412647231636659,1.9644562842288855,-1.488203533555342,-1.272137903934682,2.373177146842015,-2.7666608547623626,2.325880556656821,-1.9364871704536624,2.282578004991156,-1.9452482844217474,-1.1625003191440884,-1.5153378909106479,-0.9386124430093021,-1.3111357611460654,-1.4154263142219485,-2.4715647161195826,-1.8910323518915115,-1.4101942025104273,-3.1354233779434844
Unclassified Saccharimonadaceae,4.085362551462735,3.5176534681121905,4.1582191242308015,4.638382889748424,2.156919986589096,-0.5708303712254197,-3.922337931774825,1.1523504077576998,3.9721160770250172,-1.5787252079567922,-3.5740813855727525,2.767769197306005,3.7985238206286067,-0.45277273736614854,5.388411278714495,2.06117526528475,7.206775136330559,5.773723559147409,5.327732595278154,4.591344898023478,2.6582891627190404,2.489509980438623,-1.9364871704536624,4.270867377015331,-1.9452482844217474,2.4484175935001358,1.851957939075826,-0.9386124430093021,5.960567945741302,5.530587676877278,2.791125472785303,4.211526242722058,2.351005913183135,-3.1354233779434844
Unclassified Saccharimonadales,2.5646642734504206,2.8077928065785045,2.9864034315393964,3.891719755848371,-0.9785742293400536,1.5726900271389384,0.47211122289761365,0.6488240864733208,2.3626781645909167,2.595662061938845,1.1172664966563914,3.942505181446915,2.1518915381864576,0.8074809028583769,1.1946328195042075,5.203090049016823,-1.6464616284153388,5.052826465634561,5.2366312330369995,1.7853904819398962,-0.20171149730082583,3.5754638722348098,-1.9364871704536624,2.8291217113592264,3.337955444316241,1.5455498819581217,3.176009991318496,2.0058265361571386,1.9077400637221356,-1.4154263142219485,-2.4715647161195826,3.634420587240273,-1.4101942025104273,3.2154623387712555
Unclassified Sandaracinaceae,1.0908505343139736,1.8156639983128446,-1.383044420927625,-1.3605536721982587,-0.9785742293400536,-0.45960473611519514,1.8858045582056189,-3.3585090987591504,-1.3985219511026452,-1.5787252079567922,-0.7408680415165363,-1.309768246599715,-0.45607520435877014,-0.9993164437342186,-1.2032624532941631,-1.234661600719579,-1.6464616284153388,-1.488203533555342,-1.272137903934682,-1.7699575795495175,2.3750027017402977,-1.4807819331134986,-0.8378748817855526,-1.2139295564753239,4.384472621100949,-1.1625003191440884,-1.5153378909106479,-0.9386124430093021,-1.3111357611460654,-1.4154263142219485,-2.4715647161195826,-1.8910323518915115,-1.4101942025104273,1.2083820439101998
Unclassified Saprospiraceae,-2.6227215323903343,2.1693040385564233,-1.383044420927625,-1.3605536721982587,-0.9785742293400536,2.0890177280589124,0.8734526138219163,0.008786731227323763,-1.3985219511026452,3.438554628858132,0.1394906811315555,-1.309768246599715,0.1103202705620312,0.09929584493389099,-1.2032624532941631,-1.234661600719579,1.4890325875138108,-1.488203533555342,-1.272137903934682,-0.1605196671154172,-2.7666608547623626,2.5265512521189724,3.040246571966912,-1.2139295564753239,-0.8466359957536376,-1.1625003191440884,-1.5153378909106479,-0.9386124430093021,-1.3111357611460654,-1.4154263142219485,-2.4715647161195826,-1.8910323518915115,-1.4101942025104273,1.9944753369795891
Unclassified Simkaniaceae,-2.6227215323903343,-1.6808435631536354,-1.383044420927625,-1.3605536721982587,-0.9785742293400536,-1.0061484424832652,-3.922337931774825,0.19683896273026358,-1.3985219511026452,-1.5787252079567922,-1.628171236517439,-1.309768246599715,-1.5546874930268797,-1.4513015674772758,-1.2032624532941631,-1.234661600719579,-1.6464616284153388,-1.488203533555342,-1.272137903934682,-1.7699575795495175,-2.7666608547623626,-1.4807819331134986,-1.9364871704536624,-1.2139295564753239,4.0487131428848215,-1.1625003191440884,-1.5153378909106479,-0.9386124430093021,-1.3111357611460654,-1.4154263142219485,-2.4715647161195826,-1.8910323518915115,-1.4101942025104273,-3.1354233779434844
Unclassified Sphingobacteriaceae,-2.6227215323903343,-1.6808435631536354,-1.383044420927625,-1.3605536721982587,-0.9785742293400536,0.6390075525529144,-3.922337931774825,-0.2230148828300007,-1.3985219511026452,-1.5787252079567922,-1.0091320281112157,-1.309768246599715,-1.8911597296480926,-0.6891615154303792,-1.2032624532941631,-1.234661600719579,-1.6464616284153388,-1.488203533555342,-1.272137903934682,-1.7699575795495175,-2.7666608547623626,-1.4807819331134986,4.935640930885324,-1.2139295564753239,-1.9452482844217474,-1.1625003191440884,-1.5153378909106479,-0.9386124430093021,-1.3111357611460654,-1.4154263142219485,-2.4715647161195826,-1.8910323518915115,-1.4101942025104273,-3.1354233779434844
Unclassified Sphingomonadaceae,1.5819710870006318,-1.6808435631536354,-1.383044420927625,-1.3605536721982587,-0.9785742293400536,-0.6959935141794258,0.9374744725868469,-3.3585090987591504,0.21091596133145507,-1.5787252079567922,-3.5740813855727525,-1.309768246599715,-1.3033730647459736,-0.10137485052826012,-1.2032624532941631,-1.234661600719579,-1.6464616284153388,-1.488203533555342,-1.272137903934682,-1.7699575795495175,-2.7666608547623626,-1.4807819331134986,-1.9364871704536624,-1.2139295564753239,-0.33581037198764685,-1.1625003191440884,-1.5153378909106479,-0.9386124430093021,-1.3111357611460654,-1.4154263142219485,1.8188947250288088,-1.8910323518915115,-1.4101942025104273,1.660367167653257
Unclassified Sporichthyaceae,1.1839409573799853,-1.6808435631536354,-1.383044420927625,-1.3605536721982587,3.284105647701262,-3.404043715281636,0.7871922695375089,-3.3585090987591504,-1.3985219511026452,-1.5787252079567922,-0.5295589478493294,3.550044157761957,1.0532792495183476,0.645839551301961,-1.2032624532941631,-1.234661600719579,1.1867517156408773,-1.488203533555342,-1.272137903934682,-1.7699575795495175,-2.7666608547623626,2.6300919310598125,-1.9364871704536624,-1.2139295564753239,0.4526469883766233,1.5455498819581217,0.6818866864255716,-0.9386124430093021,1.3969144399561446,2.6276249536126013,-2.4715647161195826,-1.8910323518915115,-1.4101942025104273,-3.1354233779434844
Unclassified Steroidobacteraceae,-2.6227215323903343,-1.6808435631536354,-1.383044420927625,-1.3605536721982587,2.3172626366642755,1.408140640090782,1.626738153120395,-1.1612845214229308,-1.3985219511026452,-1.5787252079567922,-0.07757382410627223,-1.309768246599715,0.3060648476881265,-1.7877738040984887,-1.2032624532941631,-1.234661600719579,-1.6464616284153388,-1.488203533555342,-1.272137903934682,-1.7699575795495175,-1.157222942328262,1.084167424348038,-0.32704925801956186,-1.2139295564753239,4.1208598056820005,-1.1625003191440884,-1.5153378909106479,-0.9386124430093021,-1.3111357611460654,-1.4154263142219485,-2.4715647161195826,-1.8910323518915115,-1.4101942025104273,-3.1354233779434844
Unclassified Subgroup_17,-2.6227215323903343,-1.6808435631536354,-1.383044420927625,1.037341600600112,-0.9785742293400536,0.3095283514226721,2.228264836671454,-1.412598949703837,-1.3985219511026452,-1.5787252079567922,0.2760662161373064,1.9860686194046142,0.2129744246221148,-0.35268927880916623,-1.2032624532941631,-1.234661600719579,1.6493752375889903,-1.488203533555342,-1.272137903934682,-1.7699575795495175,-0.0586106536601525,-1.4807819331134986,3.8716553195267815,-1.2139295564753239,-1.9452482844217474,-1.1625003191440884,-1.5153378909106479,-0.9386124430093021,-1.3111357611460654,-1.4154263142219485,-2.4715647161195826,-1.8910323518915115,-1.4101942025104273,2.2069108740213266
Unclassified Subgroup_2,3.6669940385186632,-1.6808435631536354,-1.383044420927625,-1.3605536721982587,-0.9785742293400536,1.5863888714971002,1.537247582369334,2.1179544531723606,-1.3985219511026452,-1.5787252079567922,0.3962105279793695,-1.309768246599715,0.7335088625150665,1.8338969003219976,-1.2032624532941631,-1.234661600719579,0.2994485206399746,-1.488203533555342,1.1257573688636886,3.817291078850732,-2.7666608547623626,-1.4807819331134986,-0.32704925801956186,-1.2139295564753239,4.234768369230826,-1.1625003191440884,-1.5153378909106479,1.7694377580929077,-1.3111357611460654,2.345773801471614,-0.8621268036854821,-1.8910323518915115,-1.4101942025104273,1.5374054565184219
Unclassified Subgroup_7,0.32171744677610636,-1.6808435631536354,-1.383044420927625,-1.3605536721982587,0.6308636830940468,0.2068741973625885,2.9963572872456465,0.8755974058381093,-1.3985219511026452,3.6942743506069546,0.4689698822617978,-1.309768246599715,0.8688502103848283,0.03677548795255703,-1.2032624532941631,-1.234661600719579,-1.6464616284153388,-1.488203533555342,-1.272137903934682,-1.7699575795495175,-0.20171149730082583,-1.4807819331134986,5.104924493341148,-1.2139295564753239,-0.33581037198764685,-1.1625003191440884,-1.5153378909106479,-0.9386124430093021,-1.3111357611460654,-1.4154263142219485,3.255283031467614,-0.7924200632234017,-1.4101942025104273,2.1375761806202624
Unclassified TRA3_20,1.420329735444216,-1.6808435631536354,-1.383044420927625,-1.3605536721982587,-0.9785742293400536,-0.8390943578200991,1.7979738448325868,-3.3585090987591504,-1.3985219511026452,-1.5787252079567922,-1.376856808236533,-1.309768246599715,-0.5561586629157524,-0.8322623590710525,-1.2032624532941631,-1.234661600719579,-1.6464616284153388,-1.488203533555342,-1.272137903934682,-1.7699575795495175,1.9246870274667813,-1.4807819331134986,-1.9364871704536624,-1.2139295564753239,-1.9452482844217474,-1.1625003191440884,-1.5153378909106479,-0.9386124430093021,-1.3111357611460654,-1.4154263142219485,1.67157001027195,-1.8910323518915115,-1.4101942025104273,1.4184535136570564
Unclassified Thermoactinomycetaceae,-2.6227215323903343,-1.6808435631536354,-1.383044420927625,-1.3605536721982587,-0.9785742293400536,-3.404043715281636,-3.922337931774825,-3.3585090987591504,0.7987026262335741,-1.5787252079567922,-3.5740813855727525,-1.309768246599715,0.2129744246221148,-3.3972117165325892,-1.2032624532941631,-1.234661600719579,-1.6464616284153388,-1.488203533555342,-1.272137903934682,-1.7699575795495175,-2.7666608547623626,-1.4807819331134986,-1.9364871704536624,-1.2139295564753239,4.1021238946245315,-1.1625003191440884,-1.5153378909106479,-0.9386124430093021,-1.3111357611460654,-1.4154263142219485,-2.4715647161195826,-1.8910323518915115,-1.4101942025104273,1.6095087504197658
Unclassified Thermodesulfovibrionia,-2.6227215323903343,-1.6808435631536354,-1.383044420927625,-1.3605536721982587,-0.9785742293400536,-3.404043715281636,-3.922337931774825,-0.9606138259607797,-1.3985219511026452,-1.5787252079567922,-1.628171236517439,-1.309768246599715,-0.3651034261530435,-0.5639983724763731,-1.2032624532941631,-1.234661600719579,-1.6464616284153388,-1.488203533555342,-1.272137903934682,-1.7699575795495175,-2.7666608547623626,-1.4807819331134986,-1.9364871704536624,-1.2139295564753239,4.321952264119615,-1.1625003191440884,-1.5153378909106479,-0.9386124430093021,-1.3111357611460654,-1.4154263142219485,-2.4715647161195826,-1.8910323518915115,-1.4101942025104273,2.5979178989542615
Unclassified UCG_010,1.6947665811459762,-1.6808435631536354,-1.383044420927625,-1.3605536721982587,-0.9785742293400536,-1.7946058028475353,0.8734526138219163,-0.4140701195927097,-1.3985219511026452,-1.5787252079567922,-1.628171236517439,-1.309768246599715,-1.1027023692838225,-3.3972117165325892,1.3616869041673736,-1.234661600719579,-1.6464616284153388,-1.488203533555342,-1.272137903934682,-1.7699575795495175,2.8280505248394765,-1.4807819331134986,4.875857923723816,-1.2139295564753239,-1.9452482844217474,-1.1625003191440884,-1.5153378909106479,-0.9386124430093021,-1.3111357611460654,-1.4154263142219485,1.8722407057341015,0.05487779716380192,-1.4101942025104273,-3.1354233779434844
Unclassified Vicinamibacteraceae,2.122210595972916,-1.6808435631536354,0.5628657281276884,-1.3605536721982587,-0.9785742293400536,2.0120566869227843,3.7550624987399823,1.6454372071863088,-1.3985219511026452,3.641630617121533,1.4163512012059836,-1.309768246599715,1.7305109747723937,1.4779856066685628,-1.2032624532941631,-1.234661600719579,-1.6464616284153388,-1.488203533555342,-1.272137903934682,-1.7699575795495175,3.0768835622689976,0.1286559793206018,2.326192706587653,1.494120644626886,4.560535775706482,-1.1625003191440884,-1.5153378909106479,-0.9386124430093021,-1.3111357611460654,2.476393983888678,-1.3729524274514728,5.3553357282109495,-1.4101942025104273,3.3087078787569566
Unclassified Vicinamibacterales,3.064253823949486,1.9300743494905888,-1.383044420927625,0.8366709051379608,3.0644770384944966,2.2554385004779856,4.288601801604196,2.490815681187709,0.9993733216957252,-1.5787252079567922,2.0056484404134696,3.2010912599171353,2.1727256250892997,1.446975369926002,-1.2032624532941631,-1.234661600719579,1.5724141964528622,2.7459029710419176,-1.272137903934682,2.2730936882850328,2.7264005885781857,2.489509980438623,4.616020716580928,-1.2139295564753239,4.6708169007110705,1.9729938967850613,2.5621995529950716,2.495374761475844,-1.3111357611460654,-1.4154263142219485,3.318395454777671,4.229265067059439,-1.4101942025104273,4.762244772783422
Unclassified WD2101_soil_group,-2.6227215323903343,-1.6808435631536354,-1.383044420927625,-1.3605536721982587,-0.9785742293400536,-0.2685494993524862,1.0949419050400993,-0.6504588976569403,-1.3985219511026452,-1.5787252079567922,-0.0187333240833385,-1.309768246599715,0.3060648476881265,-0.17833589166438824,-1.2032624532941631,-1.234661600719579,-1.6464616284153388,-1.488203533555342,-1.272137903934682,-1.7699575795495175,-1.157222942328262,-1.4807819331134986,-1.9364871704536624,-1.2139295564753239,-1.9452482844217474,-1.1625003191440884,-1.5153378909106479,-0.9386124430093021,-1.3111357611460654,-1.4154263142219485,-2.4715647161195826,-1.8910323518915115,-1.4101942025104273,2.4518252804567653
Unclassified Woesearchaeales,-2.6227215323903343,-1.6808435631536354,-1.383044420927625,-1.3605536721982587,-0.9785742293400536,-1.4581335662263224,2.0256970574058206,-0.31398666103572737,1.4346913929535707,-1.5787252079567922,-1.964643473138652,-1.309768246599715,-1.3033730647459736,-0.9993164437342186,-1.2032624532941631,-1.234661600719579,-1.6464616284153388,0.45770661549997127,-1.272137903934682,-1.7699575795495175,-1.157222942328262,-1.4807819331134986,-0.32704925801956186,-1.2139295564753239,-0.8466359957536376,-1.1625003191440884,-1.5153378909106479,-0.9386124430093021,-1.3111357611460654,-1.4154263142219485,-0.27434013878336305,-1.8910323518915115,-1.4101942025104273,0.6712391118268353
Unclassified [Eubacterium]_coprostanoligenes_group,-2.6227215323903343,1.0272066379485745,-1.383044420927625,-1.3605536721982587,-0.9785742293400536,0.9134443982546747,2.333412109978542,-0.5252957547029342,-1.3985219511026452,-1.5787252079567922,1.1172664966563914,-1.309768246599715,-0.28172181721399214,0.2137061961116351,-1.2032624532941631,-1.234661600719579,-1.6464616284153388,-1.488203533555342,-1.272137903934682,-1.7699575795495175,2.797859552560331,-1.4807819331134986,0.4614081023447083,-1.2139295564753239,-0.8466359957536376,-1.1625003191440884,-1.5153378909106479,-0.9386124430093021,-1.3111357611460654,-1.4154263142219485,2.7807087119270473,4.112854715215028,-1.4101942025104273,-3.1354233779434844
Unclassified candidate_division_SR1_bacterium_MGEHA,-2.6227215323903343,3.375402242194673,-1.383044420927625,3.0088941802687628,-0.9785742293400536,-3.404043715281636,-3.922337931774825,-3.3585090987591504,2.451625650607413,-1.5787252079567922,0.4332517996597187,3.580580881622039,-0.5561586629157524,-0.6891615154303792,2.6468851484158957,4.989896828555781,2.6973437934383453,-1.488203533555342,2.3387800087095423,-1.7699575795495175,0.6006349752241116,2.6936053367821384,-1.9364871704536624,3.3186699366779315,-1.9452482844217474,1.8820221185793347,-1.5153378909106479,-0.9386124430093021,1.2538135963154713,-1.4154263142219485,-2.4715647161195826,4.727706631625708,1.8856426634939019,-3.1354233779434844
Unclassified env.OPS_17,-2.6227215323903343,-1.6808435631536354,-1.383044420927625,-1.3605536721982587,-0.9785742293400536,-0.6959935141794258,1.9384482916910413,-0.9606138259607797,-1.3985219511026452,-1.5787252079567922,-1.964643473138652,-1.309768246599715,-0.667384298025977,-1.7877738040984887,-1.2032624532941631,-1.234661600719579,-1.6464616284153388,-1.488203533555342,-1.272137903934682,-1.7699575795495175,2.4856125732842673,-1.4807819331134986,-1.9364871704536624,-1.2139295564753239,-1.9452482844217474,-1.1625003191440884,-1.5153378909106479,-0.9386124430093021,-1.3111357611460654,-1.4154263142219485,-2.4715647161195826,-1.8910323518915115,-1.4101942025104273,3.9801587482409695
Veillonella,6.697280093795367,6.427779705200959,6.851520572339511,6.543781169886836,5.110470646106792,3.626813760834485,-0.6265010657704959,3.8977881409315303,6.9699391865131926,6.987829412997169,3.8754166198100966,5.7333916693886255,4.605011760217703,5.189694087294948,8.165021396747974,7.767300672142867,5.176824493940348,8.283066049153076,6.392208728163935,6.435534033570719,5.472668573139432,6.542442751603171,-1.9364871704536624,6.952570762679729,-1.9452482844217474,6.7528478501189895,8.416882880448354,4.010147447368866,7.9541661689040914,6.607142632766306,5.873415652650989,3.8358153956956853,6.2800918181663405,-3.1354233779434844
Verminephrobacter,-2.6227215323903343,-1.6808435631536354,-1.383044420927625,-1.3605536721982587,-0.9785742293400536,3.0143212206545758,0.566298437957315,3.063113169047367,-1.3985219511026452,-1.5787252079567922,2.946539741985944,-1.309768246599715,2.9840375935530585,2.885055030363417,-1.2032624532941631,-1.234661600719579,-1.6464616284153388,-1.488203533555342,-1.272137903934682,-1.7699575795495175,-2.7666608547623626,-1.4807819331134986,-1.9364871704536624,-1.2139295564753239,-1.9452482844217474,-1.1625003191440884,-1.5153378909106479,-0.9386124430093021,-1.3111357611460654,-1.4154263142219485,-2.4715647161195826,-1.8910323518915115,-1.4101942025104273,1.5185369722140392
Weissella,-2.6227215323903343,-1.6808435631536354,-1.383044420927625,-1.3605536721982587,-0.9785742293400536,1.9091622637601513,-3.922337931774825,1.9546968802826368,-1.3985219511026452,-1.5787252079567922,1.7192234391517398,-1.309768246599715,2.094113737519646,1.8654784723722964,-1.2032624532941631,-1.234661600719579,-1.6464616284153388,-1.488203533555342,-1.272137903934682,-1.7699575795495175,0.5291760112419666,-1.4807819331134986,-1.9364871704536624,-1.2139295564753239,-1.9452482844217474,-1.1625003191440884,-1.5153378909106479,-0.9386124430093021,-1.3111357611460654,-1.4154263142219485,-2.4715647161195826,-1.8910323518915115,-1.4101942025104273,1.1820647355928262
[Eubacterium]_brachy_group,-2.6227215323903343,3.4724480313441437,-1.383044420927625,2.2503642404459656,-0.9785742293400536,-3.404043715281636,-3.922337931774825,1.3864230296040998,-1.3985219511026452,0.6184993693794273,-0.35520556070455145,0.8874563307365045,-3.500597642082193,-1.4513015674772758,1.1946328195042075,-1.234661600719579,3.165722726957079,3.7429050832992448,2.3914237421949642,1.5258792864548114,-2.7666608547623626,1.6547122828156509,-1.9364871704536624,-1.2139295564753239,-1.9452482844217474,-1.1625003191440884,3.6941482619307733,2.557895118457178,0.8860888161901541,3.5333335761562195,1.335097773650737,3.507130349626242,-1.4101942025104273,-3.1354233779434844
[Eubacterium]_eligens_group,-2.6227215323903343,-1.6808435631536354,-1.383044420927625,-1.3605536721982587,-0.9785742293400536,-3.404043715281636,-0.03051763366419813,-1.7490711863250499,-1.3985219511026452,-1.5787252079567922,-3.5740813855727525,-1.309768246599715,-0.9356482846206564,-3.3972117165325892,-1.2032624532941631,-1.234661600719579,-1.6464616284153388,-1.488203533555342,-1.272137903934682,-1.7699575795495175,-2.7666608547623626,-1.4807819331134986,-1.9364871704536624,-1.2139295564753239,4.188149758574902,-1.1625003191440884,-1.5153378909106479,-0.9386124430093021,-1.3111357611460654,0.9824689585764219,-2.4715647161195826,-1.8910323518915115,-1.4101942025104273,-3.1354233779434844
[Eubacterium]_fissicatena_group,-2.6227215323903343,-1.6808435631536354,-1.383044420927625,-1.3605536721982587,-0.9785742293400536,-0.6959935141794258,-0.4258303703083448,-3.3585090987591504,-1.3985219511026452,-1.5787252079567922,-3.5740813855727525,-1.309768246599715,-3.500597642082193,-3.3972117165325892,-1.2032624532941631,-1.234661600719579,-1.6464616284153388,-1.488203533555342,-1.272137903934682,-1.7699575795495175,3.196918488856084,-1.4807819331134986,-1.9364871704536624,-1.2139295564753239,-1.9452482844217474,-1.1625003191440884,-1.5153378909106479,-0.9386124430093021,-1.3111357611460654,-1.4154263142219485,1.1393531965246417,-1.8910323518915115,-1.4101942025104273,2.157881446781008
[Eubacterium]_nodatum_group,0.98819638025389,1.8745044983357784,1.1819049365339116,2.1359538892682215,-0.9785742293400536,-1.7946058028475353,1.5624590017158297,-3.3585090987591504,2.2123959615415787,2.4988122359489275,0.03683652707147189,1.3982819545024952,-3.500597642082193,0.8654681605087262,2.293245108172317,2.320686460769835,3.584646988439248,5.092435603729607,3.647843021893443,4.007694743673139,2.4318361765034635,4.608262942333347,-1.9364871704536624,-0.1153172678072143,-1.9452482844217474,3.7126970040570635,5.409274505137912,3.03167947054282,1.2538135963154713,2.591906871010522,2.77018229894006,2.39942708925688,1.423019141545789,-3.1354233779434844
[Eubacterium]_saphenum_group,1.1839409573799853,4.417230719012605,-1.383044420927625,3.4836334142603325,-0.9785742293400536,-3.404043715281636,-3.922337931774825,-3.3585090987591504,-1.3985219511026452,1.3657137712096485,0.35774424715157327,-0.21115595793160524,-3.500597642082193,0.777175553363048,-1.2032624532941631,1.7097773784468617,3.584646988439248,4.319938956425101,2.441434162769626,2.6244915751229208,1.6992472638922211,5.657291100930848,-1.9364871704536624,2.004946268392877,-1.9452482844217474,1.9729938967850613,-1.5153378909106479,-0.9386124430093021,-1.3111357611460654,4.422304132943991,3.561521505679219,-1.8910323518915115,1.1547551549511095,-3.1354233779434844
[Eubacterium]_yurii_group,-2.6227215323903343,1.5380322617145654,-1.383044420927625,-1.3605536721982587,-0.9785742293400536,-3.404043715281636,-3.922337931774825,-3.3585090987591504,-1.3985219511026452,0.3671849410985212,-1.628171236517439,2.8949243727912513,-0.3651034261530435,-0.8322623590710525,-1.2032624532941631,1.473388600382631,3.063068572896995,1.345009810500874,2.4890622117588803,2.373177146842015,-2.7666608547623626,1.8865138968729753,-1.9364871704536624,-1.2139295564753239,-1.9452482844217474,1.8820221185793347,2.2913245988596715,-0.9386124430093021,1.8243584547830842,1.2926238868802613,1.335097773650737,-1.8910323518915115,-1.4101942025104273,-3.1354233779434844
[Ruminococcus]_torques_group,1.2690987657202926,-1.6808435631536354,-1.383044420927625,-1.3605536721982587,-0.9785742293400536,-1.7946058028475353,1.999240487868991,-1.412598949703837,-1.3985219511026452,-1.5787252079567922,0.688598491468563,-1.309768246599715,-1.8911597296480926,-0.9993164437342186,-1.2032624532941631,-1.234661600719579,-1.6464616284153388,-1.488203533555342,-1.272137903934682,-1.7699575795495175,-2.7666608547623626,-1.4807819331134986,-1.9364871704536624,-1.2139295564753239,3.8866341928617696,-1.1625003191440884,-1.5153378909106479,-0.9386124430093021,-1.3111357611460654,-1.4154263142219485,1.7911151609217328,-1.8910323518915115,-1.4101942025104273,-3.1354233779434844
hgcI_clade,-1.0132836199562338,-0.07140565071953497,1.0148508518707455,-1.3605536721982587,-0.9785742293400536,-3.404043715281636,2.9804048053837677,0.19683896273026358,-1.3985219511026452,-1.5787252079567922,0.08948026055689384,-1.309768246599715,0.39122265602843376,-0.10137485052826012,-1.2032624532941631,-1.234661600719579,-1.6464616284153388,-1.488203533555342,-1.272137903934682,-1.7699575795495175,-2.7666608547623626,-1.4807819331134986,-0.32704925801956186,-1.2139295564753239,2.0250436291303746,-1.1625003191440884,-1.5153378909106479,-0.9386124430093021,-1.3111357611460654,-1.4154263142219485,-2.4715647161195826,-1.8910323518915115,-1.4101942025104273,-3.1354233779434844
