source,target,rho,p,q_bh
28_4,Alistipes,0.7454545454545454,4.2328317086052346e-07,4.468497474003256e-05
28_4,Bifidobacterium,0.6204736440030557,9.054460399842999e-05,0.0018630406842029897
28_4,Christensenellaceae_R_7_group,0.6161955691367456,0.00010447297359153543,0.0020437634466537766
28_4,Devosia,0.6097784568372803,0.0001289848157143,0.002352442133136447
28_4,Dubosiella,0.7454545454545454,4.2328317086052346e-07,4.468497474003256e-05
28_4,Gaiella,0.628724216959511,6.829841288980174e-05,0.0015376000043087353
28_4,Lachnospiraceae_NK4A136_group,0.6061115355233002,0.00014519827153644359,0.002558546384757964
28_4,Luteimonas,0.6785332314744079,1.0316703964165551e-05,0.000407040865495259
28_4,Luteolibacter,0.7931245225362872,2.2309719412161506e-08,5.0274094629174715e-06
28_4,Prevotella_9,0.6012223071046601,0.00016964876717136287,0.0028217803459390065
28_4,Unclassified Clostridia,0.6235294117647058,8.164234203629389e-05,0.0017410099435510313
28_4,Unclassified Cyanobacteriales,0.6971734148204737,4.620791743781083e-06,0.00022750604056145688
28_4,Unclassified Gammaproteobacteria,0.60244461420932,0.00016321368954972206,0.002757805355650531
28_4,Unclassified Roseiflexaceae,0.6110007639419404,0.00012395275866546715,0.002283771110128843
Achromobacter,Stenotrophomonas,0.6440030557677616,3.963989303843942e-05,0.001056883428041941
Acidibacter,Unclassified Bacilli,-0.6232238349885408,8.24957227475646e-05,0.0017544190184318727
Acinetobacter,Peptococcus,-0.6045836516424751,0.00015247608582534308,0.0026411157039192465
Acinetobacter,Stenotrophomonas,0.6003055767761649,0.0001746230517591202,0.002871905853352099
Actinobacillus,Unclassified Absconditabacteriales__SR1,0.6913674560733384,5.971880109315186e-06,0.0002707098302551464
Actinomyces,Aggregatibacter,0.7155080213903742,1.973779407415948e-06,0.00012604221850735737
Actinomyces,Akkermansia,-0.6094728800611153,0.00013027109837796528,0.0023630289950355996
Actinomyces,Anaeroglobus,0.6623376623376623,1.9816235275386072e-05,0.0006606163441165689
Actinomyces,Bacillus,-0.7292589763177998,9.97894034372495e-07,8.00912485943623e-05
Actinomyces,Campylobacter,0.7066462948815889,3.0013041096392248e-06,0.00016628501918086258
Actinomyces,Candidatus_Saccharimonas,0.6773109243697478,1.0852905939074012e-05,0.0004232091573845899
Actinomyces,Capnocytophaga,0.7662337662337662,1.2773404361411693e-07,1.9189583629105414e-05
Actinomyces,Cardiobacterium,0.8108479755538578,6.105058259535024e-09,1.9334884509522e-06
Actinomyces,Catonella,0.6140565317035905,0.00011213386389540087,0.002143531186176684
Actinomyces,Corynebacterium,0.7072574484339189,2.9172251415468574e-06,0.00016278116289831465
Actinomyces,Eikenella,0.7689839572192514,1.0801150153008942e-07,1.6988976844692453e-05
Actinomyces,Enterococcus,-0.6250572956455309,7.749329594054015e-05,0.001670775421952621
Actinomyces,Escherichia_Shigella,-0.6351413292589763,5.454030310328969e-05,0.0013259403978513455
Actinomyces,F0058,0.7173414820473644,1.8063246233108635e-06,0.00011992358037369233
Actinomyces,F0332,0.8368220015278838,7.009443730065507e-10,3.3525168011799025e-07
Actinomyces,Fusobacterium,0.7130634071810542,2.219107326662399e-06,0.00013438501113090435
Actinomyces,Granulicatella,0.6018334606569901,0.00016640339615424805,0.0027855928516221126
Actinomyces,Haemophilus,0.6388082505729564,4.785180793281204e-05,0.00121764926244667
Actinomyces,Johnsonella,0.7478991596638656,3.698395450075983e-07,4.1274093222847964e-05
Actinomyces,Kingella,0.7760122230710466,6.962158695633673e-08,1.2176503820214237e-05
Actinomyces,Lachnoanaerobaculum,0.7518716577540107,2.96032094632206e-07,3.521730035431665e-05
Actinomyces,Lachnospiraceae_NK4A136_group,-0.6003055767761649,0.0001746230517591202,0.002871905853352099
Actinomyces,Lautropia,0.7506493506493506,3.1715731450337105e-07,3.6796528825252494e-05
Actinomyces,Leptotrichia,0.813903743315508,4.81653417409795e-09,1.5898633085092895e-06
Actinomyces,Luteimonas,-0.6076394194041252,0.0001382331428649511,0.00246359843055741
Actinomyces,Neisseria,0.6388082505729564,4.785180793281204e-05,0.00121764926244667
Actinomyces,Parabacteroides,-0.6088617265087853,0.00013287820836423844,0.0023863093419343234
Actinomyces,Phocaeicola,0.629640947288006,6.615884716020069e-05,0.0015053385845111293
Actinomyces,Porphyromonas,0.6326967150496561,5.9455545976605024e-05,0.001401811041758265
Actinomyces,Prevotella,0.7182582123758594,1.7275586928970363e-06,0.00011701464025067903
Actinomyces,Prevotella_7,0.60244461420932,0.00016321368954972206,0.002757805355650531
Actinomyces,Pseudopropionibacterium,0.7897631779984722,2.8127838088841484e-08,5.833663835841496e-06
Actinomyces,Rothia,0.6290297937356761,6.757840572302165e-05,0.001528733124058625
Actinomyces,Selenomonas,0.8032085561497325,1.0844296094457307e-08,2.88803321897388e-06
Actinomyces,Streptococcus,0.6226126814362108,8.42265783099693e-05,0.0017751205838780941
Actinomyces,TM7x,0.6354469060351413,5.395237504523555e-05,0.0013157417914257444
Actinomyces,Tannerella,0.6647822765469823,1.800219568223642e-05,0.0006096812977007121
Actinomyces,Unclassified Bacteria,-0.6797555385790679,9.804665161462893e-06,0.00039145167414658325
Actinomyces,Unclassified Candidatus_Saccharibacteria_bacterium_UB2523,0.626585179526356,7.353482563520818e-05,0.0016151473042050038
Actinomyces,Unclassified Clostridiales_bacterium_oral_taxon_075,0.7977081741787624,1.6153120635221596e-08,3.984889844284772e-06
Actinomyces,Unclassified Saccharimonadaceae,0.7130634071810542,2.219107326662399e-06,0.00013438501113090435
Actinomyces,Veillonella,0.7194805194805193,1.627416465600766e-06,0.0001118478952721981
Aeromicrobium,Unclassified Clostridia_vadinBB60_group,0.6076394194041252,0.0001382331428649511,0.00246359843055741
Aggregatibacter,Akkermansia,-0.6757830404889228,1.1558686915679592e-05,0.00044481015854822155
Aggregatibacter,Anaeroglobus,0.6797555385790679,9.804665161462893e-06,0.00039145167414658325
Aggregatibacter,Bacillus,-0.7448433919022154,4.3770671550485373e-07,4.518984398489759e-05
Aggregatibacter,Bergeyella,0.6330022918258212,5.882007064739522e-05,0.0013980802998908258
Aggregatibacter,Campylobacter,0.758594346829641,2.0118085671623977e-07,2.6049030707192235e-05
Aggregatibacter,Capnocytophaga,0.654087089381207,2.722734262200624e-05,0.0008128662441902397
Aggregatibacter,Cardiobacterium,0.6036669213139801,0.00015699793239884894,0.0026955337316479297
Aggregatibacter,Catonella,0.6684491978609626,1.5562060549530357e-05,0.0005443469418489454
Aggregatibacter,Corynebacterium,0.6522536287242169,2.9181522958848972e-05,0.0008538054582566598
Aggregatibacter,Eikenella,0.6446142093200917,3.876263069189384e-05,0.0010382183004516844
Aggregatibacter,Fusobacterium,0.7387318563789153,6.088479128699302e-07,5.63990501423703e-05
Aggregatibacter,Granulicatella,0.6892284186401832,6.554073981341602e-06,0.00029036158379342495
Aggregatibacter,Haemophilus,0.6663101604278074,1.6946221273431632e-05,0.0005806310552107364
Aggregatibacter,Johnsonella,0.6849503437738731,7.87597592688781e-06,0.0003325790483289058
Aggregatibacter,Kingella,0.7112299465240641,2.42102785321948e-06,0.00014328083022235289
Aggregatibacter,Lachnoanaerobaculum,0.6653934300993124,1.757285553282218e-05,0.0005986009335279368
Aggregatibacter,Lachnospiraceae_NK4A136_group,-0.655309396485867,2.59911238920548e-05,0.0007900492600962339
Aggregatibacter,Lautropia,0.6705882352941176,1.428117191416615e-05,0.0005125475420833046
Aggregatibacter,Leptotrichia,0.7656226126814362,1.325438137815917e-07,1.953645798607159e-05
Aggregatibacter,Ligilactobacillus,-0.6812834224598929,9.19710866679962e-06,0.00037226846064786857
Aggregatibacter,Neisseria,0.6036669213139801,0.00015699793239884894,0.0026955337316479297
Aggregatibacter,Nitrospira,-0.6715049656226126,1.3762101130187943e-05,0.000497729324208464
Aggregatibacter,Phocaeicola,0.6143621084797555,0.00011100947110636864,0.0021307272439384565
Aggregatibacter,Porphyromonas,0.6473644003055767,3.502780233000207e-05,0.000964643449360668
Aggregatibacter,Prevotella,0.7659281894576011,1.3011850376721587e-07,1.9300362368914374e-05
Aggregatibacter,Prevotella_7,0.7310924369747898,9.083401920755981e-07,7.495725613198492e-05
Aggregatibacter,Pseudopropionibacterium,0.6354469060351413,5.395237504523555e-05,0.0013157417914257444
Aggregatibacter,RB41,-0.6770053475935829,1.0990850010474465e-05,0.00042645953782364165
Aggregatibacter,Rothia,0.6216959511077158,8.688409605244977e-05,0.0018148089795768387
Aggregatibacter,Selenomonas,0.6498090145148968,3.198417876828345e-05,0.0009130100044013288
Aggregatibacter,Streptococcus,0.6721161191749426,1.3425623307797326e-05,0.0004885759438533201
Aggregatibacter,Tannerella,0.708479755538579,2.7554776807002837e-06,0.00015636168262685678
Aggregatibacter,Treponema,0.628418640183346,6.902531555194595e-05,0.0015465366111619553
Aggregatibacter,Unclassified Bacteria,-0.6611153552330022,2.078394642694976e-05,0.0006812483474992932
Aggregatibacter,Unclassified Chloroflexi,-0.6427807486631015,4.1448374878273565e-05,0.0010926705440351173
Aggregatibacter,Unclassified Clostridiales_bacterium_feline_oral_taxon_148,0.7246753246753245,1.2582415813562553e-06,9.36131736529054e-05
Aggregatibacter,Unclassified Clostridiales_bacterium_oral_taxon_075,0.8001527883880823,1.3551904957171489e-08,3.452200484524685e-06
Aggregatibacter,Unclassified Muribaculaceae,-0.6605042016806721,2.1283668716179923e-05,0.0006947131755325803
Aggregatibacter,Unclassified Saccharimonadaceae,0.6385026737967914,4.8379501438486184e-05,0.0012257535088782295
Aggregatibacter,Unclassified Subgroup_7,-0.6244461420932009,7.912960146277449e-05,0.0016982429852395449
Aggregatibacter,Unclassified candidate_division_SR1_bacterium_MGEHA,0.684339190221543,8.083423211363361e-06,0.00033889643359841096
Aggregatibacter,Veillonella,0.6583651642475172,2.311953082222682e-05,0.0007371827542172895
Akkermansia,Alistipes,0.7491214667685256,3.455067140092674e-07,3.969262426235878e-05
Akkermansia,Campylobacter,-0.6042780748663101,0.00015397023973646505,0.002655221882607649
Akkermansia,Christensenellaceae_R_7_group,0.6892284186401832,6.554073981341602e-06,0.00029036158379342495
Akkermansia,Dubosiella,0.6980901451489686,4.434976395886314e-06,0.00022067538601696742
Akkermansia,Eikenella,-0.6711993888464477,1.3933191676703328e-05,0.0005015949003613197
Akkermansia,F0058,-0.6595874713521771,2.2053663183952175e-05,0.0007148681194731717
Akkermansia,Fusobacterium,-0.6143621084797555,0.00011100947110636864,0.0021307272439384565
Akkermansia,Kingella,-0.6210847975553857,8.8697385472892e-05,0.001839568076055484
Akkermansia,Lachnoclostridium,0.7158135981665393,1.9449212717976577e-06,0.0001252230080380492
Akkermansia,Lachnospiraceae_NK4A136_group,0.6699770817417875,1.4637014140623094e-05,0.0005189607615728334
Akkermansia,Leptotrichia,-0.6644766997708174,1.8220409276665657e-05,0.0006152932446800236
Akkermansia,Luteimonas,0.7200916730328494,1.5793605372141763e-06,0.00011048923447806399
Akkermansia,Nitrospira,0.8181818181818181,3.430917527668651e-09,1.2001042265439178e-06
Akkermansia,Peptococcus,-0.6479755538579068,3.4243329439276955e-05,0.0009474931153942087
Akkermansia,RB41,0.655920550038197,2.5392251541618342e-05,0.0007768835602211063
Akkermansia,TM7x,-0.6149732620320855,0.00010879098349277881,0.0021001857406398386
Akkermansia,Tannerella,-0.6357524828113063,5.337016345207501e-05,0.0013110934493321068
Akkermansia,Unclassified Chloroflexi,0.6516424751718869,2.9860549560914007e-05,0.0008682529026173458
Akkermansia,Unclassified Clostridia,0.7060351413292589,3.0875873002553686e-06,0.0001698607886591193
Akkermansia,Unclassified Clostridiales_bacterium_oral_taxon_075,-0.6754774637127577,1.1704744179075832e-05,0.00044676284133684233
Akkermansia,Unclassified Microscillaceae,0.6488922841864018,3.309634604369879e-05,0.0009322667859136117
Akkermansia,Unclassified Oscillospiraceae,0.6562261268143621,2.5097520446130992e-05,0.000774947943577768
Akkermansia,Unclassified Saccharimonadaceae,-0.6030557677616502,0.00016007881040489436,0.002722501451849858
Akkermansia,Unclassified Subgroup_7,0.7032849503437738,3.5045549347722125e-06,0.00018709054544720175
Akkermansia,Unclassified candidate_division_SR1_bacterium_MGEHA,-0.6192513368983957,9.434306629372714e-05,0.001902774614165051
Akkermansia,[Eubacterium]_brachy_group,-0.6186401833460657,9.629544857816065e-05,0.0019255803181550963
Alistipes,Bifidobacterium,0.6785332314744079,1.0316703964165551e-05,0.000407040865495259
Alistipes,Bradyrhizobium,0.6058059587471352,0.00014662843404692936,0.0025682989389565294
Alistipes,Brevundimonas,0.6464476699770817,3.62349656606778e-05,0.0009885944763953958
Alistipes,Campylobacter,-0.6666157372039725,1.6741887019303655e-05,0.0005770042120358831
Alistipes,Catonella,-0.6192513368983957,9.434306629372714e-05,0.001902774614165051
Alistipes,Christensenellaceae_R_7_group,0.8692131398013749,2.5963815603711384e-11,2.8645139769030187e-08
Alistipes,Devosia,0.6675324675324675,1.614220756309199e-05,0.0005596283675275501
Alistipes,Dubosiella,0.9135217723453016,4.8150143929810004e-14,1.8807446218983788e-10
Alistipes,Enterococcus,0.758288770053476,2.0479911696179437e-07,2.6227716421402256e-05
Alistipes,F0058,-0.655920550038197,2.5392251541618342e-05,0.0007768835602211063
Alistipes,Flavobacterium,0.6962566844919785,4.813670052416203e-06,0.00023308506476947546
Alistipes,Fretibacterium,-0.6745607333842627,1.2153021857896002e-05,0.0004586444770719013
Alistipes,Fusobacterium,-0.6962566844919785,4.813670052416203e-06,0.00023308506476947546
Alistipes,Granulicatella,-0.6577540106951871,2.3669753885712358e-05,0.000746600743022281
Alistipes,Lachnoanaerobaculum,-0.6632543926661574,1.9117429926826253e-05,0.0006409672214092991
Alistipes,Lachnoclostridium,0.8661573720397249,3.67197787532385e-11,3.741585803743033e-08
Alistipes,Lachnospiraceae_NK4A136_group,0.8447669977081742,3.350068016902616e-10,1.8693379534316597e-07
Alistipes,Leptotrichia,-0.6589763177998471,2.258090661444051e-05,0.0007239481907196002
Alistipes,Luteimonas,0.8569900687547746,9.892366222932644e-11,8.279910528594624e-08
Alistipes,Luteolibacter,0.8337662337662337,9.215065308762534e-10,4.234593540708995e-07
Alistipes,Muribaculum,0.6003055767761649,0.0001746230517591202,0.002871905853352099
Alistipes,Neisseria,-0.6424751718869365,4.191197267618205e-05,0.0011011759995952942
Alistipes,Nitrospira,0.843239113827349,3.87328272138289e-10,1.9733533447462915e-07
Alistipes,Parabacteroides,0.6262796027501909,7.431165003586769e-05,0.001626113753726046
Alistipes,Peptococcus,-0.6073338426279602,0.0001396017273211538,0.0024804443377547843
Alistipes,Porphyromonas,-0.6149732620320855,0.00010879098349277881,0.0021001857406398386
Alistipes,Prevotella,-0.6339190221543162,5.6950176813835995e-05,0.0013675044506240373
Alistipes,Prevotella_7,-0.6131398013750954,0.0001155686086502894,0.0021913154630486915
Alistipes,Prevotella_9,0.628113063407181,6.975917190928641e-05,0.0015525887491605285
Alistipes,RB41,0.6751718869365927,1.1852474331336335e-05,0.00045093277342402326
Alistipes,Streptomyces,0.6012223071046601,0.00016964876717136287,0.0028217803459390065
Alistipes,Tannerella,-0.7167303284950344,1.8606428508620771e-06,0.00012079231538172753
Alistipes,Treponema,-0.6229182582123758,8.33571127931356e-05,0.0017679251542261772
Alistipes,Unclassified Clostridia,0.8689075630252101,2.688995882056085e-11,2.8645139769030187e-08
Alistipes,Unclassified Cyanobacteriales,0.6999236058059586,4.08360869339664e-06,0.0002080509855183558
Alistipes,Unclassified Gammaproteobacteria,0.6436974789915966,4.0085208567690686e-05,0.0010639150033889004
Alistipes,Unclassified JG30_KF_CM45,0.6406417112299465,4.4793166657294325e-05,0.001161252935597732
Alistipes,Unclassified Longimicrobiaceae,0.6580595874713522,2.3393178726415318e-05,0.00074086829274631
Alistipes,Unclassified Microscillaceae,0.8542398777692896,1.314168409760494e-10,1.0266283617048978e-07
Alistipes,Unclassified Muribaculaceae,0.6864782276546981,7.37835435820987e-06,0.00031612269239306493
Alistipes,Unclassified Oscillospiraceae,0.734453781512605,7.63001813310192e-07,6.647476021092066e-05
Alistipes,Unclassified Rokubacteriales,0.6149732620320855,0.00010879098349277881,0.0021001857406398386
Alistipes,Unclassified Roseiflexaceae,0.6568372803666921,2.4517322294230836e-05,0.0007661172870501253
Alistipes,Unclassified Subgroup_7,0.7885408708938121,3.0569302691508584e-08,6.2297580685060446e-06
Alistipes,[Eubacterium]_brachy_group,-0.6751718869365927,1.1852474331336335e-05,0.00045093277342402326
Alistipes,[Eubacterium]_nodatum_group,-0.6003055767761649,0.0001746230517591202,0.002871905853352099
Alloprevotella,Bacillus,-0.6195569136745607,9.338027059500622e-05,0.0018947705815277626
Alloprevotella,Campylobacter,0.6721161191749426,1.3425623307797326e-05,0.0004885759438533201
Alloprevotella,Candidatus_Saccharimonas,0.601527883880825,0.0001680190708834482,0.0028046260293621735
Alloprevotella,Catonella,0.7011459129106188,3.863658979290042e-06,0.00020077319698146658
Alloprevotella,Dialister,0.7127578304048893,2.251655256023253e-06,0.00013565499377933408
Alloprevotella,F0058,0.6562261268143621,2.5097520446130992e-05,0.000774947943577768
Alloprevotella,Fusobacterium,0.6947288006111534,5.151484877341789e-06,0.00024291790661042686
Alloprevotella,Granulicatella,0.7378151260504201,6.392486560358731e-07,5.875071177590871e-05
Alloprevotella,Lachnoanaerobaculum,0.6388082505729564,4.785180793281204e-05,0.00121764926244667
Alloprevotella,Leptotrichia,0.6580595874713522,2.3393178726415318e-05,0.00074086829274631
Alloprevotella,Oribacterium,0.7478991596638656,3.698395450075983e-07,4.1274093222847964e-05
Alloprevotella,Peptostreptococcus,0.6656990068754773,1.7361683233819854e-05,0.0005922684254262039
Alloprevotella,Porphyromonas,0.6525592055003819,2.884727088592113e-05,0.000850395774191758
Alloprevotella,Prevotella,0.8050420168067226,9.469210738453087e-09,2.6108285043104296e-06
Alloprevotella,Prevotella_7,0.7378151260504201,6.392486560358731e-07,5.875071177590871e-05
Alloprevotella,Selenomonas,0.6715049656226126,1.3762101130187943e-05,0.000497729324208464
Alloprevotella,Unclassified Bacteria,-0.6330022918258212,5.882007064739522e-05,0.0013980802998908258
Alloprevotella,Unclassified Subgroup_7,-0.6326967150496561,5.9455545976605024e-05,0.001401811041758265
Alloprevotella,Veillonella,0.7216195569136745,1.464838191413326e-06,0.0001040301450120082
Anaeroglobus,Bacillus,-0.6134453781512605,0.00011441335111294783,0.0021729264965016574
Anaeroglobus,Campylobacter,0.762261268143621,1.621066180030915e-07,2.248006331077191e-05
Anaeroglobus,Catonella,0.6250572956455309,7.749329594054015e-05,0.001670775421952621
Anaeroglobus,Corynebacterium,0.6158899923605805,0.00010553780218932113,0.0020577237371954492
Anaeroglobus,Defluviitaleaceae_UCG_011,0.7106187929717341,2.49197235435551e-06,0.00014637058670846046
Anaeroglobus,Dialister,0.6375859434682963,4.9994209912713286e-05,0.0012544585690731783
Anaeroglobus,Eikenella,0.6048892284186401,0.0001509949270429251,0.0026212719334651794
Anaeroglobus,Filifactor,0.6932009167303286,5.510745476117996e-06,0.00025523682011522003
Anaeroglobus,Fusobacterium,0.7008403361344537,3.917610241820393e-06,0.00020267795502715833
Anaeroglobus,Gemella,0.6455309396485867,3.747956644660462e-05,0.0010084628234702938
Anaeroglobus,Granulicatella,0.6003055767761649,0.0001746230517591202,0.002871905853352099
Anaeroglobus,Haemophilus,0.6048892284186401,0.0001509949270429251,0.0026212719334651794
Anaeroglobus,Johnsonella,0.628724216959511,6.829841288980174e-05,0.0015376000043087353
Anaeroglobus,Lachnoanaerobaculum,0.6537815126050419,2.754458918779121e-05,0.0008192068428998411
Anaeroglobus,Leptotrichia,0.6797555385790679,9.804665161462893e-06,0.00039145167414658325
Anaeroglobus,Nocardioides,-0.6650878533231473,1.778635209061305e-05,0.0006041173153559528
Anaeroglobus,Phocaeicola,0.6378915202444613,4.945065625466634e-05,0.001244818023613706
Anaeroglobus,Porphyromonas,0.6415584415584416,4.333097227932698e-05,0.0011308515215348632
Anaeroglobus,Prevotella,0.7164247517188693,1.8883576241456264e-06,0.00012191611371756721
Anaeroglobus,Prevotella_7,0.7521772345301757,2.9095655041368166e-07,3.47900903851788e-05
Anaeroglobus,Selenomonas,0.7387318563789153,6.088479128699302e-07,5.63990501423703e-05
Anaeroglobus,Stomatobaculum,0.6375859434682963,4.9994209912713286e-05,0.0012544585690731783
Anaeroglobus,Streptococcus,0.7167303284950344,1.8606428508620771e-06,0.00012079231538172753
Anaeroglobus,Tannerella,0.7170359052711993,1.8333000197166374e-06,0.00012001457894435507
Anaeroglobus,Treponema,0.6932009167303286,5.510745476117996e-06,0.00025523682011522003
Anaeroglobus,Unclassified 67_14,-0.6562261268143621,2.5097520446130992e-05,0.000774947943577768
Anaeroglobus,Unclassified Bacteria,-0.7310924369747898,9.083401920755981e-07,7.495725613198492e-05
Anaeroglobus,Unclassified Candidatus_Saccharibacteria_bacterium_UB2523,0.6372803666921313,5.0543143215721414e-05,0.001264171936396635
Anaeroglobus,Unclassified Clostridiales_bacterium_feline_oral_taxon_148,0.6103896103896104,0.00012644634888179517,0.002320592507747652
Anaeroglobus,Unclassified Clostridiales_bacterium_oral_taxon_075,0.7347593582887699,7.509065913250922e-07,6.566510027721962e-05
Anaeroglobus,Unclassified Saccharimonadaceae,0.6079449961802902,0.000136876591261584,0.002448732666264491
Anaeroglobus,Veillonella,0.7286478227654698,1.0294946183929894e-06,8.123648443319226e-05
Atopobium,Bacteroides,-0.7289533995416348,1.0135816737688887e-06,8.052305120829721e-05
Atopobium,Megasphaera,0.6773109243697478,1.0852905939074012e-05,0.0004232091573845899
Atopobium,Oribacterium,0.6485867074102367,3.347475825744664e-05,0.0009372932312085059
Atopobium,Veillonella,0.656531703590527,2.4805887025904006e-05,0.000771022239176507
Bacillus,Bacteroides,0.6644766997708174,1.8220409276665657e-05,0.0006152932446800236
Bacillus,Campylobacter,-0.6501145912910617,3.162102992930319e-05,0.0009070629833820681
Bacillus,Candidatus_Saccharimonas,-0.6220015278838809,8.599000263423512e-05,0.0018009487951170101
Bacillus,Cardiobacterium,-0.654087089381207,2.722734262200624e-05,0.0008128662441902397
Bacillus,Enterococcus,0.6788388082505729,1.018646779715923e-05,0.00040394257071780663
Bacillus,Escherichia_Shigella,0.73231474407945,8.527902178093625e-07,7.241301284268195e-05
Bacillus,Fusobacterium,-0.7255920550038196,1.2016753531489492e-06,9.084665669806056e-05
Bacillus,Granulicatella,-0.6770053475935829,1.0990850010474465e-05,0.00042645953782364165
Bacillus,Haemophilus,-0.7090909090909091,2.6777106671027e-06,0.00015343478531593856
Bacillus,Johnsonella,-0.6143621084797555,0.00011100947110636864,0.0021307272439384565
Bacillus,Lachnospiraceae_NK4A136_group,0.6076394194041252,0.0001382331428649511,0.00246359843055741
Bacillus,Lautropia,-0.655003819709702,2.629532431210177e-05,0.0007951706071979575
Bacillus,Leptotrichia,-0.6122230710466005,0.00011909742721233655,0.002227587632999457
Bacillus,Ligilactobacillus,0.6702826585179525,1.445810045909662e-05,0.0005141730536561281
Bacillus,Limosilactobacillus,0.6522536287242169,2.9181522958848972e-05,0.0008538054582566598
Bacillus,Massilia,0.6562261268143621,2.5097520446130992e-05,0.000774947943577768
Bacillus,Oribacterium,-0.6412528647822765,4.3813514228388775e-05,0.0011421729916090315
Bacillus,Parabacteroides,0.6003055767761649,0.0001746230517591202,0.002871905853352099
Bacillus,Peptostreptococcus,-0.6155844155844156,0.00010661236125054651,0.0020717805126598743
Bacillus,Porphyromonas,-0.6458365164247517,3.706047695994876e-05,0.0010017870104190993
Bacillus,Prevotella,-0.7191749427043546,1.6519420108377708e-06,0.00011320149990056725
Bacillus,Prevotella_7,-0.6394194041252865,4.6811960444958905e-05,0.0012042646597014896
Bacillus,Pseudopropionibacterium,-0.6592818945760122,2.2315875792011506e-05,0.0007193877098508689
Bacillus,RB41,0.6424751718869365,4.191197267618205e-05,0.0011011759995952942
Bacillus,Selenomonas,-0.6244461420932009,7.912960146277449e-05,0.0016982429852395449
Bacillus,Staphylococcus,0.6846447669977082,7.979086879142058e-06,0.00033512164892396645
Bacillus,Streptococcus,-0.6956455309396485,4.946297761165207e-06,0.00023705814791547607
Bacillus,Unclassified Absconditabacteriales__SR1,-0.6220015278838809,8.599000263423512e-05,0.0018009487951170101
Bacillus,Unclassified Bacteria,0.6082505729564553,0.00013553197968778702,0.0024283849204609913
Bacillus,Unclassified Chloroflexi,0.6165011459129106,0.0001034177979359502,0.0020298990891347815
Bacillus,Unclassified Clostridiales_bacterium_oral_taxon_075,-0.7298701298701298,9.671831538986831e-07,7.816173929230875e-05
Bacillus,Unclassified Muribaculaceae,0.7182582123758594,1.7275586928970363e-06,0.00011701464025067903
Bacillus,Unclassified Vicinamibacteraceae,0.602750190985485,0.00016163944843784248,0.0027391049266733743
Bacillus,Veillonella,-0.736287242169595,6.930211486462544e-07,6.222851969223609e-05
Bacteroides,Haemophilus,-0.7335370511841101,8.003656628604627e-07,6.896091792205075e-05
Bacteroides,Megasphaera,-0.7124522536287241,2.284638345863038e-06,0.00013658873539195449
Bacteroides,Oribacterium,-0.6201680672268907,9.148111060248103e-05,0.001875722929203627
Bacteroides,Prevotella,-0.6537815126050419,2.754458918779121e-05,0.0008192068428998411
Bacteroides,Rothia,-0.7228418640183345,1.378741505234217e-06,9.942211051282803e-05
Bacteroides,Streptococcus,-0.6464476699770817,3.62349656606778e-05,0.0009885944763953958
Bacteroides,Unclassified Muribaculaceae,0.7262032085561497,1.1652668130227825e-06,8.866621113636991e-05
Bacteroides,Unclassified Vicinamibacterales,0.7240641711229946,1.2972937304047566e-06,9.560810020681093e-05
Bacteroides,Veillonella,-0.7347593582887699,7.509065913250922e-07,6.566510027721962e-05
Bdellovibrio,Unclassified Roseiflexaceae,0.6058059587471352,0.00014662843404692936,0.0025682989389565294
Bdellovibrio,Unclassified Subgroup_17,0.6507257448433919,3.090588633927632e-05,0.0008931077093061405
Bergeyella,Capnocytophaga,0.6323911382734911,6.0097197303224476e-05,0.0014098477637621311
Bergeyella,Fusobacterium,0.6189457601222307,9.531476815699562e-05,0.001915777792905102
Bergeyella,Gemella,0.6812834224598929,9.19710866679962e-06,0.00037226846064786857
Bergeyella,Haemophilus,0.7197860962566844,1.6032240034257506e-06,0.00011149304968630829
Bergeyella,Johnsonella,0.6238349885408709,8.079690498501025e-05,0.0017308558183077697
Bergeyella,Kingella,0.6354469060351413,5.395237504523555e-05,0.0013157417914257444
Bergeyella,Neisseria,0.6253628724216959,7.668660808532792e-05,0.0016594897018354063
Bergeyella,Rothia,0.6650878533231473,1.778635209061305e-05,0.0006041173153559528
Bergeyella,Streptococcus,0.7136745607333842,2.1552962835728455e-06,0.00013327578813143327
Bergeyella,Unclassified Vicinamibacterales,-0.6223071046600457,8.510418590029463e-05,0.0017887907630128297
Bifidobacterium,Christensenellaceae_R_7_group,0.7417876241405653,5.168214903303632e-07,5.046761853075996e-05
Bifidobacterium,Dubosiella,0.6812834224598929,9.19710866679962e-06,0.00037226846064786857
Bifidobacterium,Lachnoclostridium,0.6210847975553857,8.8697385472892e-05,0.001839568076055484
Bifidobacterium,Luteimonas,0.7420932009167303,5.08358064799924e-07,5.026953420527857e-05
Bifidobacterium,Luteolibacter,0.7139801375095494,2.12402297307065e-06,0.0001323898999917121
Bifidobacterium,Unclassified Clostridia,0.7265087853323147,1.1474434086507984e-06,8.759440952814368e-05
Bifidobacterium,Unclassified Longimicrobiaceae,0.6186401833460657,9.629544857816065e-05,0.0019255803181550963
Bifidobacterium,Unclassified Microscillaceae,0.6171122994652405,0.00010133609799093051,0.002002455980198522
Blautia,Enterococcus,0.7420932009167303,5.08358064799924e-07,5.026953420527857e-05
Blautia,Lactobacillus,0.6042780748663101,0.00015397023973646505,0.002655221882607649
Blautia,Limosilactobacillus,0.7029793735676089,3.5539198238428948e-06,0.00018843815608955223
Blautia,MND1,0.7170359052711993,1.8333000197166374e-06,0.00012001457894435507
Blautia,Parabacteroides,0.7637891520244462,1.479897491635503e-07,2.1277839026975243e-05
Blautia,Staphylococcus,0.6504201680672268,3.126161046714085e-05,0.0009011649482262153
Bradyrhizobium,F0058,-0.6116119174942705,0.00012150334754618345,0.002247476284997913
Bradyrhizobium,Faecalibacterium,0.7769289533995416,6.566971904074856e-08,1.1571695755180326e-05
Bradyrhizobium,Filifactor,-0.6320855614973262,6.074507758872192e-05,0.001417949839013234
Bradyrhizobium,Flavobacterium,0.6378915202444613,4.945065625466634e-05,0.001244818023613706
Bradyrhizobium,Fretibacterium,-0.7313980137509549,8.941506599143968e-07,7.430962718352413e-05
Bradyrhizobium,Haliangium,0.7512605042016806,3.064277228680116e-07,3.608763875947095e-05
Bradyrhizobium,Lentimicrobium,-0.7711229946524063,9.465224138078688e-08,1.5621619218310713e-05
Bradyrhizobium,Nitrospira,0.7439266615737204,4.6018837975699085e-07,4.6688202891709256e-05
Bradyrhizobium,Parvimonas,-0.6724216959511078,1.3260198181724019e-05,0.0004855718821670064
Bradyrhizobium,Peptococcus,-0.6974789915966386,4.558080177795298e-06,0.00022584179079663977
Bradyrhizobium,Treponema,-0.653475935828877,2.7865173992303406e-05,0.0008266433135235729
Bradyrhizobium,Unclassified Candidatus_Saccharibacteria_bacterium_UB2523,-0.6406417112299465,4.4793166657294325e-05,0.001161252935597732
Bradyrhizobium,Unclassified JG30_KF_CM45,0.7057295645530939,3.131571644540857e-06,0.00017147549780714843
Bradyrhizobium,Unclassified Microscillaceae,0.6705882352941176,1.428117191416615e-05,0.0005125475420833046
Bradyrhizobium,Unclassified Microtrichales,0.7038961038961039,3.4076952456146474e-06,0.00018359251902580432
Bradyrhizobium,Unclassified Roseiflexaceae,0.6388082505729564,4.785180793281204e-05,0.00121764926244667
Bradyrhizobium,Unclassified Subgroup_7,0.6424751718869365,4.191197267618205e-05,0.0011011759995952942
Brevundimonas,Campylobacter,-0.6877005347593582,7.001029128273873e-06,0.0003038446641670861
Brevundimonas,Christensenellaceae_R_7_group,0.6128342245989304,0.00011673431846319657,0.0021938937349667
Brevundimonas,Dubosiella,0.6519480519480519,2.9519271698961604e-05,0.0008604647407174927
Brevundimonas,Filifactor,-0.6204736440030557,9.054460399842999e-05,0.0018630406842029897
Brevundimonas,Flavobacterium,0.7145912910618792,2.0627156854085077e-06,0.000129951088180736
Brevundimonas,Gemella,-0.6711993888464477,1.3933191676703328e-05,0.0005015949003613197
Brevundimonas,Microvirga,0.6192513368983957,9.434306629372714e-05,0.001902774614165051
Brevundimonas,Nitrospira,0.6736440030557678,1.261682231323152e-05,0.00046712140242163337
Brevundimonas,Tannerella,-0.6064171122994653,0.00014378061520000727,0.0025373813989663934
Brevundimonas,Treponema,-0.6684491978609626,1.5562060549530357e-05,0.0005443469418489454
Brevundimonas,Unclassified JG30_KF_CM45,0.760427807486631,1.8067580824023682e-07,2.4196104239532516e-05
Brevundimonas,[Eubacterium]_brachy_group,-0.6088617265087853,0.00013287820836423844,0.0023863093419343234
Brevundimonas,[Eubacterium]_nodatum_group,-0.6064171122994653,0.00014378061520000727,0.0025373813989663934
Burkholderia_Caballeronia_Paraburkholderia,Flavobacterium,0.6189457601222307,9.531476815699562e-05,0.001915777792905102
Burkholderia_Caballeronia_Paraburkholderia,Prevotella_7,-0.6904507257448433,6.215371208718187e-06,0.00027851518097040046
Burkholderia_Caballeronia_Paraburkholderia,Unclassified Sandaracinaceae,0.7106187929717341,2.49197235435551e-06,0.00014637058670846046
Campylobacter,Capnocytophaga,0.6681436210847975,1.5753308070742107e-05,0.0005485802792658426
Campylobacter,Cardiobacterium,0.6311688311688312,6.272662765966641e-05,0.001449764542240574
Campylobacter,Catonella,0.8588235294117645,8.159020847497929e-11,7.082030095628201e-08
Campylobacter,Christensenellaceae_R_7_group,-0.6482811306340718,3.385707415796709e-05,0.0009434891676172613
Campylobacter,Corynebacterium,0.6632543926661574,1.9117429926826253e-05,0.0006409672214092991
Campylobacter,Defluviitaleaceae_UCG_011,0.758594346829641,2.0118085671623977e-07,2.6049030707192235e-05
Campylobacter,Dialister,0.6932009167303286,5.510745476117996e-06,0.00025523682011522003
Campylobacter,Eikenella,0.655920550038197,2.5392251541618342e-05,0.0007768835602211063
Campylobacter,Enterococcus,-0.7133689839572193,2.1869893776666944e-06,0.00013382319335508263
Campylobacter,Escherichia_Shigella,-0.6244461420932009,7.912960146277449e-05,0.0016982429852395449
Campylobacter,F0058,0.7301757066462948,9.521542362066181e-07,7.721344871881764e-05
Campylobacter,Filifactor,0.8096256684491978,6.704348320594277e-09,2.0674093058085193e-06
Campylobacter,Fretibacterium,0.8080977845683728,7.529813910884207e-09,2.1786261582158308e-06
Campylobacter,Fusobacterium,0.8533231474407945,1.442816050056109e-10,1.0566824046598428e-07
Campylobacter,Granulicatella,0.706340718105424,3.0441669606407224e-06,0.0001682620209659811
Campylobacter,Johnsonella,0.8481283422459893,2.4210065135323204e-10,1.5334786121930665e-07
Campylobacter,Kingella,0.6919786096256685,5.814408715810321e-06,0.000266145473952599
Campylobacter,Lachnoanaerobaculum,0.8487394957983193,2.280267786506562e-10,1.484454329015772e-07
Campylobacter,Lachnospiraceae_NK4A136_group,-0.6501145912910617,3.162102992930319e-05,0.0009070629833820681
Campylobacter,Lentimicrobium,0.7170359052711993,1.8333000197166374e-06,0.00012001457894435507
Campylobacter,Leptotrichia,0.8288770053475936,1.4116336584900324e-09,5.60729600345295e-07
Campylobacter,Ligilactobacillus,-0.6195569136745607,9.338027059500622e-05,0.0018947705815277626
Campylobacter,Mycoplasma,0.6663101604278074,1.6946221273431632e-05,0.0005806310552107364
Campylobacter,Nitrospira,-0.7005347593582887,3.972247055694802e-06,0.00020415259209926177
Campylobacter,Nocardioides,-0.655003819709702,2.629532431210177e-05,0.0007951706071979575
Campylobacter,Oribacterium,0.6852559205500381,7.774077449940413e-06,0.00033006028825507884
Campylobacter,Parvimonas,0.7167303284950344,1.8606428508620771e-06,0.00012079231538172753
Campylobacter,Peptococcus,0.6611153552330022,2.078394642694976e-05,0.0006812483474992932
Campylobacter,Peptostreptococcus,0.7225362872421696,1.3998207154880007e-06,0.00010063251008643186
Campylobacter,Phocaeicola,0.7289533995416348,1.0135816737688887e-06,8.052305120829721e-05
Campylobacter,Porphyromonas,0.7970970206264323,1.6871722360474397e-08,4.118809221250812e-06
Campylobacter,Prevotella,0.9080213903743315,1.2402742405619955e-13,3.633383387726366e-10
Campylobacter,Prevotella_7,0.8844919786096257,3.987432143466184e-12,7.188419978021038e-09
Campylobacter,RB41,-0.6806722689075629,9.435903151170696e-06,0.00037996533720074986
Campylobacter,Rothia,0.6381970970206264,4.891243554563035e-05,0.0012352498269907251
Campylobacter,Selenomonas,0.8939648586707409,1.0880373828589812e-12,2.3181131004257347e-09
Campylobacter,Streptococcus,0.6690603514132926,1.5185865406147262e-05,0.0005359878639434747
Campylobacter,TM7a,0.6907563025210083,6.133222156107735e-06,0.0002758890488494067
Campylobacter,Tannerella,0.8725744843391902,1.7554074133023098e-11,2.1652488493764702e-08
Campylobacter,Treponema,0.8725744843391902,1.7554074133023098e-11,2.1652488493764702e-08
Campylobacter,Unclassified 67_14,-0.6482811306340718,3.385707415796709e-05,0.0009434891676172613
Campylobacter,Unclassified Anaerolineaceae,-0.6122230710466005,0.00011909742721233655,0.002227587632999457
Campylobacter,Unclassified Bacteria,-0.7692895339954163,1.0600244952786097e-07,1.6988976844692453e-05
Campylobacter,Unclassified Candidatus_Saccharibacteria_bacterium_UB2523,0.7558441558441558,2.359697806105838e-07,2.9573196675880436e-05
Campylobacter,Unclassified Chloroflexi,-0.6730328495034378,1.2934882108039054e-05,0.0004758899483265357
Campylobacter,Unclassified Clostridia,-0.6275019098548509,7.124798060989833e-05,0.001578230315286935
Campylobacter,Unclassified Clostridiales_bacterium_feline_oral_taxon_148,0.6479755538579068,3.4243329439276955e-05,0.0009474931153942087
Campylobacter,Unclassified Clostridiales_bacterium_oral_taxon_075,0.6883116883116883,6.819023908004059e-06,0.00029704580726390916
Campylobacter,Unclassified JG30_KF_CM45,-0.6522536287242169,2.9181522958848972e-05,0.0008538054582566598
Campylobacter,Unclassified Microscillaceae,-0.6663101604278074,1.6946221273431632e-05,0.0005806310552107364
Campylobacter,Unclassified Saccharimonadaceae,0.7286478227654698,1.0294946183929894e-06,8.123648443319226e-05
Campylobacter,Unclassified Subgroup_7,-0.7301757066462948,9.521542362066181e-07,7.721344871881764e-05
Campylobacter,Unclassified Vicinamibacteraceae,-0.6116119174942705,0.00012150334754618345,0.002247476284997913
Campylobacter,Veillonella,0.7903743315508021,2.6975713404380587e-08,5.695520895000572e-06
Campylobacter,[Eubacterium]_brachy_group,0.6632543926661574,1.9117429926826253e-05,0.0006409672214092991
Campylobacter,[Eubacterium]_nodatum_group,0.6977845683728037,4.496144606950003e-06,0.000223245010611187
Campylobacter,[Eubacterium]_saphenum_group,0.6721161191749426,1.3425623307797326e-05,0.0004885759438533201
Campylobacter,[Eubacterium]_yurii_group,0.6091673032849503,0.00013156886598695964,0.0023755377066798046
Candidatus_Koribacter,Unclassified Gaiellales,0.8080977845683728,7.529813910884207e-09,2.1786261582158308e-06
Candidatus_Saccharimonas,Catonella,0.6088617265087853,0.00013287820836423844,0.0023863093419343234
Candidatus_Saccharimonas,Granulicatella,0.6498090145148968,3.198417876828345e-05,0.0009130100044013288
Candidatus_Saccharimonas,Porphyromonas,0.6195569136745607,9.338027059500622e-05,0.0018947705815277626
Candidatus_Saccharimonas,Prevotella,0.6235294117647058,8.164234203629389e-05,0.0017410099435510313
Candidatus_Saccharimonas,RB41,-0.6372803666921313,5.0543143215721414e-05,0.001264171936396635
Candidatus_Saccharimonas,Unclassified Clostridiales_bacterium_feline_oral_taxon_148,0.6314744079449961,6.205973882873681e-05,0.001441458909009193
Candidatus_Saccharimonas,Veillonella,0.6137509549274255,0.00011326846347089258,0.0021564254345278946
Candidatus_Saccharimonas,[Eubacterium]_yurii_group,0.6070282658517953,0.00014098243806289892,0.002501184268313474
Candidatus_Solibacter,Unclassified Bacilli,-0.6058059587471352,0.00014662843404692936,0.0025682989389565294
Candidatus_Solibacter,Unclassified Chloroflexi,0.6983957219251338,4.3745669939897085e-06,0.00021953394447782185
Candidatus_Udaeobacter,Methylobacterium_Methylorubrum,0.6134453781512605,0.00011441335111294783,0.0021729264965016574
Candidatus_Udaeobacter,Rhodococcus,0.6119174942704354,0.00012029499369353529,0.0022374868826997565
Capnocytophaga,Cardiobacterium,0.8328495034377386,9.992591974603585e-10,4.5035843368617234e-07
Capnocytophaga,Corynebacterium,0.7448433919022154,4.3770671550485373e-07,4.518984398489759e-05
Capnocytophaga,Eikenella,0.7014514896867837,3.810385526597254e-06,0.000198444878225185
Capnocytophaga,F0058,0.6932009167303286,5.510745476117996e-06,0.00025523682011522003
Capnocytophaga,F0332,0.6253628724216959,7.668660808532792e-05,0.0016594897018354063
Capnocytophaga,Fusobacterium,0.6803666921313979,9.55739977326668e-06,0.0003841976347963601
Capnocytophaga,Granulicatella,0.6030557677616502,0.00016007881040489436,0.002722501451849858
Capnocytophaga,Haemophilus,0.6702826585179525,1.445810045909662e-05,0.0005141730536561281
Capnocytophaga,Johnsonella,0.7054239877769289,3.176126576721076e-06,0.00017350979592548984
Capnocytophaga,Kingella,0.602750190985485,0.00016163944843784248,0.0027391049266733743
Capnocytophaga,Lachnoanaerobaculum,0.7411764705882352,5.341369334675068e-07,5.1942046359935644e-05
Capnocytophaga,Lautropia,0.7922077922077921,2.3775150481056118e-08,5.173606366940689e-06
Capnocytophaga,Leptotrichia,0.7928189457601221,2.278867547241265e-08,5.086432365442503e-06
Capnocytophaga,Neisseria,0.7671504965622612,1.2081953568064704e-07,1.8386536611763925e-05
Capnocytophaga,Prevotella,0.7216195569136745,1.464838191413326e-06,0.0001040301450120082
Capnocytophaga,Pseudopropionibacterium,0.7326203208556149,8.393974465679609e-07,7.179605313053551e-05
Capnocytophaga,Rothia,0.6864782276546981,7.37835435820987e-06,0.00031612269239306493
Capnocytophaga,Selenomonas,0.7301757066462948,9.521542362066181e-07,7.721344871881764e-05
Capnocytophaga,Streptococcus,0.6467532467532467,3.582846814609556e-05,0.0009797852735961442
Capnocytophaga,TM7x,0.6213903743315508,8.778653416877601e-05,0.001825523704329578
Capnocytophaga,Tannerella,0.655920550038197,2.5392251541618342e-05,0.0007768835602211063
Capnocytophaga,Unclassified Bacteria,-0.6577540106951871,2.3669753885712358e-05,0.000746600743022281
Capnocytophaga,Unclassified Candidatus_Saccharibacteria_bacterium_UB2523,0.6290297937356761,6.757840572302165e-05,0.001528733124058625
Capnocytophaga,Unclassified Clostridiales_bacterium_oral_taxon_075,0.6036669213139801,0.00015699793239884894,0.0026955337316479297
Cardiobacterium,Eikenella,0.7176470588235293,1.7797122027163223e-06,0.00011883001476598212
Cardiobacterium,F0332,0.7735676088617265,8.125448489874391e-08,1.389985480355447e-05
Cardiobacterium,Fusobacterium,0.6788388082505729,1.018646779715923e-05,0.00040394257071780663
Cardiobacterium,Haemophilus,0.7402597402597402,5.611085663525465e-07,5.389401787310771e-05
Cardiobacterium,Johnsonella,0.6770053475935829,1.0990850010474465e-05,0.00042645953782364165
Cardiobacterium,Kingella,0.7130634071810542,2.219107326662399e-06,0.00013438501113090435
Cardiobacterium,Lautropia,0.7038961038961039,3.4076952456146474e-06,0.00018359251902580432
Cardiobacterium,Neisseria,0.7365928189457601,6.819463675349453e-07,6.146959642134222e-05
Cardiobacterium,Prevotella,0.628113063407181,6.975917190928641e-05,0.0015525887491605285
Cardiobacterium,Pseudopropionibacterium,0.8273491214667685,1.6084876622878616e-09,6.282752808896388e-07
Cardiobacterium,Rothia,0.7176470588235293,1.7797122027163223e-06,0.00011883001476598212
Cardiobacterium,Selenomonas,0.6330022918258212,5.882007064739522e-05,0.0013980802998908258
Cardiobacterium,Unclassified Bacteria,-0.6580595874713522,2.3393178726415318e-05,0.00074086829274631
Cardiobacterium,Unclassified Clostridiales_bacterium_oral_taxon_075,0.602139037433155,0.00016480163736040283,0.0027726426225257723
Cardiobacterium,Unclassified Vicinamibacteraceae,-0.6158899923605805,0.00010553780218932113,0.0020577237371954492
Catonella,Christensenellaceae_R_7_group,-0.6042780748663101,0.00015397023973646505,0.002655221882607649
Catonella,Defluviitaleaceae_UCG_011,0.6611153552330022,2.078394642694976e-05,0.0006812483474992932
Catonella,Dialister,0.6235294117647058,8.164234203629389e-05,0.0017410099435510313
Catonella,Enterococcus,-0.6715049656226126,1.3762101130187943e-05,0.000497729324208464
Catonella,F0058,0.6983957219251338,4.3745669939897085e-06,0.00021953394447782185
Catonella,Filifactor,0.7714285714285714,9.287304839845567e-08,1.5436686257207144e-05
Catonella,Flavobacterium,-0.6125286478227654,0.00011791056348645911,0.002210681572694925
Catonella,Fretibacterium,0.7827349121466768,4.506454458374378e-08,8.517198926327576e-06
Catonella,Fusobacterium,0.7317035905271199,8.801642370298884e-07,7.366974663940166e-05
Catonella,Granulicatella,0.6779220779220779,1.058172200363986e-05,0.0004167953560963088
Catonella,Johnsonella,0.73292589763178,8.261974341833885e-07,7.092587204220474e-05
Catonella,Kingella,0.6229182582123758,8.33571127931356e-05,0.0017679251542261772
Catonella,Lachnoanaerobaculum,0.709702062643239,2.6019507981184756e-06,0.00015131344641365903
Catonella,Lentimicrobium,0.6886172650878534,6.729644412264117e-06,0.00029479616158097543
Catonella,Leptotrichia,0.681894576012223,8.963816230726614e-06,0.00036662477693422146
Catonella,Mycoplasma,0.7252864782276546,1.2202669971498956e-06,9.107699791466546e-05
Catonella,Nitrospira,-0.6223071046600457,8.510418590029463e-05,0.0017887907630128297
Catonella,Nocardioides,-0.6186401833460657,9.629544857816065e-05,0.0019255803181550963
Catonella,Oribacterium,0.6861726508785332,7.4755296083612135e-06,0.00031970166405392955
Catonella,Parvimonas,0.6999236058059586,4.08360869339664e-06,0.0002080509855183558
Catonella,Peptostreptococcus,0.703590527119939,3.4558157894522877e-06,0.00018490981470685802
Catonella,Phocaeicola,0.7268143621084797,1.1298696367821192e-06,8.65347215935482e-05
Catonella,Porphyromonas,0.8307104660045835,1.2048976156551451e-09,5.134178276453451e-07
Catonella,Prevotella,0.817265087853323,3.6923260587077863e-09,1.2725493163511128e-06
Catonella,Prevotella_7,0.8001527883880823,1.3551904957171489e-08,3.452200484524685e-06
Catonella,Pseudarthrobacter,-0.6397249809014514,4.6299716176379084e-05,0.0011937075338939716
Catonella,RB41,-0.6598930481283422,2.179424208747619e-05,0.0007074374758477729
Catonella,Selenomonas,0.7607333842627959,1.7745120436941663e-07,2.4038996679778313e-05
Catonella,Tannerella,0.7368983957219251,6.710338706913631e-07,6.071949727228875e-05
Catonella,Treponema,0.8346829640947288,8.493878236299539e-10,3.98125060691832e-07
Catonella,Unclassified 67_14,-0.6177234530175706,9.929209264259939e-05,0.001975390053626451
Catonella,Unclassified Actinobacteriota,-0.6336134453781512,5.756743806572434e-05,0.001379499466777419
Catonella,Unclassified Bacteria,-0.6180290297937356,9.828403717150137e-05,0.0019603274001287713
Catonella,Unclassified Candidatus_Saccharibacteria_bacterium_UB2523,0.6360580595874713,5.2793619125566096e-05,0.0013010213016054332
Catonella,Unclassified JG30_KF_CM45,-0.6174178762414056,0.00010030942127499475,0.001988876139594566
Catonella,Unclassified Microscillaceae,-0.6611153552330022,2.078394642694976e-05,0.0006812483474992932
Catonella,Unclassified Saccharimonadaceae,0.6103896103896104,0.00012644634888179517,0.002320592507747652
Catonella,Unclassified Subgroup_7,-0.6488922841864018,3.309634604369879e-05,0.0009322667859136117
Catonella,Unclassified Vicinamibacteraceae,-0.6345301757066463,5.573350724039535e-05,0.0013521433495713305
Catonella,Veillonella,0.7176470588235293,1.7797122027163223e-06,0.00011883001476598212
Catonella,[Eubacterium]_brachy_group,0.6076394194041252,0.0001382331428649511,0.00246359843055741
Catonella,[Eubacterium]_nodatum_group,0.7213139801375095,1.4871164400759753e-06,0.00010466084351237403
Catonella,[Eubacterium]_saphenum_group,0.6754774637127577,1.1704744179075832e-05,0.00044676284133684233
Catonella,[Eubacterium]_yurii_group,0.7530939648586708,2.762051204145522e-07,3.371428751060128e-05
Christensenellaceae_R_7_group,Dubosiella,0.8438502673796792,3.6555215166772325e-10,1.9037956058855026e-07
Christensenellaceae_R_7_group,Enterococcus,0.8087089381207028,7.188973401768129e-09,2.1326681094156693e-06
Christensenellaceae_R_7_group,Escherichia_Shigella,0.60061115355233,0.00017295065029278517,0.0028624798306933
Christensenellaceae_R_7_group,F0058,-0.656531703590527,2.4805887025904006e-05,0.000771022239176507
Christensenellaceae_R_7_group,Flavobacterium,0.6201680672268907,9.148111060248103e-05,0.001875722929203627
Christensenellaceae_R_7_group,Fretibacterium,-0.6369747899159663,5.109750321061079e-05,0.0012726047664653288
Christensenellaceae_R_7_group,Fusobacterium,-0.6088617265087853,0.00013287820836423844,0.0023863093419343234
Christensenellaceae_R_7_group,Lachnoanaerobaculum,-0.6455309396485867,3.747956644660462e-05,0.0010084628234702938
Christensenellaceae_R_7_group,Lachnoclostridium,0.8035141329258976,1.0603014081782353e-08,2.8562326209270255e-06
Christensenellaceae_R_7_group,Lachnospiraceae_NK4A136_group,0.8062643239113826,8.6439383453827e-09,2.47047974466328e-06
Christensenellaceae_R_7_group,Lentimicrobium,-0.6106951871657753,0.00012519398800849368,0.0023048282034305247
Christensenellaceae_R_7_group,Leptotrichia,-0.6586707410236822,2.284878257545529e-05,0.0007305376104206959
Christensenellaceae_R_7_group,Luteimonas,0.9208556149732621,1.2307107132704155e-14,9.614312092068487e-11
Christensenellaceae_R_7_group,Luteolibacter,0.6543926661573719,2.6913403366386697e-05,0.0008055460042077122
Christensenellaceae_R_7_group,Lysobacter,0.6388082505729564,4.785180793281204e-05,0.00121764926244667
Christensenellaceae_R_7_group,Muribaculum,0.6308632543926661,6.339996120695719e-05,0.001459569244446217
Christensenellaceae_R_7_group,Nitrospira,0.7699006875477462,1.0208704397409826e-07,1.6614666406784492e-05
Christensenellaceae_R_7_group,Porphyromonas,-0.6491978609625667,3.272180210245451e-05,0.0009250520555767478
Christensenellaceae_R_7_group,RB41,0.6119174942704354,0.00012029499369353529,0.0022374868826997565
Christensenellaceae_R_7_group,Tannerella,-0.7280366692131397,1.0620081404162689e-06,8.296407592931892e-05
Christensenellaceae_R_7_group,Treponema,-0.627807486631016,7.050004058136878e-05,0.0015646202188115141
Christensenellaceae_R_7_group,Unclassified Bacteroidales,0.628724216959511,6.829841288980174e-05,0.0015376000043087353
Christensenellaceae_R_7_group,Unclassified Clostridia,0.9902215431627196,5.980466869426716e-29,1.4015822155188451e-24
Christensenellaceae_R_7_group,Unclassified JG30_KF_CM45,0.6739495798319326,1.2460468138229143e-05,0.0004627948197900763
Christensenellaceae_R_7_group,Unclassified Longimicrobiaceae,0.7659281894576011,1.3011850376721587e-07,1.9300362368914374e-05
Christensenellaceae_R_7_group,Unclassified Microscillaceae,0.7313980137509549,8.941506599143968e-07,7.430962718352413e-05
Christensenellaceae_R_7_group,Unclassified Muribaculaceae,0.6128342245989304,0.00011673431846319657,0.0021938937349667
Christensenellaceae_R_7_group,Unclassified Oscillospiraceae,0.7133689839572193,2.1869893776666944e-06,0.00013382319335508263
Christensenellaceae_R_7_group,Unclassified Sandaracinaceae,0.6058059587471352,0.00014662843404692936,0.0025682989389565294
Christensenellaceae_R_7_group,Unclassified Subgroup_7,0.6626432391138273,1.9580771948665332e-05,0.0006546290604692164
Christensenellaceae_R_7_group,Unclassified Woesearchaeales,0.6589763177998471,2.258090661444051e-05,0.0007239481907196002
Christensenellaceae_R_7_group,[Eubacterium]_brachy_group,-0.7454545454545454,4.2328317086052346e-07,4.468497474003256e-05
Christensenellaceae_R_7_group,[Eubacterium]_yurii_group,-0.6247517188693659,7.830760593303417e-05,0.0016852314533026527
Collinsella,Unclassified Oscillospiraceae,0.7005347593582887,3.972247055694802e-06,0.00020415259209926177
Collinsella,Unclassified Woesearchaeales,0.6058059587471352,0.00014662843404692936,0.0025682989389565294
Comamonas,Luteolibacter,-0.6213903743315508,8.778653416877601e-05,0.001825523704329578
Corynebacterium,F0058,0.6421695951107715,4.238024366701087e-05,0.0011109881326398956
Corynebacterium,Fusobacterium,0.6003055767761649,0.0001746230517591202,0.002871905853352099
Corynebacterium,Johnsonella,0.7145912910618792,2.0627156854085077e-06,0.000129951088180736
Corynebacterium,Lachnoanaerobaculum,0.7289533995416348,1.0135816737688887e-06,8.052305120829721e-05
Corynebacterium,Lautropia,0.6067226890756302,0.00014237536913549396,0.0025182710574033484
Corynebacterium,Leptotrichia,0.8025974025974025,1.1342133664764357e-08,2.953491606304639e-06
Corynebacterium,Prevotella,0.6580595874713522,2.3393178726415318e-05,0.00074086829274631
Corynebacterium,Rothia,0.6042780748663101,0.00015397023973646505,0.002655221882607649
Corynebacterium,Selenomonas,0.7280366692131397,1.0620081404162689e-06,8.296407592931892e-05
Corynebacterium,Streptococcus,0.6433919022154316,4.053503371640379e-05,0.0010722111175819856
Corynebacterium,TM7a,0.6262796027501909,7.431165003586769e-05,0.001626113753726046
Corynebacterium,TM7x,0.7375095492742552,6.49687132464262e-07,5.924539936355036e-05
Corynebacterium,Tannerella,0.7368983957219251,6.710338706913631e-07,6.071949727228875e-05
Corynebacterium,Unclassified Candidatus_Saccharibacteria_bacterium_UB2523,0.6938120702826586,5.364391366484856e-06,0.0002514397521298782
Corynebacterium,Unclassified Clostridiales_bacterium_oral_taxon_075,0.6699770817417875,1.4637014140623094e-05,0.0005189607615728334
Corynebacterium,Unclassified Saccharimonadaceae,0.7292589763177998,9.97894034372495e-07,8.00912485943623e-05
Defluviitaleaceae_UCG_011,Filifactor,0.7717341482047364,9.1124660812346e-08,1.5364011156821158e-05
Defluviitaleaceae_UCG_011,Fretibacterium,0.6947288006111534,5.151484877341789e-06,0.00024291790661042686
Defluviitaleaceae_UCG_011,Fusobacterium,0.6030557677616502,0.00016007881040489436,0.002722501451849858
Defluviitaleaceae_UCG_011,Lentimicrobium,0.625974025974026,7.509584742014278e-05,0.0016341191087636642
Defluviitaleaceae_UCG_011,Nocardioides,-0.6174178762414056,0.00010030942127499475,0.001988876139594566
Defluviitaleaceae_UCG_011,Parvimonas,0.6128342245989304,0.00011673431846319657,0.0021938937349667
Defluviitaleaceae_UCG_011,Phocaeicola,0.6339190221543162,5.6950176813835995e-05,0.0013675044506240373
Defluviitaleaceae_UCG_011,Porphyromonas,0.7252864782276546,1.2202669971498956e-06,9.107699791466546e-05
Defluviitaleaceae_UCG_011,Prevotella,0.6165011459129106,0.0001034177979359502,0.0020298990891347815
Defluviitaleaceae_UCG_011,Prevotella_7,0.6360580595874713,5.2793619125566096e-05,0.0013010213016054332
Defluviitaleaceae_UCG_011,Tannerella,0.6299465240641711,6.545918144120375e-05,0.001492316513867754
Defluviitaleaceae_UCG_011,Treponema,0.7931245225362872,2.2309719412161506e-08,5.0274094629174715e-06
Defluviitaleaceae_UCG_011,Unclassified Bacteria,-0.6763941940412529,1.1271523408286447e-05,0.00043518850510148465
Defluviitaleaceae_UCG_011,Unclassified Clostridiales_bacterium_feline_oral_taxon_148,0.6155844155844156,0.00010661236125054651,0.0020717805126598743
Defluviitaleaceae_UCG_011,[Eubacterium]_nodatum_group,0.6467532467532467,3.582846814609556e-05,0.0009797852735961442
Defluviitaleaceae_UCG_011,[Eubacterium]_yurii_group,0.6030557677616502,0.00016007881040489436,0.002722501451849858
Devosia,Gemmatimonas,0.6522536287242169,2.9181522958848972e-05,0.0008538054582566598
Devosia,Luteolibacter,0.7390374331550802,5.990124583891821e-07,5.59301034852943e-05
Devosia,Nitrospira,0.6941176470588234,5.2925489564627916e-06,0.0002485694936746733
Devosia,P3OB_42,0.6849503437738731,7.87597592688781e-06,0.0003325790483289058
Devosia,RB41,0.6522536287242169,2.9181522958848972e-05,0.0008538054582566598
Devosia,Unclassified Subgroup_7,0.7790679908326967,5.7238019657656466e-08,1.0398683943386333e-05
Dialister,Filifactor,0.6898395721925134,6.382679334785839e-06,0.00028492280550483987
Dialister,Fretibacterium,0.6571428571428571,2.423179749985736e-05,0.0007592197943939265
Dialister,Fusobacterium,0.6103896103896104,0.00012644634888179517,0.002320592507747652
Dialister,Granulicatella,0.6137509549274255,0.00011326846347089258,0.0021564254345278946
Dialister,Luteolibacter,-0.6944232238349884,5.221583332051863e-06,0.00024572896981921177
Dialister,Parvimonas,0.6993124522536286,4.197807393421533e-06,0.00021248339972403248
Dialister,Porphyromonas,0.628113063407181,6.975917190928641e-05,0.0015525887491605285
Dialister,Prevotella,0.7164247517188693,1.8883576241456264e-06,0.00012191611371756721
Dialister,Prevotella_7,0.7023682200152789,3.6545557662433652e-06,0.00019290128139117006
Dialister,Selenomonas,0.6085561497326203,0.00013419921592660214,0.002408187461298505
Dialister,Tannerella,0.6293353705118411,6.686523626905405e-05,0.0015155258000014997
Dialister,Treponema,0.6907563025210083,6.133222156107735e-06,0.0002758890488494067
Dialister,Unclassified Candidatus_Saccharibacteria_bacterium_UB2523,0.6391138273491214,4.732930937276354e-05,0.0012122510321968154
Dialister,Unclassified Cyanobacteriales,-0.677616501145913,1.0716535291668298e-05,0.0004199878279189602
Dialister,Unclassified Saccharimonadaceae,0.6100840336134453,0.0001277099287637544,0.002332821426739944
Dialister,Unclassified Subgroup_7,-0.681894576012223,8.963816230726614e-06,0.00036662477693422146
Dialister,[Eubacterium]_brachy_group,0.6152788388082505,0.00010769672882477876,0.002085934327882244
Dubosiella,Enterococcus,0.7390374331550802,5.990124583891821e-07,5.59301034852943e-05
Dubosiella,Flavobacterium,0.6271963330786859,7.200305146119161e-05,0.001593449966047674
Dubosiella,Granulicatella,-0.6647822765469823,1.800219568223642e-05,0.0006096812977007121
Dubosiella,Lachnoclostridium,0.8490450725744844,2.2127792974496594e-10,1.481677017572292e-07
Dubosiella,Lachnospiraceae_NK4A136_group,0.8197097020626432,3.0329429819454313e-09,1.0769704806798959e-06
Dubosiella,Luteimonas,0.813903743315508,4.81653417409795e-09,1.5898633085092895e-06
Dubosiella,Luteolibacter,0.7219251336898396,1.4428653368413096e-06,0.00010309448790918578
Dubosiella,Microvirga,0.6250572956455309,7.749329594054015e-05,0.001670775421952621
Dubosiella,Neisseria,-0.6754774637127577,1.1704744179075832e-05,0.00044676284133684233
Dubosiella,Nitrospira,0.7955691367456073,1.8799194663406866e-08,4.4956931237918705e-06
Dubosiella,Porphyromonas,-0.6522536287242169,2.9181522958848972e-05,0.0008538054582566598
Dubosiella,RB41,0.628418640183346,6.902531555194595e-05,0.0015465366111619553
Dubosiella,Tannerella,-0.6183346065699006,9.72851804508039e-05,0.0019420574864097448
Dubosiella,Treponema,-0.6119174942704354,0.00012029499369353529,0.0022374868826997565
Dubosiella,Unclassified Clostridia,0.8462948815889991,2.8930185625245155e-10,1.7384816161878087e-07
Dubosiella,Unclassified Cyanobacteriales,0.6543926661573719,2.6913403366386697e-05,0.0008055460042077122
Dubosiella,Unclassified JG30_KF_CM45,0.6003055767761649,0.0001746230517591202,0.002871905853352099
Dubosiella,Unclassified Longimicrobiaceae,0.6125286478227654,0.00011791056348645911,0.002210681572694925
Dubosiella,Unclassified Microscillaceae,0.7650114591291061,1.3751953521847517e-07,2.001806103962847e-05
Dubosiella,Unclassified Muribaculaceae,0.6513368983957218,3.0205389259665052e-05,0.0008761058201602848
Dubosiella,Unclassified Oscillospiraceae,0.6950343773873185,5.0822440693184834e-06,0.00024159730630537115
Dubosiella,Unclassified Subgroup_7,0.7106187929717341,2.49197235435551e-06,0.00014637058670846046
Dubosiella,[Eubacterium]_brachy_group,-0.626585179526356,7.353482563520818e-05,0.0016151473042050038
Dubosiella,[Eubacterium]_nodatum_group,-0.6036669213139801,0.00015699793239884894,0.0026955337316479297
Eikenella,Enterococcus,-0.6323911382734911,6.0097197303224476e-05,0.0014098477637621311
Eikenella,Escherichia_Shigella,-0.7417876241405653,5.168214903303632e-07,5.046761853075996e-05
Eikenella,F0058,0.6140565317035905,0.00011213386389540087,0.002143531186176684
Eikenella,F0332,0.7152024446142092,2.003028008597386e-06,0.00012721670571677057
Eikenella,Fusobacterium,0.6870893812070282,7.187440824179043e-06,0.0003107838803606274
Eikenella,Gemella,0.6308632543926661,6.339996120695719e-05,0.001459569244446217
Eikenella,Granulicatella,0.6146676852559205,0.00010989520436937768,0.0021197563865026628
Eikenella,Haemophilus,0.628418640183346,6.902531555194595e-05,0.0015465366111619553
Eikenella,Johnsonella,0.6580595874713522,2.3393178726415318e-05,0.00074086829274631
Eikenella,Kingella,0.626585179526356,7.353482563520818e-05,0.0016151473042050038
Eikenella,Lachnoanaerobaculum,0.602139037433155,0.00016480163736040283,0.0027726426225257723
Eikenella,Lautropia,0.6330022918258212,5.882007064739522e-05,0.0013980802998908258
Eikenella,Leptotrichia,0.628113063407181,6.975917190928641e-05,0.0015525887491605285
Eikenella,Ligilactobacillus,-0.6210847975553857,8.8697385472892e-05,0.001839568076055484
Eikenella,Parabacteroides,-0.6742551566080978,1.230587389233928e-05,0.0004607036110876412
Eikenella,Pseudopropionibacterium,0.709702062643239,2.6019507981184756e-06,0.00015131344641365903
Eikenella,RB41,-0.6033613445378151,0.00015853167249217819,0.0027139140076893266
Eikenella,Rothia,0.6458365164247517,3.706047695994876e-05,0.0010017870104190993
Eikenella,Selenomonas,0.6739495798319326,1.2460468138229143e-05,0.0004627948197900763
Eikenella,Streptococcus,0.6947288006111534,5.151484877341789e-06,0.00024291790661042686
Eikenella,Tannerella,0.6354469060351413,5.395237504523555e-05,0.0013157417914257444
Eikenella,Unclassified Bacteria,-0.760427807486631,1.8067580824023682e-07,2.4196104239532516e-05
Eikenella,Unclassified Candidatus_Saccharibacteria_bacterium_UB2523,0.6152788388082505,0.00010769672882477876,0.002085934327882244
Eikenella,Unclassified Chloroflexi,-0.602139037433155,0.00016480163736040283,0.0027726426225257723
Eikenella,Unclassified Clostridiales_bacterium_oral_taxon_075,0.8325439266615737,1.0264974580124843e-09,4.5390555520718075e-07
Eikenella,Unclassified Subgroup_7,-0.6614209320091673,2.0538089990838144e-05,0.000677930531021525
Ellin6067,Unclassified Actinobacteria,0.6033613445378151,0.00015853167249217819,0.0027139140076893266
Ellin6067,Unclassified SAR202_clade,0.6235294117647058,8.164234203629389e-05,0.0017410099435510313
Enterobacter,Unclassified A4b,0.6051948051948052,0.00014952666432833513,0.0026015641463985615
Enterobacter,Unclassified Ruminococcaceae,0.6485867074102367,3.347475825744664e-05,0.0009372932312085059
Enterococcus,Escherichia_Shigella,0.7802902979373566,5.287938425463158e-08,9.758120073949178e-06
Enterococcus,Filifactor,-0.6256684491978609,7.588747941459248e-05,0.001646758303296657
Enterococcus,Fusobacterium,-0.7081741787624141,2.7951287495976437e-06,0.00015746787830665955
Enterococcus,Helicobacter,0.6605042016806721,2.1283668716179923e-05,0.0006947131755325803
Enterococcus,Johnsonella,-0.6990068754774637,4.255990834699631e-06,0.00021496422672849259
Enterococcus,Lachnoanaerobaculum,-0.6220015278838809,8.599000263423512e-05,0.0018009487951170101
Enterococcus,Lachnoclostridium,0.7133689839572193,2.1869893776666944e-06,0.00013382319335508263
Enterococcus,Lachnospiraceae_NK4A136_group,0.6831168831168831,8.513284661853444e-06,0.00035312803422158815
Enterococcus,Limosilactobacillus,0.6983957219251338,4.3745669939897085e-06,0.00021953394447782185
Enterococcus,Luteimonas,0.762872421695951,1.5631772151049885e-07,2.1936898930060185e-05
Enterococcus,Lysobacter,0.7277310924369748,1.0786146607468005e-06,8.315267496467769e-05
Enterococcus,Methyloversatilis,-0.6131398013750954,0.0001155686086502894,0.0021913154630486915
Enterococcus,Nitrospira,0.6485867074102367,3.347475825744664e-05,0.0009372932312085059
Enterococcus,Parabacteroides,0.7634835752482811,1.5071931313174662e-07,2.1407623167003717e-05
Enterococcus,Porphyromonas,-0.6907563025210083,6.133222156107735e-06,0.0002758890488494067
Enterococcus,Prevotella,-0.6684491978609626,1.5562060549530357e-05,0.0005443469418489454
Enterococcus,RB41,0.7634835752482811,1.5071931313174662e-07,2.1407623167003717e-05
Enterococcus,Rothia,-0.6171122994652405,0.00010133609799093051,0.002002455980198522
Enterococcus,Selenomonas,-0.6479755538579068,3.4243329439276955e-05,0.0009474931153942087
Enterococcus,Staphylococcus,0.7252864782276546,1.2202669971498956e-06,9.107699791466546e-05
Enterococcus,Tannerella,-0.7155080213903742,1.973779407415948e-06,0.00012604221850735737
Enterococcus,Treponema,-0.6128342245989304,0.00011673431846319657,0.0021938937349667
Enterococcus,Unclassified Absconditabacteriales__SR1,-0.6433919022154316,4.053503371640379e-05,0.0010722111175819856
Enterococcus,Unclassified Clostridia,0.8029029793735676,1.1090636996165344e-08,2.9204513330576522e-06
Enterococcus,Unclassified Clostridiales_bacterium_oral_taxon_075,-0.6436974789915966,4.0085208567690686e-05,0.0010639150033889004
Enterococcus,Unclassified Longimicrobiaceae,0.60244461420932,0.00016321368954972206,0.002757805355650531
Enterococcus,Unclassified Microscillaceae,0.6140565317035905,0.00011213386389540087,0.002143531186176684
Enterococcus,Unclassified Muribaculaceae,0.6846447669977082,7.979086879142058e-06,0.00033512164892396645
Enterococcus,Unclassified Rokubacteriales,0.6754774637127577,1.1704744179075832e-05,0.00044676284133684233
Enterococcus,Unclassified Subgroup_7,0.758594346829641,2.0118085671623977e-07,2.6049030707192235e-05
Enterococcus,Unclassified Vicinamibacteraceae,0.6397249809014514,4.6299716176379084e-05,0.0011937075338939716
Enterococcus,Veillonella,-0.6330022918258212,5.882007064739522e-05,0.0013980802998908258
Enterococcus,[Eubacterium]_saphenum_group,-0.600916730328495,0.0001712925913158819,0.0028390475035919432
Enterococcus,[Eubacterium]_yurii_group,-0.7194805194805193,1.627416465600766e-06,0.0001118478952721981
Escherichia_Shigella,Gemella,-0.6183346065699006,9.72851804508039e-05,0.0019420574864097448
Escherichia_Shigella,Limosilactobacillus,0.6042780748663101,0.00015397023973646505,0.002655221882607649
Escherichia_Shigella,Lysobacter,0.600916730328495,0.0001712925913158819,0.0028390475035919432
Escherichia_Shigella,Parabacteroides,0.6959511077158135,4.8795736726179885e-06,0.00023530388599068966
Escherichia_Shigella,Prevotella,-0.6012223071046601,0.00016964876717136287,0.0028217803459390065
Escherichia_Shigella,RB41,0.6785332314744079,1.0316703964165551e-05,0.000407040865495259
Escherichia_Shigella,Rothia,-0.6055003819709701,0.00014807119925890546,0.002581991537077164
Escherichia_Shigella,Selenomonas,-0.6143621084797555,0.00011100947110636864,0.0021307272439384565
Escherichia_Shigella,Streptococcus,-0.7228418640183345,1.378741505234217e-06,9.942211051282803e-05
Escherichia_Shigella,Tannerella,-0.6250572956455309,7.749329594054015e-05,0.001670775421952621
Escherichia_Shigella,Unclassified Chloroflexi,0.6195569136745607,9.338027059500622e-05,0.0018947705815277626
Escherichia_Shigella,Unclassified Clostridiales_bacterium_oral_taxon_075,-0.7842627960275019,4.0735905890624235e-08,7.955722420438912e-06
Escherichia_Shigella,Unclassified Muribaculaceae,0.6171122994652405,0.00010133609799093051,0.002002455980198522
Escherichia_Shigella,Unclassified Subgroup_7,0.628418640183346,6.902531555194595e-05,0.0015465366111619553
F0058,Fretibacterium,0.7564553093964858,2.2779338465054086e-07,2.8701966465968146e-05
F0058,Fusobacterium,0.6910618792971733,6.052062019579958e-06,0.00027381491407505
F0058,Johnsonella,0.7543162719633308,2.576035494540955e-07,3.1942840132307845e-05
F0058,Lachnoanaerobaculum,0.8059587471352175,8.843785727045123e-09,2.497144124084693e-06
F0058,Lentimicrobium,0.6409472880061114,4.430089802954727e-05,0.0011535953846894108
F0058,Leptotrichia,0.8267379679144383,1.6941118327180799e-09,6.508722116652609e-07
F0058,Luteimonas,-0.6339190221543162,5.6950176813835995e-05,0.0013675044506240373
F0058,Nitrospira,-0.6889228418640182,6.64133157838247e-06,0.000292568133216112
F0058,Peptococcus,0.7427043544690604,4.918110271623861e-07,4.946816838016172e-05
F0058,Phocaeicola,0.6730328495034378,1.2934882108039054e-05,0.0004758899483265357
F0058,Prevotella,0.6980901451489686,4.434976395886314e-06,0.00022067538601696742
F0058,Prevotella_7,0.6311688311688312,6.272662765966641e-05,0.001449764542240574
F0058,Selenomonas,0.7937356760886173,2.137953097641585e-08,4.9608979006265535e-06
F0058,TM7x,0.7124522536287241,2.284638345863038e-06,0.00013658873539195449
F0058,Tannerella,0.7796791443850267,5.501898014553433e-08,1.0073631396021426e-05
F0058,Treponema,0.6589763177998471,2.258090661444051e-05,0.0007239481907196002
F0058,Unclassified Candidatus_Saccharibacteria_bacterium_UB2523,0.7090909090909091,2.6777106671027e-06,0.00015343478531593856
F0058,Unclassified Clostridia,-0.6470588235294117,3.542609274261464e-05,0.0009721849057563428
F0058,Unclassified Clostridiales_bacterium_oral_taxon_075,0.655920550038197,2.5392251541618342e-05,0.0007768835602211063
F0058,Unclassified JG30_KF_CM45,-0.6100840336134453,0.0001277099287637544,0.002332821426739944
F0058,Unclassified Microscillaceae,-0.7014514896867837,3.810385526597254e-06,0.000198444878225185
F0058,Unclassified Saccharimonadaceae,0.7472880061115355,3.8258635072735215e-07,4.209527566031091e-05
F0058,Unclassified Subgroup_7,-0.6198624904507257,9.242630916496647e-05,0.0018884943169922878
F0332,Haemophilus,0.6012223071046601,0.00016964876717136287,0.0028217803459390065
F0332,Kingella,0.7124522536287241,2.284638345863038e-06,0.00013658873539195449
F0332,Neisseria,0.6140565317035905,0.00011213386389540087,0.002143531186176684
F0332,Porphyromonas,0.6094728800611153,0.00013027109837796528,0.0023630289950355996
F0332,Pseudopropionibacterium,0.7469824293353705,3.8910968968276727e-07,4.241476598793178e-05
F0332,Unclassified Clostridiales_bacterium_oral_taxon_075,0.6562261268143621,2.5097520446130992e-05,0.000774947943577768
Faecalibacterium,Flavobacterium,0.6110007639419404,0.00012395275866546715,0.002283771110128843
Faecalibacterium,Fretibacterium,-0.655920550038197,2.5392251541618342e-05,0.0007768835602211063
Faecalibacterium,Haliangium,0.8502673796791443,1.9609193749588518e-10,1.3516501903392838e-07
Faecalibacterium,Nitrospira,0.6177234530175706,9.929209264259939e-05,0.001975390053626451
Faecalibacterium,Parvimonas,-0.6189457601222307,9.531476815699562e-05,0.001915777792905102
Faecalibacterium,Peptococcus,-0.7213139801375095,1.4871164400759753e-06,0.00010466084351237403
Faecalibacterium,Treponema,-0.6055003819709701,0.00014807119925890546,0.002581991537077164
Faecalibacterium,Unclassified Microtrichales,0.7689839572192514,1.0801150153008942e-07,1.6988976844692453e-05
Filifactor,Fretibacterium,0.8294881588999236,1.3393316271300135e-09,5.411823450589482e-07
Filifactor,Fusobacterium,0.7353705118411,7.272411437961238e-07,6.407377235340586e-05
Filifactor,Gemella,0.6116119174942705,0.00012150334754618345,0.002247476284997913
Filifactor,Granulicatella,0.602139037433155,0.00016480163736040283,0.0027726426225257723
Filifactor,Haliangium,-0.6326967150496561,5.9455545976605024e-05,0.001401811041758265
Filifactor,Johnsonella,0.6378915202444613,4.945065625466634e-05,0.001244818023613706
Filifactor,Lentimicrobium,0.6592818945760122,2.2315875792011506e-05,0.0007193877098508689
Filifactor,Mycoplasma,0.6342245989304813,5.633888355594127e-05,0.0013597920443017915
Filifactor,Nitrospira,-0.653170359052712,2.8189128214241044e-05,0.0008351964713387524
Filifactor,Nocardioides,-0.625974025974026,7.509584742014278e-05,0.0016341191087636642
Filifactor,Parvimonas,0.8521008403361343,1.632552687876562e-10,1.1594092361537913e-07
Filifactor,Peptococcus,0.7231474407944997,1.3579528013342076e-06,9.914324564507317e-05
Filifactor,Peptostreptococcus,0.6877005347593582,7.001029128273873e-06,0.0003038446641670861
Filifactor,Phocaeicola,0.7695951107715814,1.040278094814278e-07,1.6813763744874083e-05
Filifactor,Porphyromonas,0.7836516424751718,4.241919568737313e-08,8.148657951879317e-06
Filifactor,Prevotella,0.7307868601986248,9.227354971628856e-07,7.587799688248908e-05
Filifactor,Prevotella_7,0.6916730328495033,5.892665837161392e-06,0.00026815634283439686
Filifactor,RB41,-0.709396485867074,2.639582785265093e-06,0.0001519932731092696
Filifactor,Selenomonas,0.6342245989304813,5.633888355594127e-05,0.0013597920443017915
Filifactor,Tannerella,0.7552330022918258,2.44414802592655e-07,3.0468645284901393e-05
Filifactor,Treponema,0.8954927425515661,8.723773023550555e-13,2.044503445799308e-09
Filifactor,Unclassified Anaerolineaceae,-0.6736440030557678,1.261682231323152e-05,0.00046712140242163337
Filifactor,Unclassified Anaerovoracaceae,0.6119174942704354,0.00012029499369353529,0.0022374868826997565
Filifactor,Unclassified Bacteria,-0.6519480519480519,2.9519271698961604e-05,0.0008604647407174927
Filifactor,Unclassified Candidatus_Saccharibacteria_bacterium_UB2523,0.6516424751718869,2.9860549560914007e-05,0.0008682529026173458
Filifactor,Unclassified Clostridiales_bacterium_feline_oral_taxon_148,0.6213903743315508,8.778653416877601e-05,0.001825523704329578
Filifactor,Unclassified JG30_KF_CM45,-0.6058059587471352,0.00014662843404692936,0.0025682989389565294
Filifactor,Unclassified Microscillaceae,-0.6339190221543162,5.6950176813835995e-05,0.0013675044506240373
Filifactor,Unclassified Subgroup_7,-0.7442322383498854,4.52579543578663e-07,4.611588775351976e-05
Filifactor,Unclassified Vicinamibacteraceae,-0.6436974789915966,4.0085208567690686e-05,0.0010639150033889004
Filifactor,[Eubacterium]_brachy_group,0.7188693659281894,1.6768047711972196e-06,0.00011457025252996513
Filifactor,[Eubacterium]_nodatum_group,0.8294881588999236,1.3393316271300135e-09,5.411823450589482e-07
Filifactor,[Eubacterium]_saphenum_group,0.7488158899923606,3.514482154065138e-07,4.017824573788809e-05
Filifactor,[Eubacterium]_yurii_group,0.7121466768525592,2.318061831447048e-06,0.0001382343437195751
Flavobacterium,Lachnoclostridium,0.6067226890756302,0.00014237536913549396,0.0025182710574033484
Flavobacterium,Nitrospira,0.6033613445378151,0.00015853167249217819,0.0027139140076893266
Flavobacterium,Treponema,-0.6226126814362108,8.42265783099693e-05,0.0017751205838780941
Flavobacterium,Unclassified Chitinophagaceae,0.6207792207792208,8.961671893298501e-05,0.001848818155733659
Flavobacterium,Unclassified JG30_KF_CM45,0.6079449961802902,0.000136876591261584,0.002448732666264491
Flavobacterium,Unclassified Microscillaceae,0.6748663101604278,1.200189447319479e-05,0.00045513980400290144
Flavobacterium,Unclassified Roseiflexaceae,0.6623376623376623,1.9816235275386072e-05,0.0006606163441165689
Flavobacterium,Unclassified Sandaracinaceae,0.6076394194041252,0.0001382331428649511,0.00246359843055741
Flavobacterium,[Eubacterium]_brachy_group,-0.6091673032849503,0.00013156886598695964,0.0023755377066798046
Flavobacterium,[Eubacterium]_yurii_group,-0.6125286478227654,0.00011791056348645911,0.002210681572694925
Fretibacterium,Fusobacterium,0.6742551566080978,1.230587389233928e-05,0.0004607036110876412
Fretibacterium,Granulicatella,0.6152788388082505,0.00010769672882477876,0.002085934327882244
Fretibacterium,Haliangium,-0.7170359052711993,1.8333000197166374e-06,0.00012001457894435507
Fretibacterium,Johnsonella,0.6482811306340718,3.385707415796709e-05,0.0009434891676172613
Fretibacterium,Lachnoanaerobaculum,0.653475935828877,2.7865173992303406e-05,0.0008266433135235729
Fretibacterium,Lachnoclostridium,-0.655003819709702,2.629532431210177e-05,0.0007951706071979575
Fretibacterium,Lentimicrobium,0.8044308632543926,9.908577200366268e-09,2.7002025031137657e-06
Fretibacterium,Leptotrichia,0.6519480519480519,2.9519271698961604e-05,0.0008604647407174927
Fretibacterium,Mycoplasma,0.6443086325439266,3.9199047015047395e-05,0.001047512959914083
Fretibacterium,Nitrospira,-0.735676088617265,7.15666315955436e-07,6.329190860653433e-05
Fretibacterium,Parvimonas,0.7665393430099312,1.2538980634224715e-07,1.895893871894777e-05
Fretibacterium,Peptococcus,0.7744843391902215,7.669738847429622e-08,1.3216764678555927e-05
Fretibacterium,Phocaeicola,0.7283422459893049,1.0456357891127669e-06,8.223328977733827e-05
Fretibacterium,Porphyromonas,0.7222307104660045,1.4211940923230878e-06,0.00010185658944245837
Fretibacterium,Prevotella,0.6962566844919785,4.813670052416203e-06,0.00023308506476947546
Fretibacterium,Prevotella_7,0.7405653170359052,5.519824572674694e-07,5.323564143424038e-05
Fretibacterium,RB41,-0.6458365164247517,3.706047695994876e-05,0.0010017870104190993
Fretibacterium,Selenomonas,0.6993124522536286,4.197807393421533e-06,0.00021248339972403248
Fretibacterium,Tannerella,0.764705882352941,1.4007124482915742e-07,2.0263640085284776e-05
Fretibacterium,Treponema,0.9126050420168067,5.661707747026009e-14,1.8955397537043077e-10
Fretibacterium,Unclassified Candidatus_Saccharibacteria_bacterium_UB2523,0.6571428571428571,2.423179749985736e-05,0.0007592197943939265
Fretibacterium,Unclassified Clostridia,-0.6220015278838809,8.599000263423512e-05,0.0018009487951170101
Fretibacterium,Unclassified JG30_KF_CM45,-0.6873949579831933,7.0936782486096895e-06,0.0003072965682706408
Fretibacterium,Unclassified Microscillaceae,-0.7136745607333842,2.1552962835728455e-06,0.00013327578813143327
Fretibacterium,Unclassified Microtrichales,-0.6598930481283422,2.179424208747619e-05,0.0007074374758477729
Fretibacterium,Unclassified Saccharimonadaceae,0.6479755538579068,3.4243329439276955e-05,0.0009474931153942087
Fretibacterium,Unclassified Subgroup_7,-0.7268143621084797,1.1298696367821192e-06,8.65347215935482e-05
Fretibacterium,[Eubacterium]_brachy_group,0.7081741787624141,2.7951287495976437e-06,0.00015746787830665955
Fretibacterium,[Eubacterium]_nodatum_group,0.7989304812834225,1.4799873299386064e-08,3.689891815366083e-06
Fretibacterium,[Eubacterium]_saphenum_group,0.6922841864018334,5.737098357979247e-06,0.00026363654336784636
Fretibacterium,[Eubacterium]_yurii_group,0.6143621084797555,0.00011100947110636864,0.0021307272439384565
Fusobacterium,Gemella,0.6165011459129106,0.0001034177979359502,0.0020298990891347815
Fusobacterium,Granulicatella,0.6394194041252865,4.6811960444958905e-05,0.0012042646597014896
Fusobacterium,Haemophilus,0.6996180290297936,4.140349392142675e-06,0.00021048422636497986
Fusobacterium,Johnsonella,0.8618792971734147,5.882605292754935e-11,5.30248990926941e-08
Fusobacterium,Kingella,0.656531703590527,2.4805887025904006e-05,0.000771022239176507
Fusobacterium,Lachnoanaerobaculum,0.8096256684491978,6.704348320594277e-09,2.0674093058085193e-06
Fusobacterium,Lachnospiraceae_NK4A136_group,-0.655003819709702,2.629532431210177e-05,0.0007951706071979575
Fusobacterium,Lautropia,0.601527883880825,0.0001680190708834482,0.0028046260293621735
Fusobacterium,Leptotrichia,0.7812070282658518,4.9813276982588784e-08,9.265269518761515e-06
Fusobacterium,Ligilactobacillus,-0.6330022918258212,5.882007064739522e-05,0.0013980802998908258
Fusobacterium,Limosilactobacillus,-0.6455309396485867,3.747956644660462e-05,0.0010084628234702938
Fusobacterium,Nitrospira,-0.6660045836516425,1.715281261111968e-05,0.000586851556721461
Fusobacterium,Oribacterium,0.6195569136745607,9.338027059500622e-05,0.0018947705815277626
Fusobacterium,Parabacteroides,-0.6369747899159663,5.109750321061079e-05,0.0012726047664653288
Fusobacterium,Peptococcus,0.6742551566080978,1.230587389233928e-05,0.0004607036110876412
Fusobacterium,Peptostreptococcus,0.6947288006111534,5.151484877341789e-06,0.00024291790661042686
Fusobacterium,Porphyromonas,0.7231474407944997,1.3579528013342076e-06,9.914324564507317e-05
Fusobacterium,Prevotella,0.787929717341482,3.18619221936227e-08,6.382188107091809e-06
Fusobacterium,Prevotella_7,0.7002291825821237,4.02757724026497e-06,0.00020654332648326005
Fusobacterium,Pseudopropionibacterium,0.6030557677616502,0.00016007881040489436,0.002722501451849858
Fusobacterium,RB41,-0.6498090145148968,3.198417876828345e-05,0.0009130100044013288
Fusobacterium,Rothia,0.6864782276546981,7.37835435820987e-06,0.00031612269239306493
Fusobacterium,Selenomonas,0.7390374331550802,5.990124583891821e-07,5.59301034852943e-05
Fusobacterium,Streptococcus,0.6314744079449961,6.205973882873681e-05,0.001441458909009193
Fusobacterium,Tannerella,0.8438502673796792,3.6555215166772325e-10,1.9037956058855026e-07
Fusobacterium,Treponema,0.6968678380443085,4.68428802572728e-06,0.00023014879281120447
Fusobacterium,Unclassified Bacteria,-0.6828113063407182,8.623945705901322e-06,0.00035582885838644963
Fusobacterium,Unclassified Candidatus_Saccharibacteria_bacterium_UB2523,0.626890756302521,7.276531302864502e-05,0.0016057701281914545
Fusobacterium,Unclassified Chloroflexi,-0.6598930481283422,2.179424208747619e-05,0.0007074374758477729
Fusobacterium,Unclassified Clostridiales_bacterium_oral_taxon_075,0.7469824293353705,3.8910968968276727e-07,4.241476598793178e-05
Fusobacterium,Unclassified Gemmatimonadaceae,-0.6094728800611153,0.00013027109837796528,0.0023630289950355996
Fusobacterium,Unclassified Microscillaceae,-0.6110007639419404,0.00012395275866546715,0.002283771110128843
Fusobacterium,Unclassified Muribaculaceae,-0.709396485867074,2.639582785265093e-06,0.0001519932731092696
Fusobacterium,Unclassified Rokubacteriales,-0.6213903743315508,8.778653416877601e-05,0.001825523704329578
Fusobacterium,Unclassified Subgroup_7,-0.7445378151260503,4.450861858322465e-07,4.5750174785809335e-05
Fusobacterium,Veillonella,0.7460656990068754,4.0929656981639104e-07,4.440867782507843e-05
Fusobacterium,[Eubacterium]_nodatum_group,0.600916730328495,0.0001712925913158819,0.0028390475035919432
Gaiella,Unclassified Gammaproteobacteria,0.7607333842627959,1.7745120436941663e-07,2.4038996679778313e-05
Gemella,Granulicatella,0.6030557677616502,0.00016007881040489436,0.002722501451849858
Gemella,Haemophilus,0.7042016806722688,3.3601862330229126e-06,0.000182290103141493
Gemella,Rothia,0.6883116883116883,6.819023908004059e-06,0.00029704580726390916
Gemella,Streptococcus,0.8826585179526355,5.060530303278744e-12,8.471327727688617e-09
Gemella,Tannerella,0.628724216959511,6.829841288980174e-05,0.0015376000043087353
Gemella,Unclassified Bacteria,-0.6198624904507257,9.242630916496647e-05,0.0018884943169922878
Gemella,Unclassified Clostridiales_bacterium_oral_taxon_075,0.6143621084797555,0.00011100947110636864,0.0021307272439384565
Gemella,Unclassified JG30_KF_CM45,-0.6326967150496561,5.9455545976605024e-05,0.001401811041758265
Gemella,Unclassified Muribaculaceae,-0.7136745607333842,2.1552962835728455e-06,0.00013327578813143327
Granulicatella,Lachnoanaerobaculum,0.629640947288006,6.615884716020069e-05,0.0015053385845111293
Granulicatella,Lautropia,0.6119174942704354,0.00012029499369353529,0.0022374868826997565
Granulicatella,Leptotrichia,0.6491978609625667,3.272180210245451e-05,0.0009250520555767478
Granulicatella,Neisseria,0.7042016806722688,3.3601862330229126e-06,0.000182290103141493
Granulicatella,Nitrospira,-0.6791443850267378,1.0057726156259928e-05,0.00040019163021750025
Granulicatella,Oribacterium,0.7509549274255156,3.117501723315337e-07,3.653088519380912e-05
Granulicatella,Parvimonas,0.6678380443086326,1.5946683378438174e-05,0.0005544903140312716
Granulicatella,Porphyromonas,0.684033613445378,8.188997948462506e-06,0.00034027899985845266
Granulicatella,Prevotella,0.7714285714285714,9.287304839845567e-08,1.5436686257207144e-05
Granulicatella,Prevotella_7,0.7949579831932772,1.9625516997708036e-08,4.6458951147301565e-06
Granulicatella,RB41,-0.6311688311688312,6.272662765966641e-05,0.001449764542240574
Granulicatella,Selenomonas,0.6858670741023681,7.573866898934618e-06,0.00032331720335779913
Granulicatella,Streptococcus,0.6479755538579068,3.4243329439276955e-05,0.0009474931153942087
Granulicatella,TM7a,0.6354469060351413,5.395237504523555e-05,0.0013157417914257444
Granulicatella,Treponema,0.656531703590527,2.4805887025904006e-05,0.000771022239176507
Granulicatella,Unclassified Bacteria,-0.6632543926661574,1.9117429926826253e-05,0.0006409672214092991
Granulicatella,Unclassified Candidatus_Saccharibacteria_bacterium_UB2523,0.6452253628724216,3.790292945206889e-05,0.00101751781745554
Granulicatella,Unclassified Clostridiales_bacterium_oral_taxon_075,0.6317799847211611,6.139924018340418e-05,0.0014303703707139767
Granulicatella,Unclassified Microscillaceae,-0.6323911382734911,6.0097197303224476e-05,0.0014098477637621311
Granulicatella,Unclassified Muribaculaceae,-0.6302521008403361,6.476618256684198e-05,0.0014808392728161061
Granulicatella,Unclassified Subgroup_7,-0.6589763177998471,2.258090661444051e-05,0.0007239481907196002
Granulicatella,Veillonella,0.7747899159663865,7.523141129552877e-08,1.3060173000903795e-05
Haemophilus,Kingella,0.6495034377387318,3.235109129738187e-05,0.0009178936751155466
Haemophilus,Lautropia,0.6149732620320855,0.00010879098349277881,0.0021001857406398386
Haemophilus,Limosilactobacillus,-0.6935064935064935,5.437120271696004e-06,0.0002538333679033218
Haemophilus,Neisseria,0.7320091673032849,8.663782904975509e-07,7.277577640179426e-05
Haemophilus,Porphyromonas,0.6055003819709701,0.00014807119925890546,0.002581991537077164
Haemophilus,Prevotella,0.6061115355233002,0.00014519827153644359,0.002558546384757964
Haemophilus,Pseudopropionibacterium,0.6919786096256685,5.814408715810321e-06,0.000266145473952599
Haemophilus,Rothia,0.8462948815889991,2.8930185625245155e-10,1.7384816161878087e-07
Haemophilus,Streptococcus,0.7540106951871658,2.621429043058947e-07,3.233463739638394e-05
Haemophilus,Unclassified Bacteria,-0.6730328495034378,1.2934882108039054e-05,0.0004758899483265357
Haemophilus,Unclassified Muribaculaceae,-0.677616501145913,1.0716535291668298e-05,0.0004199878279189602
Haemophilus,Veillonella,0.6372803666921313,5.0543143215721414e-05,0.001264171936396635
Haliangium,Lentimicrobium,-0.6385026737967914,4.8379501438486184e-05,0.0012257535088782295
Haliangium,Nitrospira,0.6354469060351413,5.395237504523555e-05,0.0013157417914257444
Haliangium,Parvimonas,-0.7457601222307104,4.162360116905126e-07,4.468497474003256e-05
Haliangium,Peptococcus,-0.6904507257448433,6.215371208718187e-06,0.00027851518097040046
Haliangium,Treponema,-0.73231474407945,8.527902178093625e-07,7.241301284268195e-05
Haliangium,Unclassified Candidatus_Saccharibacteria_bacterium_UB2523,-0.6326967150496561,5.9455545976605024e-05,0.001401811041758265
Haliangium,Unclassified Microscillaceae,0.6247517188693659,7.830760593303417e-05,0.0016852314533026527
Haliangium,Unclassified Microtrichales,0.6656990068754773,1.7361683233819854e-05,0.0005922684254262039
Haliangium,[Eubacterium]_nodatum_group,-0.6177234530175706,9.929209264259939e-05,0.001975390053626451
Helicobacter,Lachnoclostridium,0.6583651642475172,2.311953082222682e-05,0.0007371827542172895
Helicobacter,MND1,0.6100840336134453,0.0001277099287637544,0.002332821426739944
Helicobacter,Unclassified Lachnospiraceae,0.7478991596638656,3.698395450075983e-07,4.1274093222847964e-05
Helicobacter,Unclassified Oscillospiraceae,0.7182582123758594,1.7275586928970363e-06,0.00011701464025067903
Helicobacter,Unclassified Rokubacteriales,0.7420932009167303,5.08358064799924e-07,5.026953420527857e-05
Hyphomicrobium,Snodgrassella,0.7919022154316271,2.428301332836132e-08,5.173606366940689e-06
Johnsonella,Kingella,0.625974025974026,7.509584742014278e-05,0.0016341191087636642
Johnsonella,Lachnoanaerobaculum,0.8704354469060351,2.254755679466823e-11,2.642122705199223e-08
Johnsonella,Lentimicrobium,0.6458365164247517,3.706047695994876e-05,0.0010017870104190993
Johnsonella,Leptotrichia,0.8453781512605041,3.159763853469228e-10,1.8061518456074347e-07
Johnsonella,Methyloversatilis,0.6195569136745607,9.338027059500622e-05,0.0018947705815277626
Johnsonella,Oribacterium,0.684033613445378,8.188997948462506e-06,0.00034027899985845266
Johnsonella,Peptostreptococcus,0.6128342245989304,0.00011673431846319657,0.0021938937349667
Johnsonella,Phocaeicola,0.654698242933537,2.6602740740843288e-05,0.0007993100410287221
Johnsonella,Porphyromonas,0.6815889992360581,9.079781849377638e-06,0.0003700761172556771
Johnsonella,Prevotella,0.761955691367456,1.6507432919264787e-07,2.2756952817405267e-05
Johnsonella,Prevotella_7,0.6953399541634835,5.013851477098003e-06,0.00023980535350463022
Johnsonella,Rothia,0.6629488158899923,1.9347844954309838e-05,0.0006477658490702934
Johnsonella,Selenomonas,0.8319327731092437,1.0830476193971622e-09,4.700426668183684e-07
Johnsonella,Streptococcus,0.6036669213139801,0.00015699793239884894,0.0026955337316479297
Johnsonella,TM7x,0.6195569136745607,9.338027059500622e-05,0.0018947705815277626
Johnsonella,Tannerella,0.8380443086325438,6.273013416478633e-10,3.0627988005956923e-07
Johnsonella,Treponema,0.6849503437738731,7.87597592688781e-06,0.0003325790483289058
Johnsonella,Unclassified 67_14,-0.60061115355233,0.00017295065029278517,0.0028624798306933
Johnsonella,Unclassified Bacteria,-0.6018334606569901,0.00016640339615424805,0.0027855928516221126
Johnsonella,Unclassified Candidatus_Saccharibacteria_bacterium_UB2523,0.7958747135217722,1.8398178214866508e-08,4.445151594264036e-06
Johnsonella,Unclassified Clostridiales_bacterium_oral_taxon_075,0.6822001527883881,8.849197660296735e-06,0.00036320454705203903
Johnsonella,Unclassified Rokubacteriales,-0.600916730328495,0.0001712925913158819,0.0028390475035919432
Johnsonella,Unclassified Saccharimonadaceae,0.6745607333842627,1.2153021857896002e-05,0.0004586444770719013
Johnsonella,Unclassified Subgroup_7,-0.6333078686019862,5.8190718740665315e-05,0.0013915894738839103
Johnsonella,Unclassified Vicinamibacteraceae,-0.6406417112299465,4.4793166657294325e-05,0.001161252935597732
Johnsonella,Veillonella,0.7451489686783803,4.3043956118686127e-07,4.483458469322347e-05
Kingella,Lautropia,0.6308632543926661,6.339996120695719e-05,0.001459569244446217
Kingella,Leptotrichia,0.6495034377387318,3.235109129738187e-05,0.0009178936751155466
Kingella,Ligilactobacillus,-0.6058059587471352,0.00014662843404692936,0.0025682989389565294
Kingella,Neisseria,0.6675324675324675,1.614220756309199e-05,0.0005596283675275501
Kingella,Prevotella,0.627807486631016,7.050004058136878e-05,0.0015646202188115141
Kingella,Pseudopropionibacterium,0.6336134453781512,5.756743806572434e-05,0.001379499466777419
Kingella,Rothia,0.6797555385790679,9.804665161462893e-06,0.00039145167414658325
Kingella,Unclassified Bacteria,-0.6158899923605805,0.00010553780218932113,0.0020577237371954492
Kingella,Unclassified Clostridiales_bacterium_oral_taxon_075,0.654698242933537,2.6602740740843288e-05,0.0007993100410287221
Kingella,Unclassified Saccharimonadaceae,0.6168067226890757,0.00010237219822679597,0.0020178257675720693
Kingella,Unclassified Vicinamibacteraceae,-0.626585179526356,7.353482563520818e-05,0.0016151473042050038
Kingella,Unclassified candidate_division_SR1_bacterium_MGEHA,0.6363636363636364,5.222269323148376e-05,0.0012937537405634815
Kouleothrix,Nocardioides,0.6388082505729564,4.785180793281204e-05,0.00121764926244667
Kouleothrix,Pseudarthrobacter,0.682505729564553,8.735912116537556e-06,0.0003591839234441652
Kouleothrix,Unclassified 67_14,0.7087853323147442,2.7163403197275623e-06,0.0001548908801292826
Kouleothrix,Unclassified Gammaproteobacteria,0.6116119174942705,0.00012150334754618345,0.002247476284997913
Kouleothrix,Unclassified Isosphaeraceae,0.6458365164247517,3.706047695994876e-05,0.0010017870104190993
Kouleothrix,Unclassified Pedosphaeraceae,0.6742551566080978,1.230587389233928e-05,0.0004607036110876412
Kouleothrix,Unclassified Rokubacteriales,0.7442322383498854,4.52579543578663e-07,4.611588775351976e-05
Kouleothrix,Unclassified Roseiflexaceae,0.6436974789915966,4.0085208567690686e-05,0.0010639150033889004
Kouleothrix,Unclassified Ruminococcaceae,0.6213903743315508,8.778653416877601e-05,0.001825523704329578
Lachnoanaerobaculum,Lachnospiraceae_NK4A136_group,-0.6962566844919785,4.813670052416203e-06,0.00023308506476947546
Lachnoanaerobaculum,Lautropia,0.6498090145148968,3.198417876828345e-05,0.0009130100044013288
Lachnoanaerobaculum,Leptotrichia,0.9538579067990832,2.786609551876091e-18,3.265349072888404e-14
Lachnoanaerobaculum,Luteimonas,-0.6305576776165011,6.407979439953503e-05,0.0014708854667458402
Lachnoanaerobaculum,Nitrospira,-0.6128342245989304,0.00011673431846319657,0.0021938937349667
Lachnoanaerobaculum,Oribacterium,0.7072574484339189,2.9172251415468574e-06,0.00016278116289831465
Lachnoanaerobaculum,Peptostreptococcus,0.6051948051948052,0.00014952666432833513,0.0026015641463985615
Lachnoanaerobaculum,Phocaeicola,0.6391138273491214,4.732930937276354e-05,0.0012122510321968154
Lachnoanaerobaculum,Porphyromonas,0.6226126814362108,8.42265783099693e-05,0.0017751205838780941
Lachnoanaerobaculum,Prevotella,0.8090145148968678,7.023949796695291e-09,2.1326681094156693e-06
Lachnoanaerobaculum,Prevotella_7,0.7671504965622612,1.2081953568064704e-07,1.8386536611763925e-05
Lachnoanaerobaculum,Selenomonas,0.9147440794499618,3.868817283550555e-14,1.8807446218983788e-10
Lachnoanaerobaculum,TM7a,0.602750190985485,0.00016163944843784248,0.0027391049266733743
Lachnoanaerobaculum,TM7x,0.7527883880825057,2.8104420117604026e-07,3.395129844722515e-05
Lachnoanaerobaculum,Tannerella,0.8817417876241405,5.692538041564465e-12,8.669872062096063e-09
Lachnoanaerobaculum,Treponema,0.6711993888464477,1.3933191676703328e-05,0.0005015949003613197
Lachnoanaerobaculum,Unclassified Candidatus_Saccharibacteria_bacterium_UB2523,0.7399541634835751,5.703727207085042e-07,5.456022482663063e-05
Lachnoanaerobaculum,Unclassified Clostridia,-0.6192513368983957,9.434306629372714e-05,0.001902774614165051
Lachnoanaerobaculum,Unclassified Clostridiales_bacterium_oral_taxon_075,0.627807486631016,7.050004058136878e-05,0.0015646202188115141
Lachnoanaerobaculum,Unclassified Microscillaceae,-0.6302521008403361,6.476618256684198e-05,0.0014808392728161061
Lachnoanaerobaculum,Unclassified Saccharimonadaceae,0.7228418640183345,1.378741505234217e-06,9.942211051282803e-05
Lachnoanaerobaculum,Unclassified Sandaracinaceae,-0.6119174942704354,0.00012029499369353529,0.0022374868826997565
Lachnoanaerobaculum,Veillonella,0.7491214667685256,3.455067140092674e-07,3.969262426235878e-05
Lachnoclostridium,Lachnospiraceae_NK4A136_group,0.7897631779984722,2.8127838088841484e-08,5.833663835841496e-06
Lachnoclostridium,Luteimonas,0.761650114591291,1.680918784015994e-07,2.3037434281987623e-05
Lachnoclostridium,Luteolibacter,0.6397249809014514,4.6299716176379084e-05,0.0011937075338939716
Lachnoclostridium,Microvirga,0.6525592055003819,2.884727088592113e-05,0.000850395774191758
Lachnoclostridium,Muribaculum,0.6140565317035905,0.00011213386389540087,0.002143531186176684
Lachnoclostridium,Nitrospira,0.7726508785332314,8.605950009756054e-08,1.4615148147003106e-05
Lachnoclostridium,Tannerella,-0.6381970970206264,4.891243554563035e-05,0.0012352498269907251
Lachnoclostridium,Unclassified Clostridia,0.8117647058823529,5.6885025140061455e-09,1.8516075683090003e-06
Lachnoclostridium,Unclassified Microscillaceae,0.7515660809778456,3.011887604101057e-07,3.564979691399614e-05
Lachnoclostridium,Unclassified Muribaculaceae,0.628113063407181,6.975917190928641e-05,0.0015525887491605285
Lachnoclostridium,Unclassified Oscillospiraceae,0.8453781512605041,3.159763853469228e-10,1.8061518456074347e-07
Lachnoclostridium,Unclassified Subgroup_7,0.6928953399541634,5.585276878998512e-06,0.0002576703719216715
Lachnospiraceae_NK4A136_group,Lautropia,-0.6216959511077158,8.688409605244977e-05,0.0018148089795768387
Lachnospiraceae_NK4A136_group,Leptotrichia,-0.7139801375095494,2.12402297307065e-06,0.0001323898999917121
Lachnospiraceae_NK4A136_group,Luteimonas,0.759205500381971,1.941198294059339e-07,2.570278147998569e-05
Lachnospiraceae_NK4A136_group,Luteolibacter,0.6421695951107715,4.238024366701087e-05,0.0011109881326398956
Lachnospiraceae_NK4A136_group,Nitrospira,0.7396485867074102,5.797768091021869e-07,5.478890846015667e-05
Lachnospiraceae_NK4A136_group,Prevotella,-0.6308632543926661,6.339996120695719e-05,0.001459569244446217
Lachnospiraceae_NK4A136_group,Prevotella_7,-0.6369747899159663,5.109750321061079e-05,0.0012726047664653288
Lachnospiraceae_NK4A136_group,Streptomyces,0.6158899923605805,0.00010553780218932113,0.0020577237371954492
Lachnospiraceae_NK4A136_group,Tannerella,-0.7255920550038196,1.2016753531489492e-06,9.084665669806056e-05
Lachnospiraceae_NK4A136_group,Unclassified Chloroflexi,0.7133689839572193,2.1869893776666944e-06,0.00013382319335508263
Lachnospiraceae_NK4A136_group,Unclassified Clostridia,0.8087089381207028,7.188973401768129e-09,2.1326681094156693e-06
Lachnospiraceae_NK4A136_group,Unclassified Gammaproteobacteria,0.7130634071810542,2.219107326662399e-06,0.00013438501113090435
Lachnospiraceae_NK4A136_group,Unclassified Gemmataceae,0.6418640183346065,4.285322953377283e-05,0.0011208797849927457
Lachnospiraceae_NK4A136_group,Unclassified Microscillaceae,0.6806722689075629,9.435903151170696e-06,0.00037996533720074986
Lachnospiraceae_NK4A136_group,Unclassified Muribaculaceae,0.758288770053476,2.0479911696179437e-07,2.6227716421402256e-05
Lachnospiraceae_NK4A136_group,Unclassified Oscillospiraceae,0.682505729564553,8.735912116537556e-06,0.0003591839234441652
Lachnospiraceae_NK4A136_group,Unclassified Sandaracinaceae,0.7506493506493506,3.1715731450337105e-07,3.6796528825252494e-05
Lachnospiraceae_NK4A136_group,Unclassified Subgroup_7,0.6430863254392665,4.098940890811852e-05,0.0010830076518271313
Lactobacillus,Limosilactobacillus,0.710007639419404,2.5648088904834054e-06,0.00014989740936999772
Lactobacillus,MND1,0.6055003819709701,0.00014807119925890546,0.002581991537077164
Lactobacillus,Porphyromonas,-0.625974025974026,7.509584742014278e-05,0.0016341191087636642
Lactobacillus,Staphylococcus,0.6091673032849503,0.00013156886598695964,0.0023755377066798046
Lactobacillus,Veillonella,-0.6168067226890757,0.00010237219822679597,0.0020178257675720693
Lautropia,Leptotrichia,0.7115355233002292,2.3862512096997795e-06,0.00014158021101398491
Lautropia,Neisseria,0.7601222307104659,1.8395415422187743e-07,2.4495167945135905e-05
Lautropia,Pseudopropionibacterium,0.7042016806722688,3.3601862330229126e-06,0.000182290103141493
Lautropia,Rothia,0.6510313216195569,3.0553823772202155e-05,0.000884023967809049
Lautropia,Selenomonas,0.6110007639419404,0.00012395275866546715,0.002283771110128843
Lautropia,Unclassified Clostridiales_bacterium_oral_taxon_075,0.6253628724216959,7.668660808532792e-05,0.0016594897018354063
Lautropia,Unclassified Muribaculaceae,-0.6262796027501909,7.431165003586769e-05,0.001626113753726046
Lentimicrobium,Mycoplasma,0.6326967150496561,5.9455545976605024e-05,0.001401811041758265
Lentimicrobium,Nitrospira,-0.6791443850267378,1.0057726156259928e-05,0.00040019163021750025
Lentimicrobium,Parvimonas,0.6669213139801374,1.6539787835775546e-05,0.0005708784502492425
Lentimicrobium,Prevotella_7,0.602139037433155,0.00016480163736040283,0.0027726426225257723
Lentimicrobium,Tannerella,0.7237585943468297,1.3172324737136265e-06,9.67732296362149e-05
Lentimicrobium,Treponema,0.7876241405653169,3.252694701697888e-08,6.460182460084042e-06
Lentimicrobium,Unclassified Candidatus_Saccharibacteria_bacterium_UB2523,0.6103896103896104,0.00012644634888179517,0.002320592507747652
Lentimicrobium,Unclassified JG30_KF_CM45,-0.6100840336134453,0.0001277099287637544,0.002332821426739944
Lentimicrobium,Unclassified Microscillaceae,-0.6971734148204737,4.620791743781083e-06,0.00022750604056145688
Lentimicrobium,Unclassified Microtrichales,-0.6299465240641711,6.545918144120375e-05,0.001492316513867754
Lentimicrobium,Unclassified Saccharimonadaceae,0.6119174942704354,0.00012029499369353529,0.0022374868826997565
Lentimicrobium,[Eubacterium]_brachy_group,0.6855614973262031,7.673378662948915e-06,0.0003269696406270378
Leptotrichia,Luteimonas,-0.6501145912910617,3.162102992930319e-05,0.0009070629833820681
Leptotrichia,Nitrospira,-0.6342245989304813,5.633888355594127e-05,0.0013597920443017915
Leptotrichia,Oribacterium,0.6479755538579068,3.4243329439276955e-05,0.0009474931153942087
Leptotrichia,Phocaeicola,0.6696715049656226,1.4817932812315572e-05,0.0005245816818571416
Leptotrichia,Porphyromonas,0.6461420932009166,3.664562269739348e-05,0.0009974759739095397
Leptotrichia,Prevotella,0.8218487394957982,2.5471423616558354e-09,9.183819751964025e-07
Leptotrichia,Prevotella_7,0.7919022154316271,2.428301332836132e-08,5.173606366940689e-06
Leptotrichia,Selenomonas,0.8878533231474407,2.5488043045636858e-12,4.977814806812878e-09
Leptotrichia,Stomatobaculum,0.602750190985485,0.00016163944843784248,0.0027391049266733743
Leptotrichia,Streptococcus,0.6088617265087853,0.00013287820836423844,0.0023863093419343234
Leptotrichia,TM7a,0.628113063407181,6.975917190928641e-05,0.0015525887491605285
Leptotrichia,TM7x,0.7631779984721161,1.5349506731942456e-07,2.1670544564445987e-05
Leptotrichia,Tannerella,0.8563789152024445,1.0542197428424499e-10,8.51954961836402e-08
Leptotrichia,Treponema,0.6690603514132926,1.5185865406147262e-05,0.0005359878639434747
Leptotrichia,Unclassified Candidatus_Saccharibacteria_bacterium_UB2523,0.73598166539343,7.042603955731556e-07,6.275683129525656e-05
Leptotrichia,Unclassified Clostridia,-0.6470588235294117,3.542609274261464e-05,0.0009721849057563428
Leptotrichia,Unclassified Clostridiales_bacterium_oral_taxon_075,0.7060351413292589,3.0875873002553686e-06,0.0001698607886591193
Leptotrichia,Unclassified Microscillaceae,-0.6311688311688312,6.272662765966641e-05,0.001449764542240574
Leptotrichia,Unclassified Saccharimonadaceae,0.7686783804430863,1.1005551055220718e-07,1.708119831325515e-05
Leptotrichia,Veillonella,0.7139801375095494,2.12402297307065e-06,0.0001323898999917121
Ligilactobacillus,Limosilactobacillus,0.6485867074102367,3.347475825744664e-05,0.0009372932312085059
Ligilactobacillus,Nocardioides,0.6956455309396485,4.946297761165207e-06,0.00023705814791547607
Ligilactobacillus,Parabacteroides,0.6381970970206264,4.891243554563035e-05,0.0012352498269907251
Ligilactobacillus,RB41,0.6238349885408709,8.079690498501025e-05,0.0017308558183077697
Ligilactobacillus,Unclassified 67_14,0.6204736440030557,9.054460399842999e-05,0.0018630406842029897
Ligilactobacillus,Unclassified Bacteria,0.6,0.00017630990405659232,0.0028976149449300827
Ligilactobacillus,Unclassified Chloroflexi,0.7320091673032849,8.663782904975509e-07,7.277577640179426e-05
Ligilactobacillus,Unclassified Clostridiales_bacterium_feline_oral_taxon_148,-0.655920550038197,2.5392251541618342e-05,0.0007768835602211063
Ligilactobacillus,Unclassified Clostridiales_bacterium_oral_taxon_075,-0.6571428571428571,2.423179749985736e-05,0.0007592197943939265
Ligilactobacillus,Unclassified Subgroup_7,0.6302521008403361,6.476618256684198e-05,0.0014808392728161061
Ligilactobacillus,Unclassified Vicinamibacteraceae,0.6702826585179525,1.445810045909662e-05,0.0005141730536561281
Limnobacter,Unclassified Acidimicrobiia,0.6226126814362108,8.42265783099693e-05,0.0017751205838780941
Limnobacter,Unclassified Anaerovoracaceae,-0.602139037433155,0.00016480163736040283,0.0027726426225257723
Limosilactobacillus,MND1,0.7081741787624141,2.7951287495976437e-06,0.00015746787830665955
Limosilactobacillus,Neisseria,-0.6094728800611153,0.00013027109837796528,0.0023630289950355996
Limosilactobacillus,Parabacteroides,0.7689839572192514,1.0801150153008942e-07,1.6988976844692453e-05
Limosilactobacillus,Porphyromonas,-0.7145912910618792,2.0627156854085077e-06,0.000129951088180736
Limosilactobacillus,Rothia,-0.6470588235294117,3.542609274261464e-05,0.0009721849057563428
Limosilactobacillus,Staphylococcus,0.6886172650878534,6.729644412264117e-06,0.00029479616158097543
Limosilactobacillus,Unclassified Bacteria,0.6018334606569901,0.00016640339615424805,0.0027855928516221126
Limosilactobacillus,Unclassified Clostridiales_bacterium_oral_taxon_075,-0.6165011459129106,0.0001034177979359502,0.0020298990891347815
Limosilactobacillus,Veillonella,-0.684033613445378,8.188997948462506e-06,0.00034027899985845266
Luteimonas,Luteolibacter,0.735676088617265,7.15666315955436e-07,6.329190860653433e-05
Luteimonas,Nitrospira,0.6980901451489686,4.434976395886314e-06,0.00022067538601696742
Luteimonas,Streptomyces,0.7252864782276546,1.2202669971498956e-06,9.107699791466546e-05
Luteimonas,Tannerella,-0.6543926661573719,2.6913403366386697e-05,0.0008055460042077122
Luteimonas,Unclassified Bacteroidales,0.6097784568372803,0.0001289848157143,0.002352442133136447
Luteimonas,Unclassified Clostridia,0.9144385026737967,4.087573625437897e-14,1.8807446218983788e-10
Luteimonas,Unclassified Cyanobacteriales,0.6592818945760122,2.2315875792011506e-05,0.0007193877098508689
Luteimonas,Unclassified Gammaproteobacteria,0.6048892284186401,0.0001509949270429251,0.0026212719334651794
Luteimonas,Unclassified JG30_KF_CM45,0.6302521008403361,6.476618256684198e-05,0.0014808392728161061
Luteimonas,Unclassified Longimicrobiaceae,0.7573720397249809,2.1601549153768447e-07,2.736507599825499e-05
Luteimonas,Unclassified Microscillaceae,0.6366692131398013,5.1657337297424044e-05,0.001282459064515286
Luteimonas,Unclassified Oscillospiraceae,0.6501145912910617,3.162102992930319e-05,0.0009070629833820681
Luteimonas,Unclassified Subgroup_7,0.6663101604278074,1.6946221273431632e-05,0.0005806310552107364
Luteimonas,[Eubacterium]_brachy_group,-0.6669213139801374,1.6539787835775546e-05,0.0005708784502492425
Luteolibacter,Nitrospira,0.6226126814362108,8.42265783099693e-05,0.0017751205838780941
Luteolibacter,Prevotella_9,0.6091673032849503,0.00013156886598695964,0.0023755377066798046
Luteolibacter,Streptomyces,0.6198624904507257,9.242630916496647e-05,0.0018884943169922878
Luteolibacter,Unclassified Clostridia,0.6614209320091673,2.0538089990838144e-05,0.000677930531021525
Luteolibacter,Unclassified Cyanobacteriales,0.7213139801375095,1.4871164400759753e-06,0.00010466084351237403
Luteolibacter,Unclassified F082,0.7277310924369748,1.0786146607468005e-06,8.315267496467769e-05
Luteolibacter,Unclassified Gammaproteobacteria,0.684033613445378,8.188997948462506e-06,0.00034027899985845266
Luteolibacter,Unclassified Microscillaceae,0.7029793735676089,3.5539198238428948e-06,0.00018843815608955223
Luteolibacter,Unclassified Rokubacteriales,0.6488922841864018,3.309634604369879e-05,0.0009322667859136117
Luteolibacter,Unclassified Roseiflexaceae,0.703590527119939,3.4558157894522877e-06,0.00018490981470685802
Luteolibacter,Unclassified Subgroup_7,0.654698242933537,2.6602740740843288e-05,0.0007993100410287221
Luteolibacter,[Eubacterium]_brachy_group,-0.6030557677616502,0.00016007881040489436,0.002722501451849858
Lysobacter,Unclassified Clostridia,0.6357524828113063,5.337016345207501e-05,0.0013110934493321068
Lysobacter,Unclassified Vicinamibacterales,0.6293353705118411,6.686523626905405e-05,0.0015155258000014997
MND1,Parabacteroides,0.6727272727272727,1.3096623953494178e-05,0.0004810853902415197
MND1,Unclassified A4b,0.6452253628724216,3.790292945206889e-05,0.00101751781745554
MND1,Unclassified Rokubacteriales,0.6223071046600457,8.510418590029463e-05,0.0017887907630128297
MND1,Veillonella,-0.6134453781512605,0.00011441335111294783,0.0021729264965016574
Massilia,Megasphaera,-0.6116119174942705,0.00012150334754618345,0.002247476284997913
Massilia,RB41,0.6305576776165011,6.407979439953503e-05,0.0014708854667458402
Mesorhizobium,Unclassified Acidimicrobiia,0.6128342245989304,0.00011673431846319657,0.0021938937349667
Methylobacterium_Methylorubrum,Rhodococcus,0.6094728800611153,0.00013027109837796528,0.0023630289950355996
Methyloversatilis,Neisseria,0.6901451489686783,6.298519969728174e-06,0.0002817025076537204
Methyloversatilis,Oribacterium,0.654698242933537,2.6602740740843288e-05,0.0007993100410287221
Methyloversatilis,Paenibacillus,0.677616501145913,1.0716535291668298e-05,0.0004199878279189602
Methyloversatilis,Porphyromonas,0.6320855614973262,6.074507758872192e-05,0.001417949839013234
Methyloversatilis,Unclassified Candidatus_Saccharibacteria_bacterium_UB2523,0.628418640183346,6.902531555194595e-05,0.0015465366111619553
Methyloversatilis,Unclassified Microscillaceae,-0.655614973262032,2.5690109536121963e-05,0.0007839497488132218
Methyloversatilis,Unclassified Vicinamibacteraceae,-0.600916730328495,0.0001712925913158819,0.0028390475035919432
Methyloversatilis,Veillonella,0.6094728800611153,0.00013027109837796528,0.0023630289950355996
Microvirga,Sphingobium,0.6339190221543162,5.6950176813835995e-05,0.0013675044506240373
Microvirga,Unclassified JG30_KF_CM45,0.7527883880825057,2.8104420117604026e-07,3.395129844722515e-05
Microvirga,Unclassified Steroidobacteraceae,0.7194805194805193,1.627416465600766e-06,0.0001118478952721981
Microvirga,Unclassified Subgroup_17,0.6351413292589763,5.454030310328969e-05,0.0013259403978513455
Muribaculum,Ruminococcus,0.7457601222307104,4.162360116905126e-07,4.468497474003256e-05
Muribaculum,Unclassified Clostridia,0.6739495798319326,1.2460468138229143e-05,0.0004627948197900763
Muribaculum,Unclassified Oscillospiraceae,0.7243697478991595,1.2776312535061967e-06,9.445604434438872e-05
Mycoplasma,Nocardioides,-0.6495034377387318,3.235109129738187e-05,0.0009178936751155466
Mycoplasma,Parvimonas,0.6605042016806721,2.1283668716179923e-05,0.0006947131755325803
Mycoplasma,RB41,-0.601527883880825,0.0001680190708834482,0.0028046260293621735
Mycoplasma,Treponema,0.6864782276546981,7.37835435820987e-06,0.00031612269239306493
Mycoplasma,Unclassified Anaerolineaceae,-0.626890756302521,7.276531302864502e-05,0.0016057701281914545
Mycoplasma,Unclassified Vicinamibacteraceae,-0.6018334606569901,0.00016640339615424805,0.0027855928516221126
Mycoplasma,[Eubacterium]_saphenum_group,0.6433919022154316,4.053503371640379e-05,0.0010722111175819856
Neisseria,Porphyromonas,0.6171122994652405,0.00010133609799093051,0.002002455980198522
Neisseria,Rothia,0.7925133689839572,2.3277095640668842e-08,5.146434089006746e-06
Neisseria,Unclassified Microscillaceae,-0.6018334606569901,0.00016640339615424805,0.0027855928516221126
Neisseria,Unclassified Muribaculaceae,-0.6018334606569901,0.00016640339615424805,0.0027855928516221126
Neisseria,Veillonella,0.6128342245989304,0.00011673431846319657,0.0021938937349667
Nitrospira,Parvimonas,-0.7243697478991595,1.2776312535061967e-06,9.445604434438872e-05
Nitrospira,Peptococcus,-0.6895339954163482,6.4678603037112545e-06,0.00028817637657372046
Nitrospira,Prevotella,-0.652864782276547,2.8516483284113215e-05,0.0008427645677761378
Nitrospira,Prevotella_7,-0.6342245989304813,5.633888355594127e-05,0.0013597920443017915
Nitrospira,RB41,0.8249045072574483,1.9769479291052594e-09,7.472863172017881e-07
Nitrospira,Selenomonas,-0.6155844155844156,0.00010661236125054651,0.0020717805126598743
Nitrospira,Tannerella,-0.7155080213903742,1.973779407415948e-06,0.00012604221850735737
Nitrospira,Treponema,-0.6886172650878534,6.729644412264117e-06,0.00029479616158097543
Nitrospira,Unclassified Chloroflexi,0.6201680672268907,9.148111060248103e-05,0.001875722929203627
Nitrospira,Unclassified Clostridia,0.7775401069518716,6.315097740284239e-08,1.1384663895484724e-05
Nitrospira,Unclassified JG30_KF_CM45,0.6742551566080978,1.230587389233928e-05,0.0004607036110876412
Nitrospira,Unclassified Microscillaceae,0.7650114591291061,1.3751953521847517e-07,2.001806103962847e-05
Nitrospira,Unclassified Oscillospiraceae,0.6684491978609626,1.5562060549530357e-05,0.0005443469418489454
Nitrospira,Unclassified Saccharimonadaceae,-0.6385026737967914,4.8379501438486184e-05,0.0012257535088782295
Nitrospira,Unclassified Subgroup_7,0.8759358288770053,1.1736354098574185e-11,1.617959968554027e-08
Nitrospira,Unclassified Vicinamibacteraceae,0.6128342245989304,0.00011673431846319657,0.0021938937349667
Nitrospira,Unclassified candidate_division_SR1_bacterium_MGEHA,-0.6033613445378151,0.00015853167249217819,0.0027139140076893266
Nitrospira,[Eubacterium]_brachy_group,-0.6571428571428571,2.423179749985736e-05,0.0007592197943939265
Nocardioides,Selenomonas,-0.628724216959511,6.829841288980174e-05,0.0015376000043087353
Nocardioides,Tannerella,-0.6232238349885408,8.24957227475646e-05,0.0017544190184318727
Nocardioides,Treponema,-0.6375859434682963,4.9994209912713286e-05,0.0012544585690731783
Nocardioides,Unclassified 67_14,0.6913674560733384,5.971880109315186e-06,0.0002707098302551464
Nocardioides,Unclassified Chloroflexi,0.6161955691367456,0.00010447297359153543,0.0020437634466537766
Odoribacter,P3OB_42,0.6082505729564553,0.00013553197968778702,0.0024283849204609913
Odoribacter,Ruminococcus,0.655309396485867,2.59911238920548e-05,0.0007900492600962339
Oribacterium,Peptostreptococcus,0.7176470588235293,1.7797122027163223e-06,0.00011883001476598212
Oribacterium,Porphyromonas,0.6495034377387318,3.235109129738187e-05,0.0009178936751155466
Oribacterium,Prevotella,0.7408708938120702,5.429925274593873e-07,5.25850118741248e-05
Oribacterium,Prevotella_7,0.7475935828877005,3.7616343725700735e-07,4.178088301211006e-05
Oribacterium,Selenomonas,0.7451489686783803,4.3043956118686127e-07,4.483458469322347e-05
Oribacterium,Solobacterium,0.6473644003055767,3.502780233000207e-05,0.000964643449360668
Oribacterium,Unclassified Actinobacteriota,-0.6748663101604278,1.200189447319479e-05,0.00045513980400290144
Oribacterium,Unclassified Candidatus_Saccharibacteria_bacterium_UB2523,0.7197860962566844,1.6032240034257506e-06,0.00011149304968630829
Oribacterium,Veillonella,0.8643239113827349,4.502591951346189e-11,4.396781040489553e-08
Paenibacillus,Stenotrophomonas,-0.6168067226890757,0.00010237219822679597,0.0020178257675720693
Parabacteroides,Staphylococcus,0.6326967150496561,5.9455545976605024e-05,0.001401811041758265
Parabacteroides,Unclassified Clostridiales_bacterium_oral_taxon_075,-0.7087853323147442,2.7163403197275623e-06,0.0001548908801292826
Parabacteroides,Unclassified Gemmatimonadaceae,0.655614973262032,2.5690109536121963e-05,0.0007839497488132218
Parabacteroides,Unclassified Muribaculaceae,0.628113063407181,6.975917190928641e-05,0.0015525887491605285
Parabacteroides,Unclassified Rokubacteriales,0.6100840336134453,0.0001277099287637544,0.002332821426739944
Parabacteroides,Unclassified Subgroup_7,0.655309396485867,2.59911238920548e-05,0.0007900492600962339
Parabacteroides,Unclassified [Eubacterium]_coprostanoligenes_group,0.6852559205500381,7.774077449940413e-06,0.00033006028825507884
Parabacteroides,Veillonella,-0.6889228418640182,6.64133157838247e-06,0.000292568133216112
Parvimonas,Peptococcus,0.6568372803666921,2.4517322294230836e-05,0.0007661172870501253
Parvimonas,Peptostreptococcus,0.6320855614973262,6.074507758872192e-05,0.001417949839013234
Parvimonas,Phocaeicola,0.6611153552330022,2.078394642694976e-05,0.0006812483474992932
Parvimonas,Porphyromonas,0.7588999236058059,1.9762138396271357e-07,2.6019408733427837e-05
Parvimonas,Prevotella,0.7152024446142092,2.003028008597386e-06,0.00012721670571677057
Parvimonas,Prevotella_7,0.6320855614973262,6.074507758872192e-05,0.001417949839013234
Parvimonas,RB41,-0.6956455309396485,4.946297761165207e-06,0.00023705814791547607
Parvimonas,Treponema,0.8239877769289534,2.134190040274982e-09,7.939186949822933e-07
Parvimonas,Unclassified Anaerolineaceae,-0.6485867074102367,3.347475825744664e-05,0.0009372932312085059
Parvimonas,Unclassified Candidatus_Saccharibacteria_bacterium_UB2523,0.6155844155844156,0.00010661236125054651,0.0020717805126598743
Parvimonas,Unclassified Microscillaceae,-0.6980901451489686,4.434976395886314e-06,0.00022067538601696742
Parvimonas,Unclassified Subgroup_7,-0.7277310924369748,1.0786146607468005e-06,8.315267496467769e-05
Parvimonas,[Eubacterium]_brachy_group,0.6828113063407182,8.623945705901322e-06,0.00035582885838644963
Parvimonas,[Eubacterium]_nodatum_group,0.7573720397249809,2.1601549153768447e-07,2.736507599825499e-05
Parvimonas,[Eubacterium]_saphenum_group,0.6495034377387318,3.235109129738187e-05,0.0009178936751155466
Parvimonas,[Eubacterium]_yurii_group,0.6455309396485867,3.747956644660462e-05,0.0010084628234702938
Peptococcus,Porphyromonas,0.6186401833460657,9.629544857816065e-05,0.0019255803181550963
Peptococcus,Prevotella_7,0.60244461420932,0.00016321368954972206,0.002757805355650531
Peptococcus,Tannerella,0.6574484339190221,2.3949284125389642e-05,0.0007544024499497738
Peptococcus,Treponema,0.706951871657754,2.958992297770503e-06,0.0001643292499776055
Peptococcus,Unclassified Microscillaceae,-0.6681436210847975,1.5753308070742107e-05,0.0005485802792658426
Peptococcus,Unclassified Microtrichales,-0.6537815126050419,2.754458918779121e-05,0.0008192068428998411
Peptococcus,Unclassified Oscillospiraceae,-0.6999236058059586,4.08360869339664e-06,0.0002080509855183558
Peptococcus,[Eubacterium]_nodatum_group,0.6473644003055767,3.502780233000207e-05,0.000964643449360668
Peptostreptococcus,Porphyromonas,0.7451489686783803,4.3043956118686127e-07,4.483458469322347e-05
Peptostreptococcus,Prevotella,0.784568372803667,3.991753655622176e-08,7.861406611190027e-06
Peptostreptococcus,Prevotella_7,0.6812834224598929,9.19710866679962e-06,0.00037226846064786857
Peptostreptococcus,Selenomonas,0.6317799847211611,6.139924018340418e-05,0.0014303703707139767
Peptostreptococcus,Treponema,0.6592818945760122,2.2315875792011506e-05,0.0007193877098508689
Peptostreptococcus,Veillonella,0.7454545454545454,4.2328317086052346e-07,4.468497474003256e-05
Peptostreptococcus,[Eubacterium]_nodatum_group,0.6754774637127577,1.1704744179075832e-05,0.00044676284133684233
Phenylobacterium,Unclassified Clostridia_vadinBB60_group,0.709396485867074,2.639582785265093e-06,0.0001519932731092696
Phocaeicola,Porphyromonas,0.6586707410236822,2.284878257545529e-05,0.0007305376104206959
Phocaeicola,Prevotella,0.684033613445378,8.188997948462506e-06,0.00034027899985845266
Phocaeicola,Prevotella_7,0.652864782276547,2.8516483284113215e-05,0.0008427645677761378
Phocaeicola,Selenomonas,0.7396485867074102,5.797768091021869e-07,5.478890846015667e-05
Phocaeicola,Tannerella,0.7228418640183345,1.378741505234217e-06,9.942211051282803e-05
Phocaeicola,Treponema,0.7683728036669213,1.1213502940150969e-07,1.7289450980616983e-05
Phocaeicola,Unclassified Candidatus_Saccharibacteria_bacterium_UB2523,0.7427043544690604,4.918110271623861e-07,4.946816838016172e-05
Phocaeicola,[Eubacterium]_nodatum_group,0.6513368983957218,3.0205389259665052e-05,0.0008761058201602848
Porphyromonas,Prevotella,0.7943468296409473,2.048521974764406e-08,4.800916100057862e-06
Porphyromonas,Prevotella_7,0.7301757066462948,9.521542362066181e-07,7.721344871881764e-05
Porphyromonas,Selenomonas,0.6889228418640182,6.64133157838247e-06,0.000292568133216112
Porphyromonas,Streptococcus,0.6293353705118411,6.686523626905405e-05,0.0015155258000014997
Porphyromonas,Tannerella,0.6815889992360581,9.079781849377638e-06,0.0003700761172556771
Porphyromonas,Treponema,0.8533231474407945,1.442816050056109e-10,1.0566824046598428e-07
Porphyromonas,Unclassified 67_14,-0.6055003819709701,0.00014807119925890546,0.002581991537077164
Porphyromonas,Unclassified Bacteria,-0.6864782276546981,7.37835435820987e-06,0.00031612269239306493
Porphyromonas,Unclassified Clostridia,-0.626890756302521,7.276531302864502e-05,0.0016057701281914545
Porphyromonas,Unclassified Clostridiales_bacterium_oral_taxon_075,0.6051948051948052,0.00014952666432833513,0.0026015641463985615
Porphyromonas,Unclassified Microscillaceae,-0.6195569136745607,9.338027059500622e-05,0.0018947705815277626
Porphyromonas,Unclassified Vicinamibacteraceae,-0.6042780748663101,0.00015397023973646505,0.002655221882607649
Porphyromonas,Veillonella,0.7485103132161955,3.5748329479480387e-07,4.0669798528208854e-05
Porphyromonas,[Eubacterium]_brachy_group,0.6730328495034378,1.2934882108039054e-05,0.0004758899483265357
Porphyromonas,[Eubacterium]_nodatum_group,0.8304048892284185,1.237281782106461e-09,5.17802425811554e-07
Porphyromonas,[Eubacterium]_saphenum_group,0.6229182582123758,8.33571127931356e-05,0.0017679251542261772
Porphyromonas,[Eubacterium]_yurii_group,0.7686783804430863,1.1005551055220718e-07,1.708119831325515e-05
Prevotella,Prevotella_7,0.8814362108479753,5.919011477792157e-12,8.669872062096063e-09
Prevotella,RB41,-0.6617265087853322,2.0294869415176865e-05,0.000672744780217942
Prevotella,Selenomonas,0.8618792971734147,5.882605292754935e-11,5.30248990926941e-08
Prevotella,Streptococcus,0.6959511077158135,4.8795736726179885e-06,0.00023530388599068966
Prevotella,TM7a,0.6598930481283422,2.179424208747619e-05,0.0007074374758477729
Prevotella,Tannerella,0.7769289533995416,6.566971904074856e-08,1.1571695755180326e-05
Prevotella,Treponema,0.7833460656990069,4.328465019439309e-08,8.247309446795093e-06
Prevotella,Unclassified Bacteria,-0.762261268143621,1.621066180030915e-07,2.248006331077191e-05
Prevotella,Unclassified Candidatus_Saccharibacteria_bacterium_UB2523,0.710007639419404,2.5648088904834054e-06,0.00014989740936999772
Prevotella,Unclassified Clostridiales_bacterium_oral_taxon_075,0.6962566844919785,4.813670052416203e-06,0.00023308506476947546
Prevotella,Unclassified Microscillaceae,-0.6226126814362108,8.42265783099693e-05,0.0017751205838780941
Prevotella,Unclassified Muribaculaceae,-0.6687547746371274,1.5372919904885316e-05,0.0005409605869232617
Prevotella,Unclassified Saccharimonadaceae,0.733842627960275,7.877289650857886e-07,6.837487416944644e-05
Prevotella,Unclassified Subgroup_7,-0.6916730328495033,5.892665837161392e-06,0.00026815634283439686
Prevotella,Unclassified Vicinamibacterales,-0.6391138273491214,4.732930937276354e-05,0.0012122510321968154
Prevotella,Veillonella,0.816653934300993,3.8766971886577516e-09,1.3167286277301892e-06
Prevotella,[Eubacterium]_nodatum_group,0.6577540106951871,2.3669753885712358e-05,0.000746600743022281
Prevotella,[Eubacterium]_saphenum_group,0.6739495798319326,1.2460468138229143e-05,0.0004627948197900763
Prevotella,[Eubacterium]_yurii_group,0.6314744079449961,6.205973882873681e-05,0.001441458909009193
Prevotella_7,RB41,-0.6030557677616502,0.00016007881040489436,0.002722501451849858
Prevotella_7,Selenomonas,0.8114591291061878,5.824343185622028e-09,1.8698535191539429e-06
Prevotella_7,Streptococcus,0.6161955691367456,0.00010447297359153543,0.0020437634466537766
Prevotella_7,TM7a,0.6971734148204737,4.620791743781083e-06,0.00022750604056145688
Prevotella_7,Tannerella,0.7396485867074102,5.797768091021869e-07,5.478890846015667e-05
Prevotella_7,Treponema,0.7992360580595874,1.4478314557771101e-08,3.6485352685583174e-06
Prevotella_7,Unclassified 67_14,-0.6186401833460657,9.629544857816065e-05,0.0019255803181550963
Prevotella_7,Unclassified Bacteria,-0.6058059587471352,0.00014662843404692936,0.0025682989389565294
Prevotella_7,Unclassified Candidatus_Saccharibacteria_bacterium_UB2523,0.7038961038961039,3.4076952456146474e-06,0.00018359251902580432
Prevotella_7,Unclassified Chloroflexi,-0.6055003819709701,0.00014807119925890546,0.002581991537077164
Prevotella_7,Unclassified Clostridiales_bacterium_feline_oral_taxon_148,0.6207792207792208,8.961671893298501e-05,0.001848818155733659
Prevotella_7,Unclassified Clostridiales_bacterium_oral_taxon_075,0.6137509549274255,0.00011326846347089258,0.0021564254345278946
Prevotella_7,Unclassified Microscillaceae,-0.6174178762414056,0.00010030942127499475,0.001988876139594566
Prevotella_7,Unclassified Saccharimonadaceae,0.706951871657754,2.958992297770503e-06,0.0001643292499776055
Prevotella_7,Unclassified Subgroup_7,-0.6192513368983957,9.434306629372714e-05,0.001902774614165051
Prevotella_7,Veillonella,0.7772345301757065,6.439901607747401e-08,1.152103313581436e-05
Prevotella_7,[Eubacterium]_nodatum_group,0.6482811306340718,3.385707415796709e-05,0.0009434891676172613
Prevotella_9,Unclassified Isosphaeraceae,0.7530939648586708,2.762051204145522e-07,3.371428751060128e-05
Pseudarthrobacter,Unclassified 67_14,0.7207028265851794,1.5326044665588773e-06,0.00010753927628225703
Pseudarthrobacter,Unclassified IMCC26256,0.6702826585179525,1.445810045909662e-05,0.0005141730536561281
Pseudarthrobacter,Unclassified Sandaracinaceae,0.6232238349885408,8.24957227475646e-05,0.0017544190184318727
Pseudolabrys,Unclassified Chitinophagaceae,0.6012223071046601,0.00016964876717136287,0.0028217803459390065
Pseudopropionibacterium,Rothia,0.6311688311688312,6.272662765966641e-05,0.001449764542240574
Pseudopropionibacterium,Streptococcus,0.6415584415584416,4.333097227932698e-05,0.0011308515215348632
Pseudopropionibacterium,Unclassified Bacteria,-0.602750190985485,0.00016163944843784248,0.0027391049266733743
Pseudopropionibacterium,Unclassified Clostridiales_bacterium_oral_taxon_075,0.7139801375095494,2.12402297307065e-06,0.0001323898999917121
RB41,Staphylococcus,0.6198624904507257,9.242630916496647e-05,0.0018884943169922878
RB41,Tannerella,-0.6440030557677616,3.963989303843942e-05,0.001056883428041941
RB41,Treponema,-0.6614209320091673,2.0538089990838144e-05,0.000677930531021525
RB41,Unclassified Anaerolineaceae,0.6504201680672268,3.126161046714085e-05,0.0009011649482262153
RB41,Unclassified Candidatus_Saccharibacteria_bacterium_UB2523,-0.6122230710466005,0.00011909742721233655,0.002227587632999457
RB41,Unclassified Chloroflexi,0.6018334606569901,0.00016640339615424805,0.0027855928516221126
RB41,Unclassified Clostridia,0.6207792207792208,8.961671893298501e-05,0.001848818155733659
RB41,Unclassified Clostridiales_bacterium_feline_oral_taxon_148,-0.6073338426279602,0.0001396017273211538,0.0024804443377547843
RB41,Unclassified Clostridiales_bacterium_oral_taxon_075,-0.6669213139801374,1.6539787835775546e-05,0.0005708784502492425
RB41,Unclassified Subgroup_7,0.9003819709702061,4.202144995248469e-13,1.0942385567627012e-09
RB41,Unclassified Vicinamibacteraceae,0.788846447669977,2.994127829056382e-08,6.155296473839067e-06
RB41,[Eubacterium]_brachy_group,-0.6091673032849503,0.00013156886598695964,0.0023755377066798046
RB41,[Eubacterium]_yurii_group,-0.6461420932009166,3.664562269739348e-05,0.0009974759739095397
Rikenellaceae_RC9_gut_group,[Eubacterium]_nodatum_group,0.6070282658517953,0.00014098243806289892,0.002501184268313474
Roseburia,[Eubacterium]_nodatum_group,0.6110007639419404,0.00012395275866546715,0.002283771110128843
Rothia,Stomatobaculum,0.6351413292589763,5.454030310328969e-05,0.0013259403978513455
Rothia,Streptococcus,0.7335370511841101,8.003656628604627e-07,6.896091792205075e-05
Rothia,Tannerella,0.6100840336134453,0.0001277099287637544,0.002332821426739944
Rothia,Unclassified Bacteria,-0.6323911382734911,6.0097197303224476e-05,0.0014098477637621311
Rothia,Unclassified Muribaculaceae,-0.6935064935064935,5.437120271696004e-06,0.0002538333679033218
Rothia,Veillonella,0.6418640183346065,4.285322953377283e-05,0.0011208797849927457
Ruminococcus,Unclassified Cyanobacteriales,0.7072574484339189,2.9172251415468574e-06,0.00016278116289831465
Ruminococcus,Unclassified Gammaproteobacteria,0.6161955691367456,0.00010447297359153543,0.0020437634466537766
Selenomonas,Stomatobaculum,0.6067226890756302,0.00014237536913549396,0.0025182710574033484
Selenomonas,Streptococcus,0.6207792207792208,8.961671893298501e-05,0.001848818155733659
Selenomonas,TM7a,0.6091673032849503,0.00013156886598695964,0.0023755377066798046
Selenomonas,TM7x,0.7023682200152789,3.6545557662433652e-06,0.00019290128139117006
Selenomonas,Tannerella,0.8380443086325438,6.273013416478633e-10,3.0627988005956923e-07
Selenomonas,Treponema,0.7472880061115355,3.8258635072735215e-07,4.209527566031091e-05
Selenomonas,Unclassified Bacteria,-0.6962566844919785,4.813670052416203e-06,0.00023308506476947546
Selenomonas,Unclassified Candidatus_Saccharibacteria_bacterium_UB2523,0.8227654698242933,2.3618661229351523e-09,8.648858508923161e-07
Selenomonas,Unclassified Clostridiales_bacterium_oral_taxon_075,0.6718105423987777,1.359291800982948e-05,0.0004938970953152925
Selenomonas,Unclassified JG30_KF_CM45,-0.6773109243697478,1.0852905939074012e-05,0.0004232091573845899
Selenomonas,Unclassified Saccharimonadaceae,0.7931245225362872,2.2309719412161506e-08,5.0274094629174715e-06
Selenomonas,Unclassified Subgroup_7,-0.6201680672268907,9.148111060248103e-05,0.001875722929203627
Selenomonas,Veillonella,0.7919022154316271,2.428301332836132e-08,5.173606366940689e-06
Selenomonas,[Eubacterium]_saphenum_group,0.6256684491978609,7.588747941459248e-05,0.001646758303296657
Solobacterium,Veillonella,0.6128342245989304,0.00011673431846319657,0.0021938937349667
Sphingobium,Unclassified JG30_KF_CM45,0.6427807486631015,4.1448374878273565e-05,0.0010926705440351173
Sphingobium,Unclassified Steroidobacteraceae,0.7812070282658518,4.9813276982588784e-08,9.265269518761515e-06
Staphylococcus,Unclassified Absconditabacteriales__SR1,-0.6299465240641711,6.545918144120375e-05,0.001492316513867754
Staphylococcus,Unclassified Muribaculaceae,0.7029793735676089,3.5539198238428948e-06,0.00018843815608955223
Staphylococcus,[Eubacterium]_yurii_group,-0.6681436210847975,1.5753308070742107e-05,0.0005485802792658426
Stenotrophomonas,Unclassified A4b,0.6165011459129106,0.0001034177979359502,0.0020298990891347815
Stenotrophomonas,Unclassified Oscillospiraceae,0.6366692131398013,5.1657337297424044e-05,0.001282459064515286
Streptococcus,Tannerella,0.626585179526356,7.353482563520818e-05,0.0016151473042050038
Streptococcus,Unclassified Bacteria,-0.7170359052711993,1.8333000197166374e-06,0.00012001457894435507
Streptococcus,Unclassified Clostridiales_bacterium_oral_taxon_075,0.6928953399541634,5.585276878998512e-06,0.0002576703719216715
Streptococcus,Unclassified Muribaculaceae,-0.7179526355996945,1.7534583470239027e-06,0.0001184266565442426
Streptococcus,Unclassified Vicinamibacterales,-0.6357524828113063,5.337016345207501e-05,0.0013110934493321068
Streptomyces,Unclassified Gammaproteobacteria,0.6262796027501909,7.431165003586769e-05,0.001626113753726046
Streptomyces,Unclassified Isosphaeraceae,0.6207792207792208,8.961671893298501e-05,0.001848818155733659
TM7a,Tannerella,0.6226126814362108,8.42265783099693e-05,0.0017751205838780941
TM7a,Unclassified Microscillaceae,-0.601527883880825,0.0001680190708834482,0.0028046260293621735
TM7a,Veillonella,0.6510313216195569,3.0553823772202155e-05,0.000884023967809049
TM7x,Tannerella,0.7020626432391137,3.705841469944373e-06,0.00019429552726983517
TM7x,Unclassified Candidatus_Saccharibacteria_bacterium_UB2523,0.6073338426279602,0.0001396017273211538,0.0024804443377547843
TM7x,Unclassified Saccharimonadaceae,0.7705118411000763,9.830502457922495e-08,1.6111024867403606e-05
Tannerella,Treponema,0.8050420168067226,9.469210738453087e-09,2.6108285043104296e-06
Tannerella,Unclassified 67_14,-0.6320855614973262,6.074507758872192e-05,0.001417949839013234
Tannerella,Unclassified Candidatus_Saccharibacteria_bacterium_UB2523,0.7277310924369748,1.0786146607468005e-06,8.315267496467769e-05
Tannerella,Unclassified Chloroflexi,-0.7118411000763941,2.3519310036970634e-06,0.00013989810914376746
Tannerella,Unclassified Clostridia,-0.709396485867074,2.639582785265093e-06,0.0001519932731092696
Tannerella,Unclassified Clostridiales_bacterium_oral_taxon_075,0.6925897631779985,5.660724475597379e-06,0.00026063799373300623
Tannerella,Unclassified JG30_KF_CM45,-0.625974025974026,7.509584742014278e-05,0.0016341191087636642
Tannerella,Unclassified Microscillaceae,-0.7005347593582887,3.972247055694802e-06,0.00020415259209926177
Tannerella,Unclassified Muribaculaceae,-0.6828113063407182,8.623945705901322e-06,0.00035582885838644963
Tannerella,Unclassified Saccharimonadaceae,0.7017570664629488,3.7577822194166295e-06,0.0001965789823532324
Tannerella,Unclassified Sandaracinaceae,-0.6137509549274255,0.00011326846347089258,0.0021564254345278946
Tannerella,Unclassified Subgroup_7,-0.703590527119939,3.4558157894522877e-06,0.00018490981470685802
Tannerella,Veillonella,0.6275019098548509,7.124798060989833e-05,0.001578230315286935
Tannerella,[Eubacterium]_brachy_group,0.7057295645530939,3.131571644540857e-06,0.00017147549780714843
Tannerella,[Eubacterium]_nodatum_group,0.6293353705118411,6.686523626905405e-05,0.0015155258000014997
Tannerella,[Eubacterium]_saphenum_group,0.6192513368983957,9.434306629372714e-05,0.001902774614165051
Treponema,Unclassified Anaerolineaceae,-0.625974025974026,7.509584742014278e-05,0.0016341191087636642
Treponema,Unclassified Bacteria,-0.6458365164247517,3.706047695994876e-05,0.0010017870104190993
Treponema,Unclassified Candidatus_Saccharibacteria_bacterium_UB2523,0.708479755538579,2.7554776807002837e-06,0.00015636168262685678
Treponema,Unclassified JG30_KF_CM45,-0.7008403361344537,3.917610241820393e-06,0.00020267795502715833
Treponema,Unclassified Microscillaceae,-0.680977845683728,9.315810963543554e-06,0.000376423009899322
Treponema,Unclassified Saccharimonadaceae,0.6491978609625667,3.272180210245451e-05,0.0009250520555767478
Treponema,Unclassified Subgroup_7,-0.6950343773873185,5.0822440693184834e-06,0.00024159730630537115
Treponema,Unclassified Vicinamibacteraceae,-0.6064171122994653,0.00014378061520000727,0.0025373813989663934
Treponema,[Eubacterium]_brachy_group,0.788235294117647,3.1209446268298144e-08,6.30538433399858e-06
Treponema,[Eubacterium]_nodatum_group,0.8444614209320092,3.4491530242298426e-10,1.879868611066293e-07
Treponema,[Eubacterium]_saphenum_group,0.7127578304048893,2.251655256023253e-06,0.00013565499377933408
Treponema,[Eubacterium]_yurii_group,0.7020626432391137,3.705841469944373e-06,0.00019429552726983517
Unclassified 67_14,Unclassified Chloroflexi,0.7173414820473644,1.8063246233108635e-06,0.00011992358037369233
Unclassified 67_14,Unclassified Clostridiales_bacterium_feline_oral_taxon_148,-0.6443086325439266,3.9199047015047395e-05,0.001047512959914083
Unclassified 67_14,Unclassified IMCC26256,0.6360580595874713,5.2793619125566096e-05,0.0013010213016054332
Unclassified 67_14,Unclassified Muribaculaceae,0.6045836516424751,0.00015247608582534308,0.0026411157039192465
Unclassified 67_14,Unclassified Sandaracinaceae,0.6724216959511078,1.3260198181724019e-05,0.0004855718821670064
Unclassified A4b,Unclassified Actinobacteriota,0.6116119174942705,0.00012150334754618345,0.002247476284997913
Unclassified Actinobacteria,Unclassified SAR202_clade,0.7194805194805193,1.627416465600766e-06,0.0001118478952721981
Unclassified Actinobacteriota,Unclassified Alphaproteobacteria,0.6360580595874713,5.2793619125566096e-05,0.0013010213016054332
Unclassified Actinobacteriota,Veillonella,-0.6116119174942705,0.00012150334754618345,0.002247476284997913
Unclassified Anaerolineaceae,Unclassified Candidatus_Saccharibacteria_bacterium_UB2523,-0.6449197860962566,3.833060456939586e-05,0.0010278215660049902
Unclassified Anaerolineaceae,Unclassified Subgroup_7,0.6366692131398013,5.1657337297424044e-05,0.001282459064515286
Unclassified Anaerolineaceae,Unclassified Vicinamibacteraceae,0.7836516424751718,4.241919568737313e-08,8.148657951879317e-06
Unclassified Bacilli,Unclassified Isosphaeraceae,-0.6039724980901451,0.00015547748847862005,0.0026792429558712793
Unclassified Bacteria,Unclassified Clostridiales_bacterium_oral_taxon_075,-0.6846447669977082,7.979086879142058e-06,0.00033512164892396645
Unclassified Bacteria,Veillonella,-0.7320091673032849,8.663782904975509e-07,7.277577640179426e-05
Unclassified Bacteroidales,Unclassified Clostridia,0.6620320855614973,2.005425950513377e-05,0.0006666547883153404
Unclassified Bacteroidales,Unclassified Microscillaceae,0.6406417112299465,4.4793166657294325e-05,0.001161252935597732
Unclassified Candidatus_Saccharibacteria_bacterium_UB2523,Unclassified Saccharimonadaceae,0.7524828113063406,2.8596096766843337e-07,3.4368108914243096e-05
Unclassified Candidatus_Saccharibacteria_bacterium_UB2523,Unclassified Subgroup_7,-0.6189457601222307,9.531476815699562e-05,0.001915777792905102
Unclassified Candidatus_Saccharibacteria_bacterium_UB2523,Unclassified Vicinamibacteraceae,-0.6067226890756302,0.00014237536913549396,0.0025182710574033484
Unclassified Candidatus_Saccharibacteria_bacterium_UB2523,Veillonella,0.6192513368983957,9.434306629372714e-05,0.001902774614165051
Unclassified Chitinophagaceae,Unclassified Sandaracinaceae,0.6385026737967914,4.8379501438486184e-05,0.0012257535088782295
Unclassified Chloroflexi,Unclassified Clostridiales_bacterium_feline_oral_taxon_148,-0.6620320855614973,2.005425950513377e-05,0.0006666547883153404
Unclassified Chloroflexi,Unclassified Muribaculaceae,0.6739495798319326,1.2460468138229143e-05,0.0004627948197900763
Unclassified Chloroflexi,Unclassified Subgroup_7,0.6323911382734911,6.0097197303224476e-05,0.0014098477637621311
Unclassified Clostridia,Unclassified JG30_KF_CM45,0.6128342245989304,0.00011673431846319657,0.0021938937349667
Unclassified Clostridia,Unclassified Longimicrobiaceae,0.7417876241405653,5.168214903303632e-07,5.046761853075996e-05
Unclassified Clostridia,Unclassified Microscillaceae,0.73598166539343,7.042603955731556e-07,6.275683129525656e-05
Unclassified Clostridia,Unclassified Muribaculaceae,0.6174178762414056,0.00010030942127499475,0.001988876139594566
Unclassified Clostridia,Unclassified Oscillospiraceae,0.7478991596638656,3.698395450075983e-07,4.1274093222847964e-05
Unclassified Clostridia,Unclassified Subgroup_7,0.6702826585179525,1.445810045909662e-05,0.0005141730536561281
Unclassified Clostridia,Unclassified Woesearchaeales,0.654698242933537,2.6602740740843288e-05,0.0007993100410287221
Unclassified Clostridia,[Eubacterium]_brachy_group,-0.7020626432391137,3.705841469944373e-06,0.00019429552726983517
Unclassified Clostridia,[Eubacterium]_yurii_group,-0.6094728800611153,0.00013027109837796528,0.0023630289950355996
Unclassified Clostridia_vadinBB60_group,Unclassified Gammaproteobacteria,0.6256684491978609,7.588747941459248e-05,0.001646758303296657
Unclassified Clostridia_vadinBB60_group,Unclassified Oscillospiraceae,0.6003055767761649,0.0001746230517591202,0.002871905853352099
Unclassified Clostridiales_bacterium_feline_oral_taxon_148,Unclassified Clostridiales_bacterium_oral_taxon_075,0.6883116883116883,6.819023908004059e-06,0.00029704580726390916
Unclassified Clostridiales_bacterium_oral_taxon_075,Unclassified Muribaculaceae,-0.6403361344537815,4.529036341406237e-05,0.001172845256322614
Unclassified Clostridiales_bacterium_oral_taxon_075,Unclassified Saccharimonadaceae,0.6721161191749426,1.3425623307797326e-05,0.0004885759438533201
Unclassified Clostridiales_bacterium_oral_taxon_075,Unclassified Subgroup_7,-0.6916730328495033,5.892665837161392e-06,0.00026815634283439686
Unclassified Clostridiales_bacterium_oral_taxon_075,Veillonella,0.6326967150496561,5.9455545976605024e-05,0.001401811041758265
Unclassified Cyanobacteriales,Unclassified Gammaproteobacteria,0.6760886172650877,1.1414285591788353e-05,0.0004399756531729471
Unclassified Cyanobacteriales,Unclassified Longimicrobiaceae,0.6342245989304813,5.633888355594127e-05,0.0013597920443017915
Unclassified Cyanobacteriales,Unclassified Roseiflexaceae,0.6305576776165011,6.407979439953503e-05,0.0014708854667458402
Unclassified Cyanobacteriales,Unclassified Subgroup_17,0.7072574484339189,2.9172251415468574e-06,0.00016278116289831465
Unclassified F082,Unclassified Gammaproteobacteria,0.6186401833460657,9.629544857816065e-05,0.0019255803181550963
Unclassified Gammaproteobacteria,Unclassified Oscillospiraceae,0.6892284186401832,6.554073981341602e-06,0.00029036158379342495
Unclassified Gemmatimonadaceae,Unclassified Muribaculaceae,0.6030557677616502,0.00016007881040489436,0.002722501451849858
Unclassified Gemmatimonadaceae,Unclassified Vicinamibacterales,0.7375095492742552,6.49687132464262e-07,5.924539936355036e-05
Unclassified Gemmatimonadaceae,Veillonella,-0.6235294117647058,8.164234203629389e-05,0.0017410099435510313
Unclassified IMCC26256,Unclassified Pedosphaeraceae,0.6687547746371274,1.5372919904885316e-05,0.0005409605869232617
Unclassified JG30_KF_CM45,Unclassified Longimicrobiaceae,0.6369747899159663,5.109750321061079e-05,0.0012726047664653288
Unclassified JG30_KF_CM45,Unclassified Saccharimonadaceae,-0.6397249809014514,4.6299716176379084e-05,0.0011937075338939716
Unclassified JG30_KF_CM45,Unclassified Subgroup_17,0.6088617265087853,0.00013287820836423844,0.0023863093419343234
Unclassified JG30_KF_CM45,Unclassified Subgroup_7,0.6363636363636364,5.222269323148376e-05,0.0012937537405634815
Unclassified JG30_KF_CM45,[Eubacterium]_brachy_group,-0.6360580595874713,5.2793619125566096e-05,0.0013010213016054332
Unclassified JG30_KF_CM45,[Eubacterium]_nodatum_group,-0.6348357524828112,5.513399719070582e-05,0.00133898482711024
Unclassified JG30_KF_CM45,[Eubacterium]_saphenum_group,-0.6216959511077158,8.688409605244977e-05,0.0018148089795768387
Unclassified Longimicrobiaceae,Unclassified Woesearchaeales,0.6766997708174178,1.1130383715179089e-05,0.00043115978966766467
Unclassified Microscillaceae,Unclassified Oscillospiraceae,0.6207792207792208,8.961671893298501e-05,0.001848818155733659
Unclassified Microscillaceae,Unclassified Subgroup_2,0.6088617265087853,0.00013287820836423844,0.0023863093419343234
Unclassified Microscillaceae,Unclassified Subgroup_7,0.6617265087853322,2.0294869415176865e-05,0.000672744780217942
Unclassified Microscillaceae,[Eubacterium]_brachy_group,-0.6391138273491214,4.732930937276354e-05,0.0012122510321968154
Unclassified Microscillaceae,[Eubacterium]_nodatum_group,-0.6763941940412529,1.1271523408286447e-05,0.00043518850510148465
Unclassified Muribaculaceae,Unclassified Vicinamibacterales,0.6950343773873185,5.0822440693184834e-06,0.00024159730630537115
Unclassified Pedosphaeraceae,Unclassified Rokubacteriales,0.6745607333842627,1.2153021857896002e-05,0.0004586444770719013
Unclassified Rokubacteriales,Unclassified Roseiflexaceae,0.7420932009167303,5.08358064799924e-07,5.026953420527857e-05
Unclassified Rokubacteriales,Unclassified Subgroup_7,0.6467532467532467,3.582846814609556e-05,0.0009797852735961442
Unclassified Rokubacteriales,Unclassified Vicinamibacteraceae,0.6045836516424751,0.00015247608582534308,0.0026411157039192465
Unclassified Saccharimonadaceae,Unclassified Subgroup_7,-0.6152788388082505,0.00010769672882477876,0.002085934327882244
Unclassified Sandaracinaceae,[Eubacterium]_brachy_group,-0.6473644003055767,3.502780233000207e-05,0.000964643449360668
Unclassified Subgroup_7,Unclassified Vicinamibacteraceae,0.6965622612681436,4.748577830635623e-06,0.00023281939338656163
Unclassified Vicinamibacteraceae,[Eubacterium]_yurii_group,-0.6702826585179525,1.445810045909662e-05,0.0005141730536561281
[Eubacterium]_brachy_group,[Eubacterium]_nodatum_group,0.6641711229946523,1.8441016038181798e-05,0.000621846981109106
[Eubacterium]_brachy_group,[Eubacterium]_yurii_group,0.6137509549274255,0.00011326846347089258,0.0021564254345278946
[Eubacterium]_nodatum_group,[Eubacterium]_saphenum_group,0.6333078686019862,5.8190718740665315e-05,0.0013915894738839103
[Eubacterium]_nodatum_group,[Eubacterium]_yurii_group,0.6354469060351413,5.395237504523555e-05,0.0013157417914257444
[Eubacterium]_saphenum_group,[Eubacterium]_yurii_group,0.6073338426279602,0.0001396017273211538,0.0024804443377547843
